amount,failure_type,payment_method,customer_history,retry_number,time_since_failure_hours,card_issuer,is_recoverable
18789.55,soft_decline,upi,medium,1,53,None,0
47540.64,soft_decline,card,medium,1,66,ICICI,1
36626.5,soft_decline,card,bad,3,20,SBI,0
29973.06,timeout,upi,good,1,4,None,0
7885.33,hard_decline,card,medium,3,57,HDFC,0
7884.13,timeout,upi,bad,2,3,None,1
2998.37,soft_decline,netbanking,bad,3,18,None,1
43322.19,timeout,card,medium,2,54,ICICI,1
30095.64,timeout,upi,medium,2,60,None,1
35432.82,timeout,card,medium,2,71,ICICI,1
1127.17,timeout,card,medium,1,23,Axis,1
48498.5,timeout,card,bad,1,67,SBI,0
41638.89,duplicate,card,bad,3,18,HDFC,0
10695.72,soft_decline,card,bad,2,23,None,0
9173.07,hard_decline,card,medium,3,53,SBI,0
9251.89,soft_decline,netbanking,bad,2,20,SBI,0
15281.69,soft_decline,upi,good,2,71,None,0
26285.35,soft_decline,netbanking,good,3,18,ICICI,0
21654.06,soft_decline,upi,medium,3,52,Axis,1
14632.33,soft_decline,card,good,3,49,None,0
30631.46,soft_decline,card,bad,3,22,ICICI,0
7060.74,soft_decline,card,medium,1,36,None,1
14678.02,duplicate,card,medium,2,27,SBI,0
18381.46,soft_decline,upi,medium,2,70,HDFC,0
22857.89,timeout,upi,bad,1,20,HDFC,1
39280.28,soft_decline,card,medium,2,20,None,1
10063.72,duplicate,card,good,1,40,ICICI,0
25760.3,timeout,card,bad,2,34,None,1
29661.49,timeout,card,medium,1,0,HDFC,0
2417.88,timeout,card,good,1,66,Axis,1
30416.49,soft_decline,upi,medium,2,69,HDFC,1
8609.15,duplicate,card,good,2,3,None,0
3346.07,timeout,upi,bad,2,0,None,0
47449.39,timeout,card,medium,3,20,None,0
48285.04,timeout,card,bad,2,51,Axis,0
40439.03,soft_decline,netbanking,medium,2,52,HDFC,1
15300.23,timeout,upi,bad,2,55,None,1
4973.84,soft_decline,card,good,3,65,ICICI,0
34243.23,hard_decline,netbanking,good,2,66,None,0
22063.61,soft_decline,card,good,1,32,None,0
6189.71,duplicate,card,medium,1,22,HDFC,0
24809.33,soft_decline,upi,good,3,5,HDFC,1
1815.99,soft_decline,upi,medium,3,46,None,1
45475.09,hard_decline,card,medium,3,57,None,0
13013.12,timeout,card,medium,3,4,Axis,0
33159.86,timeout,netbanking,medium,3,8,None,0
15654.38,soft_decline,card,good,2,2,None,0
26051.39,soft_decline,card,bad,1,60,Axis,0
27380.84,timeout,upi,medium,1,63,Axis,1
9324.24,duplicate,netbanking,bad,2,45,Axis,0
48482.27,timeout,card,medium,3,55,HDFC,0
38779.13,hard_decline,upi,bad,2,38,SBI,0
46981.0,duplicate,upi,medium,3,12,Axis,0
44751.88,hard_decline,card,bad,1,40,Axis,0
29935.21,hard_decline,upi,good,1,10,ICICI,0
46101.52,hard_decline,netbanking,bad,3,40,None,0
4515.78,hard_decline,card,bad,2,46,None,0
9879.54,timeout,card,good,3,48,HDFC,1
2356.84,hard_decline,netbanking,medium,3,64,ICICI,0
16333.98,soft_decline,upi,bad,1,34,None,0
19495.0,soft_decline,card,medium,3,34,ICICI,0
13640.32,soft_decline,upi,good,2,66,Axis,1
41454.0,hard_decline,upi,medium,3,3,HDFC,0
17901.99,soft_decline,upi,good,1,23,ICICI,1
14118.63,soft_decline,netbanking,bad,2,35,None,0
27180.53,timeout,card,good,2,55,SBI,1
7132.12,timeout,card,good,1,3,None,1
40129.63,timeout,upi,good,1,39,HDFC,1
3820.08,hard_decline,card,medium,3,42,Axis,0
49345.66,timeout,upi,bad,1,57,ICICI,1
38635.01,duplicate,card,good,1,61,None,0
10015.91,timeout,card,good,1,6,None,0
375.55,timeout,card,medium,1,8,Axis,0
40791.53,soft_decline,upi,bad,2,21,HDFC,1
35372.18,duplicate,upi,medium,2,3,SBI,0
36477.46,soft_decline,card,medium,2,35,SBI,1
38586.39,soft_decline,card,medium,1,69,None,0
3794.83,hard_decline,card,good,3,66,SBI,0
17987.44,soft_decline,upi,medium,3,34,ICICI,0
5881.87,duplicate,card,medium,3,32,Axis,0
43168.86,hard_decline,upi,bad,3,6,Axis,0
31202.58,hard_decline,upi,bad,2,54,None,0
16611.81,timeout,card,bad,3,46,None,1
3271.56,hard_decline,upi,medium,2,61,None,1
15618.02,soft_decline,card,medium,3,66,Axis,1
16326.65,timeout,upi,good,3,63,SBI,1
36507.35,timeout,card,bad,2,42,None,1
31914.12,hard_decline,card,medium,2,17,ICICI,0
44371.92,timeout,upi,bad,3,2,None,0
23663.52,soft_decline,card,good,1,58,SBI,1
6067.75,soft_decline,upi,bad,3,61,HDFC,0
35690.91,soft_decline,upi,medium,3,38,None,1
38063.17,soft_decline,upi,good,3,63,Axis,0
28107.73,timeout,card,medium,2,59,HDFC,1
38571.26,timeout,upi,bad,3,41,SBI,0
24740.4,soft_decline,upi,bad,1,4,SBI,0
26184.37,hard_decline,card,bad,3,45,Axis,0
21434.3,timeout,upi,good,1,3,Axis,0
1368.41,soft_decline,netbanking,bad,1,13,HDFC,0
5483.78,soft_decline,card,medium,1,10,HDFC,0
1668.32,duplicate,netbanking,medium,3,59,None,0
31856.88,timeout,card,good,2,21,None,1
15786.36,duplicate,card,good,2,4,None,0
25477.68,soft_decline,card,good,3,52,SBI,0
45387.57,timeout,upi,bad,3,11,SBI,0
12539.68,soft_decline,card,good,1,20,None,1
20578.11,soft_decline,netbanking,good,3,23,SBI,0
37802.0,hard_decline,netbanking,medium,2,12,ICICI,0
11517.03,soft_decline,upi,medium,3,25,Axis,1
3941.3,soft_decline,card,good,3,39,SBI,1
14558.6,soft_decline,netbanking,good,3,25,None,1
8144.94,soft_decline,netbanking,good,1,44,None,1
46491.91,timeout,card,medium,3,29,None,0
40425.21,hard_decline,upi,good,3,63,HDFC,0
31706.85,soft_decline,upi,medium,3,37,SBI,1
43585.88,soft_decline,upi,good,2,17,None,1
40203.24,soft_decline,card,good,1,8,SBI,1
9409.85,timeout,card,medium,1,55,Axis,0
44638.69,soft_decline,card,good,2,37,None,0
27013.18,timeout,card,good,1,20,SBI,1
40391.26,soft_decline,upi,medium,2,70,SBI,1
44814.96,soft_decline,netbanking,medium,1,11,HDFC,1
15968.37,timeout,netbanking,bad,1,35,None,1
5591.59,timeout,upi,good,1,10,None,1
11473.96,soft_decline,upi,bad,3,66,None,0
21412.68,timeout,card,bad,1,26,ICICI,0
40918.94,hard_decline,upi,bad,3,62,Axis,1
43050.46,timeout,card,medium,3,70,HDFC,0
446.91,timeout,card,bad,3,65,ICICI,1
25586.29,timeout,upi,good,2,66,SBI,1
20928.81,duplicate,card,good,1,64,HDFC,0
11183.18,soft_decline,card,good,1,33,HDFC,1
6081.28,timeout,netbanking,bad,1,33,None,1
16947.0,hard_decline,card,medium,3,63,None,1
47151.19,soft_decline,card,bad,1,16,ICICI,0
16227.83,soft_decline,card,good,3,50,HDFC,1
25987.65,soft_decline,card,bad,3,55,None,1
35180.65,timeout,card,bad,3,47,None,1
18245.12,hard_decline,upi,bad,3,61,Axis,0
48591.93,hard_decline,card,medium,1,55,ICICI,0
48126.12,soft_decline,netbanking,bad,3,10,HDFC,0
12663.94,hard_decline,card,bad,2,19,None,0
24912.7,duplicate,card,medium,2,67,None,0
15113.83,soft_decline,upi,medium,2,33,None,0
14313.54,timeout,upi,bad,3,41,None,1
1940.66,timeout,upi,medium,1,40,HDFC,0
30517.26,timeout,netbanking,bad,1,61,HDFC,1
25183.68,hard_decline,card,good,3,16,HDFC,0
2668.79,timeout,card,medium,3,11,ICICI,1
14004.46,soft_decline,netbanking,good,3,67,None,1
45422.47,timeout,card,good,2,40,None,1
12054.14,soft_decline,card,good,3,13,ICICI,1
7330.25,soft_decline,card,bad,3,3,SBI,0
24523.69,soft_decline,upi,good,1,13,SBI,1
49283.96,timeout,card,bad,1,8,HDFC,1
12178.56,hard_decline,card,bad,2,42,None,1
33639.56,soft_decline,card,medium,2,19,SBI,1
38104.82,soft_decline,upi,good,2,0,Axis,0
11958.11,duplicate,card,good,2,71,ICICI,0
36438.0,timeout,card,medium,3,16,Axis,0
18452.38,hard_decline,upi,good,3,19,None,0
31652.06,timeout,netbanking,medium,2,58,ICICI,0
31713.13,hard_decline,upi,bad,2,12,HDFC,0
26835.16,soft_decline,upi,good,1,46,Axis,0
4605.46,duplicate,card,medium,1,49,Axis,0
41781.59,soft_decline,card,bad,1,39,ICICI,0
16106.93,hard_decline,card,bad,2,6,ICICI,0
9407.27,soft_decline,netbanking,bad,1,54,HDFC,0
2134.68,hard_decline,card,bad,2,50,None,0
29585.56,hard_decline,netbanking,medium,3,1,ICICI,0
33910.46,hard_decline,netbanking,bad,2,13,HDFC,0
927.73,soft_decline,card,bad,3,16,None,0
25653.44,hard_decline,card,medium,3,0,None,0
11402.14,soft_decline,card,medium,2,0,SBI,1
32294.12,soft_decline,card,medium,1,25,None,1
8800.88,soft_decline,card,medium,2,45,SBI,1
34577.79,timeout,netbanking,good,1,12,ICICI,1
19398.09,hard_decline,card,medium,3,33,SBI,0
46842.83,timeout,card,medium,3,61,SBI,1
6962.3,timeout,card,medium,3,50,HDFC,1
17119.21,timeout,netbanking,good,3,40,HDFC,1
5762.33,hard_decline,upi,bad,2,54,None,0
46242.21,soft_decline,netbanking,good,3,27,ICICI,0
43879.23,soft_decline,netbanking,good,1,60,ICICI,0
12971.29,timeout,card,medium,1,6,None,0
33033.2,hard_decline,card,medium,3,1,HDFC,0
40879.39,timeout,card,good,2,1,ICICI,1
27804.52,timeout,card,medium,3,27,None,0
26529.56,soft_decline,upi,bad,3,53,ICICI,0
12168.43,soft_decline,card,medium,1,57,Axis,1
4745.83,timeout,card,medium,2,46,None,0
44871.07,soft_decline,upi,good,2,60,ICICI,0
45030.86,soft_decline,upi,medium,1,39,ICICI,1
31691.76,timeout,upi,bad,1,17,SBI,1
17017.59,soft_decline,card,medium,1,13,None,1
17525.56,duplicate,netbanking,bad,2,24,Axis,0
36325.19,timeout,upi,medium,1,9,HDFC,1
44865.8,timeout,card,bad,1,47,ICICI,1
44365.61,soft_decline,upi,bad,1,47,ICICI,0
39015.79,soft_decline,netbanking,bad,3,60,None,0
32137.38,hard_decline,card,bad,2,52,ICICI,0
4298.58,soft_decline,card,medium,2,8,None,0
8165.27,soft_decline,card,bad,3,10,ICICI,1
44937.85,soft_decline,card,medium,2,26,HDFC,0
30360.81,soft_decline,netbanking,bad,1,58,SBI,0
558.93,soft_decline,card,good,3,57,ICICI,1
5163.43,timeout,upi,medium,1,12,Axis,0
33208.74,soft_decline,upi,bad,1,64,None,1
352.57,soft_decline,upi,good,1,10,None,1
8124.32,timeout,card,medium,1,56,ICICI,1
27481.82,duplicate,card,bad,2,66,HDFC,0
34625.57,soft_decline,card,good,3,65,None,0
32632.87,soft_decline,card,medium,3,23,None,0
11291.04,hard_decline,card,medium,1,48,ICICI,0
35637.74,duplicate,netbanking,medium,3,39,None,0
11938.73,timeout,card,good,3,69,None,0
16337.44,timeout,upi,good,1,1,ICICI,0
37349.92,soft_decline,card,good,1,53,None,1
32516.68,hard_decline,upi,good,2,14,ICICI,0
42476.25,soft_decline,netbanking,good,2,47,SBI,1
32914.88,timeout,card,bad,1,53,Axis,1
28458.6,timeout,netbanking,medium,2,45,HDFC,1
4774.37,duplicate,upi,bad,2,56,Axis,0
18449.02,soft_decline,netbanking,good,3,54,None,1
13333.6,soft_decline,upi,medium,1,59,HDFC,1
12275.08,hard_decline,card,medium,3,29,ICICI,0
48653.23,timeout,card,bad,3,27,Axis,1
19715.58,timeout,card,bad,1,51,None,0
44613.12,soft_decline,upi,bad,3,40,None,0
31593.82,soft_decline,netbanking,good,2,20,HDFC,1
39761.08,hard_decline,upi,bad,2,41,Axis,0
25181.59,soft_decline,card,medium,2,12,HDFC,1
28887.5,timeout,netbanking,bad,2,44,ICICI,1
24676.63,hard_decline,upi,medium,2,53,Axis,0
9842.63,timeout,card,medium,3,18,HDFC,1
36150.36,hard_decline,card,good,1,26,None,0
14110.54,timeout,card,medium,3,39,None,1
1313.37,soft_decline,netbanking,good,3,6,SBI,0
32309.07,timeout,netbanking,good,2,24,SBI,0
8937.82,soft_decline,card,good,2,48,None,1
47028.88,hard_decline,card,bad,3,35,HDFC,0
47701.04,soft_decline,upi,medium,3,70,HDFC,1
45751.73,hard_decline,netbanking,bad,1,23,ICICI,0
18570.92,soft_decline,upi,bad,1,60,ICICI,0
871.29,soft_decline,upi,bad,1,68,None,1
46423.1,duplicate,card,bad,1,51,HDFC,0
21466.39,soft_decline,upi,bad,1,35,ICICI,1
48336.08,timeout,card,good,2,50,None,1
48184.64,duplicate,netbanking,good,1,32,None,0
42665.17,soft_decline,card,medium,3,52,Axis,1
14793.0,timeout,netbanking,medium,2,37,ICICI,0
19316.38,soft_decline,card,good,3,43,HDFC,0
42571.72,soft_decline,netbanking,medium,2,4,None,1
15914.41,hard_decline,card,medium,2,30,ICICI,0
8557.69,duplicate,card,bad,1,8,None,0
27884.38,soft_decline,upi,medium,3,31,None,0
46814.12,hard_decline,card,medium,1,40,SBI,0
34831.89,hard_decline,netbanking,medium,3,4,None,0
28546.05,timeout,upi,medium,3,50,ICICI,0
4949.11,soft_decline,upi,bad,1,53,None,0
30788.86,timeout,netbanking,good,1,27,Axis,1
49503.69,timeout,netbanking,medium,2,42,HDFC,0
7090.19,timeout,upi,medium,2,11,None,1
25964.65,duplicate,netbanking,medium,2,68,None,0
43880.92,timeout,card,good,3,71,Axis,0
37064.35,soft_decline,card,good,1,16,None,0
34881.09,hard_decline,upi,good,2,7,None,0
35153.96,soft_decline,card,medium,1,17,None,1
18038.61,soft_decline,card,bad,2,9,SBI,0
14750.23,hard_decline,card,medium,2,38,None,0
40487.12,soft_decline,card,good,1,40,SBI,1
40524.66,hard_decline,netbanking,medium,2,43,SBI,1
43366.91,duplicate,upi,good,1,68,HDFC,0
45670.7,soft_decline,netbanking,bad,2,42,None,0
25615.99,duplicate,upi,medium,1,46,SBI,0
25125.66,hard_decline,card,bad,2,47,ICICI,0
39934.93,timeout,card,medium,2,18,ICICI,1
32533.2,timeout,card,bad,3,20,ICICI,1
35128.15,soft_decline,netbanking,good,1,2,HDFC,1
39810.05,hard_decline,card,good,2,55,SBI,0
44511.27,hard_decline,card,good,3,42,None,1
16965.96,soft_decline,netbanking,medium,1,0,HDFC,1
18841.59,duplicate,upi,medium,2,35,None,0
4789.7,timeout,card,medium,2,5,HDFC,0
28956.18,soft_decline,card,bad,2,45,None,0
1893.52,soft_decline,netbanking,good,1,22,None,0
23333.34,hard_decline,netbanking,medium,3,19,None,0
27177.97,soft_decline,card,bad,2,52,ICICI,1
14398.41,timeout,card,medium,3,37,None,0
29582.58,soft_decline,netbanking,bad,1,34,SBI,0
1621.96,hard_decline,upi,medium,1,33,HDFC,0
1963.67,soft_decline,netbanking,medium,2,49,ICICI,1
41147.77,soft_decline,upi,good,2,46,HDFC,0
18073.51,timeout,netbanking,bad,2,35,ICICI,1
6440.32,hard_decline,card,bad,3,15,None,1
26159.94,duplicate,card,bad,3,48,None,0
38522.68,timeout,upi,medium,2,64,HDFC,0
10869.47,soft_decline,upi,bad,1,62,ICICI,0
31182.23,soft_decline,netbanking,medium,1,51,HDFC,0
4358.84,timeout,card,medium,2,59,None,1
2678.92,duplicate,netbanking,bad,3,16,None,0
26614.6,timeout,card,good,1,66,HDFC,1
27077.69,soft_decline,upi,good,3,37,None,0
31907.75,duplicate,card,medium,2,28,ICICI,0
36331.96,soft_decline,upi,bad,3,30,ICICI,0
48795.02,timeout,upi,medium,3,58,HDFC,1
25863.39,duplicate,card,medium,3,53,HDFC,0
16215.53,soft_decline,card,bad,1,52,HDFC,0
39779.79,duplicate,upi,medium,3,25,SBI,0
13614.53,soft_decline,netbanking,good,3,12,Axis,0
22004.67,duplicate,card,medium,3,56,HDFC,0
4014.97,soft_decline,card,bad,2,18,ICICI,0
1365.0,duplicate,card,good,3,26,HDFC,0
48136.16,soft_decline,netbanking,medium,3,12,None,0
41815.41,timeout,card,good,1,51,HDFC,1
34829.11,hard_decline,card,medium,2,63,HDFC,0
20506.75,hard_decline,upi,good,3,57,HDFC,0
8747.39,soft_decline,upi,medium,1,18,HDFC,1
7906.21,timeout,card,medium,1,2,SBI,1
12587.12,soft_decline,netbanking,bad,3,66,HDFC,1
27506.41,hard_decline,upi,bad,1,25,ICICI,1
35758.34,soft_decline,upi,bad,1,5,None,1
33043.85,duplicate,card,medium,1,12,None,0
14068.7,soft_decline,netbanking,good,1,26,None,1
47747.78,soft_decline,card,good,3,9,None,1
36921.06,soft_decline,card,bad,3,15,Axis,0
27762.27,hard_decline,card,medium,1,22,None,0
30624.87,soft_decline,upi,bad,3,46,SBI,1
21038.04,hard_decline,upi,good,3,11,None,0
12461.78,timeout,upi,good,1,27,None,1
17863.04,timeout,card,medium,1,17,None,1
37916.52,hard_decline,upi,medium,1,57,None,0
818.24,soft_decline,upi,good,3,1,ICICI,0
5892.02,timeout,card,medium,3,45,ICICI,0
2395.53,soft_decline,netbanking,medium,2,16,ICICI,1
2132.37,timeout,card,medium,2,63,SBI,0
42787.48,soft_decline,upi,good,1,64,None,0
35212.53,hard_decline,card,bad,2,53,None,0
23761.27,soft_decline,upi,medium,3,42,Axis,1
4981.92,timeout,netbanking,medium,2,54,ICICI,1
24631.63,soft_decline,netbanking,medium,2,13,ICICI,1
23726.24,hard_decline,card,bad,1,43,Axis,0
8742.77,soft_decline,card,medium,3,37,SBI,0
21749.2,timeout,card,bad,3,57,ICICI,1
19985.39,duplicate,netbanking,medium,3,48,HDFC,0
30830.92,hard_decline,upi,good,3,15,None,0
31791.17,hard_decline,card,medium,2,29,None,0
2360.67,duplicate,card,medium,1,67,ICICI,0
18793.17,hard_decline,netbanking,medium,2,70,SBI,0
31330.41,hard_decline,upi,medium,3,36,None,0
25206.5,hard_decline,card,good,1,68,SBI,0
42838.84,timeout,card,medium,1,54,None,1
32968.81,soft_decline,card,bad,3,38,HDFC,0
8230.43,timeout,upi,medium,3,56,None,0
3621.38,hard_decline,netbanking,medium,1,48,ICICI,0
32156.72,soft_decline,netbanking,bad,3,62,Axis,0
1422.91,timeout,card,medium,3,33,ICICI,1
29330.2,soft_decline,netbanking,good,3,56,None,0
47017.49,soft_decline,card,bad,3,61,HDFC,1
28816.16,timeout,card,good,1,38,SBI,1
19469.68,timeout,netbanking,bad,1,66,None,1
32200.08,timeout,card,good,2,61,SBI,1
22966.82,duplicate,card,good,2,28,None,0
27326.28,timeout,netbanking,good,1,30,None,1
47079.09,soft_decline,card,medium,2,59,HDFC,1
19366.52,soft_decline,upi,good,3,38,SBI,0
48063.41,timeout,netbanking,good,3,0,Axis,1
45277.0,soft_decline,upi,bad,1,55,None,0
9869.98,timeout,card,bad,2,57,HDFC,1
3561.13,timeout,card,bad,3,20,Axis,0
5128.82,soft_decline,card,bad,2,53,HDFC,0
1009.27,duplicate,card,medium,1,70,None,0
4812.7,hard_decline,upi,bad,1,42,ICICI,0
34182.04,hard_decline,card,medium,2,53,ICICI,0
3652.31,duplicate,card,medium,1,1,None,0
16016.88,hard_decline,upi,bad,3,13,None,0
42259.28,soft_decline,upi,good,3,2,ICICI,1
1261.27,hard_decline,netbanking,bad,2,13,SBI,0
40741.98,timeout,card,medium,2,4,Axis,1
14164.55,timeout,netbanking,good,1,38,None,1
5996.42,timeout,upi,good,1,0,None,0
34867.18,timeout,card,good,2,42,ICICI,1
31484.25,soft_decline,card,bad,1,58,SBI,0
43885.85,timeout,card,bad,2,14,HDFC,1
36780.05,timeout,upi,medium,2,45,None,0
40193.7,soft_decline,card,good,3,6,None,1
14173.53,soft_decline,netbanking,good,1,41,ICICI,1
8954.23,duplicate,upi,bad,2,6,ICICI,0
37555.68,timeout,netbanking,good,3,46,HDFC,1
40361.05,timeout,card,bad,2,18,SBI,1
49526.21,timeout,card,medium,1,52,Axis,1
20689.62,hard_decline,card,bad,3,15,None,0
18663.7,timeout,card,medium,1,61,Axis,1
38843.01,hard_decline,netbanking,medium,3,65,Axis,0
17106.1,soft_decline,card,medium,1,64,None,1
46544.79,timeout,card,bad,2,50,SBI,1
42934.8,hard_decline,card,bad,2,35,HDFC,1
21506.8,timeout,card,medium,2,34,None,1
37568.47,hard_decline,netbanking,medium,1,23,SBI,0
37751.69,hard_decline,upi,bad,3,68,None,0
5245.88,soft_decline,upi,bad,1,28,SBI,1
45137.39,soft_decline,card,medium,2,0,Axis,1
25312.09,soft_decline,netbanking,good,1,56,SBI,1
41340.23,soft_decline,upi,good,3,8,ICICI,0
16070.48,duplicate,card,bad,2,14,None,0
44786.61,soft_decline,card,good,1,15,Axis,1
19521.16,soft_decline,netbanking,good,2,47,SBI,1
640.8,hard_decline,upi,good,1,35,HDFC,0
45278.56,timeout,upi,medium,1,52,None,1
4655.21,soft_decline,card,medium,2,2,None,0
16033.75,timeout,card,good,3,18,SBI,1
47508.09,timeout,upi,good,2,40,HDFC,1
47535.3,soft_decline,upi,bad,3,36,HDFC,0
28714.55,soft_decline,upi,bad,2,58,HDFC,0
31628.68,duplicate,upi,good,2,66,SBI,0
22477.43,timeout,card,good,2,7,None,1
14731.22,timeout,upi,medium,1,13,ICICI,1
16500.36,soft_decline,netbanking,bad,1,60,SBI,0
33658.67,hard_decline,netbanking,bad,3,34,SBI,0
37643.49,hard_decline,card,bad,2,15,HDFC,0
39599.79,soft_decline,card,bad,1,70,HDFC,1
39501.95,hard_decline,netbanking,good,1,34,SBI,0
4651.18,timeout,upi,good,2,7,ICICI,0
24771.57,soft_decline,upi,medium,2,59,SBI,1
2972.18,timeout,netbanking,bad,2,11,HDFC,1
27521.49,timeout,upi,medium,3,48,None,0
22132.37,soft_decline,upi,bad,2,67,None,0
44396.44,timeout,card,bad,1,34,Axis,0
17610.66,soft_decline,card,bad,1,44,SBI,0
5941.64,timeout,card,good,2,40,ICICI,1
7235.28,soft_decline,netbanking,good,3,60,Axis,0
38099.38,soft_decline,card,bad,3,14,None,0
30949.08,timeout,card,good,1,66,None,0
5146.02,hard_decline,netbanking,good,3,58,ICICI,0
4296.93,duplicate,upi,bad,2,1,HDFC,0
35078.36,soft_decline,upi,bad,3,5,ICICI,1
3730.87,soft_decline,card,good,3,56,HDFC,0
41110.82,hard_decline,netbanking,bad,1,15,SBI,1
35341.49,hard_decline,card,good,1,22,ICICI,1
4159.3,soft_decline,card,good,1,40,None,0
4333.4,timeout,card,medium,3,29,Axis,0
49333.31,timeout,card,bad,1,66,HDFC,1
18776.11,timeout,card,good,1,54,HDFC,0
18595.04,duplicate,upi,medium,3,3,SBI,0
40658.7,soft_decline,card,good,3,27,Axis,1
47367.7,timeout,upi,bad,3,49,None,1
49301.45,soft_decline,card,medium,2,27,None,0
37693.57,timeout,card,medium,2,52,None,1
18875.35,hard_decline,upi,good,3,66,SBI,0
4266.69,duplicate,netbanking,medium,1,25,SBI,0
38879.63,timeout,netbanking,medium,3,38,None,1
27964.37,duplicate,netbanking,bad,2,12,None,0
21268.68,timeout,upi,good,1,70,SBI,1
45327.08,duplicate,upi,bad,2,53,Axis,0
5648.75,timeout,upi,medium,2,12,ICICI,1
24681.99,hard_decline,upi,good,2,58,None,0
666.55,soft_decline,card,medium,2,3,None,1
23486.17,soft_decline,upi,medium,1,56,ICICI,1
2909.53,soft_decline,card,bad,3,59,None,0
6029.01,hard_decline,card,bad,1,46,None,0
5964.56,hard_decline,upi,medium,3,4,ICICI,1
32495.59,hard_decline,card,good,3,35,HDFC,0
37327.64,duplicate,card,good,1,18,None,0
29210.1,duplicate,card,medium,3,29,Axis,0
48112.41,soft_decline,netbanking,bad,1,40,None,0
18806.04,soft_decline,card,bad,1,47,ICICI,1
14357.03,hard_decline,card,good,3,27,Axis,0
43443.1,soft_decline,netbanking,good,3,30,Axis,0
11257.43,timeout,card,medium,2,56,HDFC,0
48164.8,hard_decline,card,bad,3,42,None,0
706.51,hard_decline,card,medium,3,64,Axis,1
48496.95,timeout,card,medium,3,8,Axis,0
2253.68,timeout,card,medium,1,11,ICICI,1
44568.04,soft_decline,card,good,2,11,Axis,1
26432.29,timeout,card,medium,2,41,None,1
49648.94,hard_decline,netbanking,bad,1,52,None,0
3782.45,soft_decline,upi,bad,3,56,None,0
27737.33,soft_decline,upi,medium,3,15,HDFC,1
48468.2,hard_decline,card,good,1,49,HDFC,0
26202.58,soft_decline,card,medium,2,3,None,0
31506.99,soft_decline,netbanking,bad,1,12,None,0
34817.86,timeout,card,good,1,59,Axis,1
22781.6,timeout,netbanking,bad,3,27,HDFC,1
31415.15,soft_decline,card,bad,1,11,Axis,0
29257.28,soft_decline,netbanking,medium,1,23,None,1
45067.78,timeout,card,medium,1,0,HDFC,1
2367.77,soft_decline,card,bad,3,33,HDFC,0
14120.06,duplicate,upi,medium,3,2,ICICI,0
47525.53,timeout,upi,good,2,21,HDFC,1
44524.16,soft_decline,card,good,2,26,HDFC,1
22837.27,soft_decline,netbanking,good,2,20,ICICI,0
31044.62,soft_decline,card,bad,3,12,SBI,0
13941.32,soft_decline,card,medium,2,43,HDFC,1
9487.25,soft_decline,upi,medium,1,23,Axis,1
23238.55,timeout,upi,bad,2,45,ICICI,1
17732.28,soft_decline,netbanking,medium,1,16,ICICI,1
29224.44,hard_decline,card,bad,2,4,None,0
3978.96,hard_decline,card,medium,3,37,None,0
48722.3,soft_decline,upi,medium,1,58,SBI,1
49311.92,soft_decline,card,medium,1,26,SBI,0
34938.27,soft_decline,card,bad,3,53,HDFC,0
26851.21,soft_decline,card,bad,1,70,None,0
15545.43,timeout,card,good,2,54,HDFC,1
40708.37,soft_decline,card,bad,3,70,HDFC,0
34268.09,timeout,card,bad,1,42,SBI,1
8214.59,hard_decline,upi,good,3,37,HDFC,0
45555.27,hard_decline,upi,good,1,60,Axis,0
41144.61,hard_decline,card,medium,1,44,HDFC,0
47495.02,timeout,card,medium,3,57,HDFC,1
36313.4,soft_decline,card,medium,1,28,None,1
30709.42,soft_decline,card,good,2,53,Axis,0
20970.33,hard_decline,upi,medium,2,33,HDFC,0
46643.15,soft_decline,netbanking,good,1,20,ICICI,0
43316.59,hard_decline,upi,good,1,44,ICICI,0
2356.41,timeout,upi,medium,2,0,None,1
1415.71,hard_decline,card,medium,1,9,Axis,0
18885.52,timeout,card,medium,1,57,SBI,1
40546.61,hard_decline,netbanking,bad,3,27,HDFC,0
49365.08,timeout,netbanking,good,3,60,Axis,1
7605.8,timeout,card,good,2,29,HDFC,1
29747.12,hard_decline,card,good,2,27,SBI,0
19106.45,timeout,upi,medium,3,28,Axis,1
48498.73,timeout,card,bad,3,30,None,0
42121.73,hard_decline,upi,medium,2,67,None,0
41932.6,hard_decline,netbanking,medium,2,30,HDFC,0
23487.79,timeout,card,medium,2,40,None,1
20799.49,hard_decline,netbanking,medium,3,63,HDFC,0
13743.01,soft_decline,netbanking,medium,3,41,ICICI,1
2913.14,timeout,netbanking,medium,1,43,HDFC,0
43249.65,soft_decline,card,good,2,30,None,0
40663.76,timeout,card,bad,1,10,SBI,1
49985.91,timeout,upi,medium,2,35,HDFC,1
49832.18,duplicate,card,good,3,31,HDFC,0
27816.04,soft_decline,card,medium,2,38,ICICI,0
38472.47,hard_decline,card,bad,2,66,None,0
47243.81,hard_decline,upi,good,3,59,Axis,1
42497.4,soft_decline,card,good,3,24,ICICI,1
12442.67,soft_decline,card,medium,2,27,None,1
22582.15,hard_decline,card,medium,2,18,HDFC,0
6545.05,hard_decline,upi,good,2,28,Axis,0
47707.15,soft_decline,upi,bad,2,49,SBI,1
30348.11,timeout,card,medium,2,18,ICICI,1
11509.28,timeout,netbanking,bad,3,55,ICICI,1
33617.86,timeout,card,medium,2,17,SBI,0
30944.6,duplicate,upi,bad,3,44,None,0
17972.32,hard_decline,upi,medium,1,40,None,0
5766.52,duplicate,upi,good,1,12,Axis,0
33611.5,timeout,card,bad,2,67,None,1
26063.35,soft_decline,netbanking,good,1,67,Axis,1
38638.69,soft_decline,netbanking,bad,3,23,HDFC,0
26056.16,hard_decline,upi,medium,1,32,None,0
42623.86,hard_decline,card,bad,1,54,SBI,0
27640.15,hard_decline,card,medium,3,2,ICICI,0
28090.8,hard_decline,upi,bad,2,2,None,0
43845.01,timeout,card,good,3,29,SBI,0
20233.8,hard_decline,upi,medium,3,17,HDFC,0
6787.36,soft_decline,card,bad,2,65,ICICI,0
1536.26,timeout,upi,bad,3,42,SBI,1
37781.35,soft_decline,card,good,2,65,ICICI,1
31053.45,duplicate,card,medium,3,26,Axis,0
35233.58,soft_decline,card,medium,1,18,HDFC,1
10726.91,duplicate,card,good,2,15,Axis,0
6904.94,soft_decline,upi,medium,2,25,None,1
825.78,soft_decline,upi,bad,1,13,None,0
17594.32,soft_decline,upi,medium,1,46,Axis,0
29536.89,timeout,upi,medium,2,17,ICICI,1
19672.98,timeout,upi,bad,1,27,Axis,1
21930.0,hard_decline,card,good,3,18,None,0
45217.52,duplicate,card,medium,3,29,ICICI,0
17477.95,hard_decline,card,bad,3,20,HDFC,1
25748.08,timeout,upi,bad,1,20,Axis,0
39204.29,timeout,card,bad,1,47,Axis,1
19887.48,soft_decline,card,bad,1,54,None,1
31142.13,soft_decline,upi,good,2,29,Axis,1
43131.95,duplicate,netbanking,medium,3,41,None,0
47481.08,duplicate,upi,bad,2,36,ICICI,0
7438.97,duplicate,upi,good,2,40,HDFC,0
46336.72,duplicate,upi,good,2,45,None,0
24656.6,soft_decline,card,bad,3,59,ICICI,0
12986.39,timeout,upi,bad,3,0,ICICI,1
23010.87,hard_decline,netbanking,medium,3,53,HDFC,0
49003.63,duplicate,card,bad,1,34,None,0
24681.64,hard_decline,card,bad,3,15,None,0
16504.71,hard_decline,card,bad,1,4,ICICI,0
31706.7,hard_decline,card,bad,1,30,None,0
12083.27,soft_decline,netbanking,medium,1,36,SBI,1
3885.58,soft_decline,card,bad,3,24,None,0
6531.1,timeout,card,medium,3,61,None,1
6489.49,timeout,netbanking,bad,3,24,None,0
7679.94,soft_decline,upi,bad,3,66,ICICI,0
7027.48,timeout,upi,good,2,37,ICICI,1
32079.65,timeout,netbanking,good,3,47,SBI,1
9175.82,hard_decline,card,good,3,63,ICICI,0
17348.8,soft_decline,upi,bad,3,1,None,0
44849.74,timeout,card,bad,3,63,None,0
23750.69,timeout,card,medium,3,68,None,0
33411.13,hard_decline,card,medium,2,19,ICICI,0
8698.76,timeout,card,bad,2,10,ICICI,1
9695.22,soft_decline,netbanking,medium,1,30,HDFC,0
2139.34,hard_decline,netbanking,good,1,34,HDFC,0
8529.86,soft_decline,netbanking,medium,3,43,HDFC,0
14001.66,soft_decline,card,bad,1,54,ICICI,0
8932.82,timeout,netbanking,bad,2,44,ICICI,0
4526.26,duplicate,upi,medium,3,20,HDFC,0
6119.73,hard_decline,card,good,1,51,None,0
23092.86,soft_decline,upi,medium,1,19,Axis,1
10396.05,timeout,card,bad,2,8,Axis,1
18277.07,timeout,card,medium,3,8,SBI,0
25220.52,timeout,netbanking,medium,1,57,ICICI,1
34550.7,timeout,upi,good,2,70,None,0
2061.68,hard_decline,card,bad,3,32,ICICI,0
39990.58,timeout,upi,good,2,0,Axis,1
31432.23,soft_decline,netbanking,good,3,2,ICICI,0
4179.78,soft_decline,upi,bad,3,38,None,1
43691.57,soft_decline,card,bad,3,11,None,0
46051.53,hard_decline,card,medium,2,15,ICICI,0
3147.79,duplicate,card,medium,3,49,None,0
13916.19,timeout,netbanking,medium,1,26,Axis,1
40329.44,soft_decline,card,good,3,28,None,1
37438.16,soft_decline,card,good,3,68,ICICI,0
9307.6,soft_decline,card,medium,2,51,ICICI,0
10546.53,soft_decline,netbanking,good,3,5,None,1
18586.56,timeout,upi,bad,1,23,ICICI,1
24277.7,duplicate,upi,good,1,39,None,0
30950.91,duplicate,card,medium,3,32,ICICI,0
18508.79,timeout,card,medium,2,8,HDFC,1
23180.48,timeout,netbanking,medium,1,48,Axis,1
37398.8,hard_decline,netbanking,medium,2,66,ICICI,0
1930.49,soft_decline,netbanking,bad,3,22,None,0
12696.6,hard_decline,netbanking,medium,2,21,ICICI,0
35696.14,hard_decline,netbanking,bad,3,71,ICICI,0
44770.82,timeout,upi,medium,3,7,Axis,0
25632.7,soft_decline,netbanking,good,2,18,None,0
26652.46,soft_decline,upi,medium,1,37,None,0
5447.88,soft_decline,card,medium,3,5,HDFC,0
22425.88,duplicate,card,bad,3,51,SBI,0
26677.6,hard_decline,netbanking,bad,3,33,Axis,0
12199.28,timeout,card,good,1,10,HDFC,1
13535.24,timeout,netbanking,good,1,42,SBI,1
18926.48,soft_decline,card,good,3,34,None,1
1101.55,hard_decline,card,bad,1,10,HDFC,0
16171.75,timeout,card,good,2,39,ICICI,1
10651.26,hard_decline,card,medium,2,31,SBI,0
16442.12,duplicate,card,medium,2,48,None,0
6076.13,soft_decline,card,medium,2,56,ICICI,0
44537.31,soft_decline,netbanking,good,3,64,ICICI,1
29720.26,timeout,card,good,2,47,HDFC,0
33987.21,timeout,card,medium,1,51,None,1
39479.64,duplicate,card,good,3,38,SBI,0
24972.27,timeout,upi,good,1,53,HDFC,1
4437.32,duplicate,upi,good,2,24,HDFC,0
26901.62,timeout,upi,medium,3,44,HDFC,0
29383.37,timeout,card,medium,3,28,ICICI,1
37297.43,hard_decline,card,good,3,31,None,0
21639.81,soft_decline,upi,medium,2,66,Axis,1
6466.26,duplicate,netbanking,good,1,11,None,0
14260.42,hard_decline,card,medium,3,57,HDFC,0
18217.81,hard_decline,card,good,1,19,ICICI,1
32331.27,hard_decline,card,medium,2,49,SBI,0
28581.84,hard_decline,card,good,2,7,SBI,0
17869.23,hard_decline,upi,bad,1,30,HDFC,0
49327.11,soft_decline,upi,good,3,23,SBI,0
30328.16,timeout,card,bad,1,12,ICICI,0
11937.62,hard_decline,card,bad,3,71,HDFC,0
5178.95,hard_decline,netbanking,medium,3,41,Axis,0
7727.67,soft_decline,netbanking,bad,1,25,HDFC,1
12373.29,soft_decline,netbanking,good,3,37,None,0
8118.0,soft_decline,card,good,3,37,None,0
9409.69,timeout,upi,good,3,54,ICICI,1
14326.25,soft_decline,card,good,2,9,None,1
8751.34,duplicate,card,medium,3,10,SBI,0
44848.59,soft_decline,card,medium,1,2,None,0
4103.66,soft_decline,upi,good,2,22,None,1
26273.12,soft_decline,card,medium,3,61,None,1
20578.8,soft_decline,netbanking,good,2,69,HDFC,1
49120.69,timeout,card,medium,1,40,Axis,0
5690.74,timeout,card,bad,2,40,None,0
19952.99,timeout,card,medium,2,3,HDFC,1
48476.57,soft_decline,card,medium,3,2,None,0
43288.81,soft_decline,card,medium,1,50,None,0
40871.9,hard_decline,card,bad,1,54,None,1
12969.35,duplicate,card,good,2,62,SBI,0
8627.29,soft_decline,card,bad,3,48,ICICI,0
33465.3,timeout,upi,medium,2,71,SBI,1
46475.86,hard_decline,card,medium,2,69,None,1
27882.47,soft_decline,upi,bad,2,68,SBI,1
28623.47,hard_decline,upi,bad,3,7,ICICI,1
14070.96,soft_decline,card,medium,2,7,HDFC,1
38497.7,timeout,netbanking,good,3,18,SBI,1
9433.48,soft_decline,upi,bad,1,54,ICICI,0
16251.59,timeout,card,medium,2,71,Axis,1
21329.28,soft_decline,netbanking,medium,1,7,SBI,0
25429.76,duplicate,netbanking,good,2,56,HDFC,0
12196.25,soft_decline,netbanking,medium,1,71,SBI,1
5830.36,timeout,upi,bad,3,6,None,0
30569.94,timeout,card,good,2,45,None,1
14502.66,duplicate,card,bad,2,21,HDFC,0
29103.79,hard_decline,upi,good,3,43,SBI,0
7802.7,timeout,netbanking,good,1,4,None,1
24108.89,soft_decline,upi,medium,1,24,HDFC,1
26676.21,soft_decline,netbanking,bad,3,46,ICICI,0
2685.99,hard_decline,card,bad,1,42,Axis,0
16896.55,soft_decline,card,bad,3,14,ICICI,0
6807.29,duplicate,netbanking,good,1,63,SBI,0
3262.41,soft_decline,upi,bad,3,30,None,0
49499.02,hard_decline,netbanking,bad,3,43,HDFC,0
16185.46,timeout,upi,good,3,46,HDFC,1
40512.73,hard_decline,card,medium,3,11,HDFC,0
12806.57,timeout,upi,medium,1,63,ICICI,1
34106.99,soft_decline,netbanking,medium,2,22,SBI,1
38035.37,hard_decline,upi,bad,1,49,HDFC,1
29822.37,soft_decline,card,good,3,35,None,0
23631.65,duplicate,card,medium,2,10,None,0
20650.86,timeout,upi,good,2,46,ICICI,1
17508.53,duplicate,card,medium,1,55,ICICI,0
46483.5,soft_decline,upi,bad,3,68,HDFC,0
41547.91,soft_decline,card,good,3,36,ICICI,0
48254.84,soft_decline,card,medium,3,9,ICICI,1
6302.43,soft_decline,netbanking,bad,3,55,Axis,0
36570.29,soft_decline,card,bad,3,41,SBI,0
46923.19,timeout,netbanking,medium,2,29,None,1
9143.53,soft_decline,card,good,1,21,None,1
3418.16,hard_decline,netbanking,medium,1,54,HDFC,0
37081.92,timeout,card,bad,1,37,None,1
28766.21,timeout,card,bad,2,55,HDFC,1
42107.26,soft_decline,netbanking,good,2,70,ICICI,0
7074.64,soft_decline,upi,medium,1,35,Axis,0
39783.84,hard_decline,card,good,2,10,SBI,0
10161.2,soft_decline,netbanking,good,2,6,Axis,1
8266.43,timeout,upi,medium,1,33,None,0
8296.86,soft_decline,netbanking,good,2,62,None,1
40747.28,timeout,upi,good,3,1,HDFC,1
33293.34,timeout,card,bad,1,61,Axis,1
26200.96,timeout,card,medium,1,6,None,1
18005.64,soft_decline,card,bad,1,42,None,1
43872.31,soft_decline,upi,medium,1,17,SBI,1
19683.01,timeout,card,bad,2,19,None,1
40848.31,hard_decline,card,medium,1,6,HDFC,0
22012.83,soft_decline,card,good,3,51,HDFC,0
18909.53,soft_decline,card,medium,2,36,None,0
23187.72,soft_decline,netbanking,good,2,45,SBI,1
15138.76,timeout,upi,bad,1,41,HDFC,1
37405.71,soft_decline,upi,medium,2,59,ICICI,0
25185.75,hard_decline,netbanking,good,2,31,HDFC,0
11687.41,hard_decline,upi,medium,2,37,SBI,0
44988.77,hard_decline,netbanking,bad,1,38,HDFC,1
19256.17,timeout,card,good,3,25,HDFC,0
27223.29,timeout,card,good,1,29,ICICI,1
45332.96,hard_decline,card,bad,3,40,ICICI,0
31249.48,soft_decline,card,good,2,8,ICICI,0
5933.21,hard_decline,netbanking,good,3,31,ICICI,0
46997.62,timeout,upi,medium,1,55,Axis,1
31422.63,hard_decline,card,medium,1,52,Axis,1
16811.79,timeout,upi,medium,1,6,HDFC,1
7049.68,soft_decline,upi,medium,2,22,SBI,0
39721.86,timeout,card,bad,3,51,None,1
31041.63,soft_decline,upi,bad,1,20,HDFC,0
26719.71,timeout,netbanking,bad,1,22,None,1
44705.24,soft_decline,netbanking,medium,1,68,HDFC,0
39451.0,timeout,upi,good,2,17,HDFC,1
7668.58,soft_decline,card,bad,1,36,HDFC,0
15654.93,hard_decline,card,good,2,6,SBI,0
12499.61,timeout,card,bad,2,60,ICICI,0
37222.92,soft_decline,upi,good,1,2,SBI,0
1773.27,timeout,card,bad,2,0,None,1
28537.5,timeout,card,bad,2,59,ICICI,0
38146.69,hard_decline,netbanking,medium,1,5,None,0
43850.61,soft_decline,netbanking,good,1,70,HDFC,1
17169.88,hard_decline,upi,good,3,57,None,0
41080.74,hard_decline,card,medium,1,30,None,0
5620.52,hard_decline,card,good,3,7,ICICI,0
42337.97,timeout,card,medium,3,14,SBI,0
6461.68,hard_decline,upi,medium,3,6,HDFC,0
19924.64,soft_decline,card,medium,1,6,HDFC,1
39885.04,soft_decline,netbanking,medium,3,32,None,1
7580.88,soft_decline,netbanking,medium,3,40,Axis,1
11539.64,soft_decline,card,good,3,56,None,1
36140.4,timeout,card,bad,1,6,SBI,1
36029.82,timeout,upi,bad,1,58,ICICI,1
32093.27,soft_decline,netbanking,good,1,19,SBI,0
34728.03,duplicate,netbanking,good,1,70,HDFC,0
27181.95,hard_decline,card,bad,2,49,ICICI,0
12664.77,duplicate,card,good,1,13,ICICI,0
17350.23,timeout,upi,good,3,14,None,0
9161.73,timeout,upi,medium,1,9,HDFC,1
45431.68,soft_decline,card,good,2,64,ICICI,1
29211.25,soft_decline,upi,good,2,54,ICICI,1
20102.49,soft_decline,upi,bad,2,27,Axis,0
23154.09,timeout,card,good,1,47,ICICI,1
47369.44,soft_decline,netbanking,bad,2,2,HDFC,0
7752.24,timeout,card,good,2,59,ICICI,1
29352.87,soft_decline,upi,bad,2,2,SBI,0
25343.85,timeout,upi,medium,1,67,SBI,0
30611.57,soft_decline,card,good,2,38,HDFC,1
1003.7,soft_decline,upi,bad,2,53,ICICI,0
43618.98,soft_decline,upi,bad,3,31,None,0
46612.7,hard_decline,netbanking,good,3,15,Axis,0
28300.15,soft_decline,card,bad,3,16,SBI,0
34862.88,timeout,upi,medium,2,10,SBI,0
46132.72,soft_decline,upi,bad,3,31,ICICI,0
35391.21,soft_decline,upi,bad,1,26,ICICI,1
7711.7,timeout,netbanking,good,3,4,SBI,0
28856.79,soft_decline,card,good,1,17,None,0
30375.08,duplicate,card,medium,3,2,SBI,0
21264.12,duplicate,upi,bad,3,27,Axis,0
36848.57,soft_decline,card,medium,3,65,None,0
46724.91,soft_decline,netbanking,medium,1,33,SBI,1
46285.87,soft_decline,upi,good,1,21,None,1
22596.88,timeout,card,bad,3,29,None,0
5750.58,hard_decline,netbanking,medium,1,47,SBI,0
49243.58,timeout,card,bad,3,64,SBI,1
41961.01,timeout,upi,bad,2,60,None,0
6320.67,soft_decline,card,good,2,18,Axis,1
46050.01,timeout,card,good,2,51,Axis,0
43507.83,timeout,card,bad,1,40,None,1
25990.02,hard_decline,upi,good,2,64,Axis,0
29604.64,timeout,card,bad,3,49,Axis,1
20010.23,timeout,card,bad,3,40,ICICI,0
2832.61,soft_decline,card,medium,1,32,Axis,1
16826.34,hard_decline,card,good,3,16,None,0
40162.39,hard_decline,netbanking,good,2,54,Axis,0
331.14,soft_decline,card,medium,3,45,None,0
16741.61,duplicate,netbanking,good,1,58,ICICI,0
19968.62,soft_decline,upi,medium,3,70,HDFC,1
26916.04,timeout,upi,medium,3,56,SBI,0
46000.8,hard_decline,card,medium,2,19,HDFC,0
17382.67,soft_decline,netbanking,medium,1,40,HDFC,1
17412.96,duplicate,card,bad,2,70,HDFC,0
36901.31,timeout,upi,medium,3,37,SBI,0
22665.68,hard_decline,netbanking,medium,1,26,None,0
11307.78,soft_decline,netbanking,bad,3,8,HDFC,0
22676.73,soft_decline,upi,medium,3,67,ICICI,0
7128.77,soft_decline,netbanking,bad,2,37,None,0
8901.71,soft_decline,upi,good,3,24,None,0
24968.55,hard_decline,card,bad,1,13,None,0
21004.38,duplicate,card,medium,1,36,HDFC,0
45750.81,hard_decline,card,bad,2,49,Axis,0
18183.46,timeout,card,bad,2,71,ICICI,0
29071.36,timeout,upi,good,1,41,Axis,0
31649.99,hard_decline,upi,medium,2,53,SBI,0
753.41,timeout,card,bad,3,34,Axis,1
33210.51,hard_decline,netbanking,good,1,30,SBI,0
8983.99,timeout,card,bad,2,45,None,0
48057.41,soft_decline,netbanking,good,1,16,HDFC,1
7518.27,soft_decline,netbanking,bad,3,52,HDFC,0
20789.74,timeout,netbanking,good,2,21,None,1
4358.95,hard_decline,netbanking,medium,1,57,None,1
49844.03,timeout,card,good,3,40,HDFC,0
25159.53,duplicate,upi,good,2,2,HDFC,0
29809.71,soft_decline,card,medium,1,62,ICICI,1
3447.12,hard_decline,card,medium,3,65,SBI,0
37523.03,soft_decline,upi,good,3,45,HDFC,1
10574.29,timeout,card,bad,3,7,None,0
44912.91,timeout,netbanking,good,3,38,SBI,0
10336.47,soft_decline,netbanking,bad,3,24,None,0
9615.32,hard_decline,card,medium,2,46,ICICI,0
1923.83,timeout,upi,medium,3,33,HDFC,1
23656.14,soft_decline,card,good,2,67,None,1
28285.57,timeout,netbanking,medium,2,56,HDFC,0
3378.86,timeout,upi,medium,1,24,ICICI,1
38798.83,duplicate,card,good,1,61,SBI,0
22719.11,soft_decline,card,good,2,38,SBI,1
26267.07,soft_decline,card,good,3,6,HDFC,0
22094.06,hard_decline,netbanking,good,3,5,SBI,0
20098.08,soft_decline,card,good,2,53,HDFC,1
28026.05,duplicate,card,good,3,18,ICICI,0
7846.49,soft_decline,netbanking,medium,2,46,None,0
9178.21,timeout,netbanking,medium,1,18,ICICI,1
43103.1,hard_decline,netbanking,medium,3,33,None,0
47311.16,soft_decline,upi,good,3,42,SBI,0
18728.13,soft_decline,upi,medium,3,12,ICICI,1
13610.16,timeout,upi,medium,1,35,None,1
32235.58,hard_decline,card,medium,3,24,Axis,0
20495.84,soft_decline,upi,bad,2,55,SBI,0
1366.78,duplicate,card,medium,3,20,HDFC,0
7892.01,soft_decline,card,good,2,33,ICICI,1
35827.01,hard_decline,netbanking,medium,3,24,None,0
32980.3,hard_decline,card,good,2,10,None,0
1452.09,soft_decline,netbanking,bad,1,18,None,1
11176.41,duplicate,card,bad,3,48,HDFC,0
11630.63,soft_decline,card,medium,1,48,HDFC,0
33627.45,soft_decline,upi,bad,1,33,None,0
1083.56,soft_decline,upi,medium,3,1,HDFC,0
5295.02,timeout,upi,medium,3,29,ICICI,0
40015.81,hard_decline,netbanking,good,2,37,None,0
9009.38,timeout,card,medium,3,14,ICICI,1
32672.03,soft_decline,netbanking,bad,3,59,HDFC,0
11985.32,soft_decline,card,bad,2,3,HDFC,0
5062.13,timeout,netbanking,medium,2,13,HDFC,0
12234.29,soft_decline,card,medium,3,7,HDFC,0
36141.12,timeout,netbanking,medium,3,10,SBI,0
42799.25,soft_decline,upi,bad,3,49,HDFC,0
41527.97,timeout,card,medium,1,37,HDFC,1
19919.46,soft_decline,netbanking,medium,1,23,None,1
33437.45,timeout,card,medium,3,37,None,1
10328.72,soft_decline,card,bad,2,61,None,0
14728.07,soft_decline,netbanking,bad,3,55,None,0
44827.16,soft_decline,card,good,3,64,Axis,1
748.8,soft_decline,card,good,1,16,ICICI,0
4366.88,soft_decline,upi,bad,3,16,ICICI,0
10473.52,hard_decline,netbanking,bad,3,26,ICICI,0
1423.96,hard_decline,card,medium,1,24,None,0
9153.63,timeout,upi,medium,1,48,Axis,1
29193.77,timeout,upi,bad,2,57,None,1
21129.09,timeout,netbanking,bad,2,0,ICICI,1
44644.32,hard_decline,netbanking,bad,2,12,Axis,0
40890.43,hard_decline,upi,good,3,52,None,0
17156.69,hard_decline,upi,bad,2,20,HDFC,0
13045.23,timeout,card,good,1,0,Axis,1
19046.65,soft_decline,card,bad,2,30,HDFC,0
29555.72,soft_decline,upi,good,3,60,ICICI,1
13476.38,timeout,netbanking,medium,3,2,None,1
31245.03,soft_decline,upi,medium,2,28,SBI,1
20529.64,timeout,card,bad,3,47,None,0
27647.15,timeout,card,medium,3,61,ICICI,1
21862.71,soft_decline,upi,good,3,24,HDFC,0
14793.84,soft_decline,upi,bad,2,33,ICICI,0
47427.82,hard_decline,upi,medium,3,17,None,0
38203.93,timeout,upi,medium,2,64,None,1
7091.65,soft_decline,card,bad,2,27,ICICI,0
43436.55,timeout,netbanking,medium,3,3,None,0
24422.82,hard_decline,upi,bad,2,20,HDFC,1
44738.16,soft_decline,card,medium,2,69,HDFC,1
40012.78,soft_decline,card,bad,3,20,None,0
21318.15,timeout,netbanking,bad,3,19,None,0
1221.22,soft_decline,netbanking,medium,2,40,HDFC,0
13507.0,timeout,card,bad,1,52,ICICI,1
27127.55,hard_decline,card,medium,1,61,None,0
31710.56,hard_decline,card,bad,1,30,HDFC,0
12968.6,timeout,card,bad,1,24,None,1
7053.87,timeout,upi,medium,2,68,Axis,1
41763.02,soft_decline,upi,medium,3,71,Axis,1
49221.67,soft_decline,upi,bad,1,16,Axis,0
26331.94,timeout,upi,good,3,19,Axis,0
8666.8,hard_decline,card,medium,1,44,HDFC,0
13688.14,soft_decline,card,medium,1,49,ICICI,1
1017.69,duplicate,card,good,1,50,Axis,0
45723.51,soft_decline,card,bad,3,71,SBI,0
5975.78,soft_decline,card,good,3,32,SBI,0
28868.17,soft_decline,upi,good,1,28,ICICI,1
13775.36,timeout,netbanking,bad,3,21,SBI,0
27753.48,timeout,upi,good,1,66,HDFC,1
32605.88,soft_decline,netbanking,medium,2,2,HDFC,0
41504.12,soft_decline,upi,bad,3,5,None,0
10400.42,soft_decline,upi,bad,1,39,None,0
648.69,timeout,card,bad,2,68,SBI,0
6930.59,soft_decline,netbanking,good,2,4,Axis,0
45010.93,duplicate,card,good,1,2,SBI,0
43707.11,soft_decline,card,medium,2,3,None,1
29910.91,duplicate,card,good,2,62,None,0
30065.79,soft_decline,netbanking,medium,1,4,ICICI,1
33285.33,timeout,netbanking,medium,2,60,ICICI,0
8851.03,soft_decline,upi,medium,2,56,HDFC,0
45729.16,soft_decline,upi,good,1,41,HDFC,1
20996.65,timeout,upi,medium,1,55,SBI,1
19218.61,timeout,netbanking,medium,2,71,ICICI,1
25993.99,hard_decline,upi,good,3,27,ICICI,0
2443.6,timeout,netbanking,medium,1,54,HDFC,1
8397.54,hard_decline,card,medium,3,37,None,0
36927.88,timeout,card,bad,1,22,HDFC,1
4231.65,soft_decline,netbanking,bad,3,6,ICICI,0
30197.29,hard_decline,card,bad,1,37,ICICI,0
12342.92,hard_decline,netbanking,medium,2,56,HDFC,0
19525.85,soft_decline,upi,good,2,36,None,0
14505.82,timeout,netbanking,good,3,5,ICICI,0
17848.07,soft_decline,card,bad,3,9,SBI,0
35980.39,soft_decline,upi,good,1,26,Axis,0
14926.37,hard_decline,card,medium,1,56,Axis,0
28363.59,timeout,upi,good,3,15,SBI,0
23854.92,soft_decline,upi,good,3,58,Axis,1
33217.19,soft_decline,netbanking,bad,2,27,None,0
46847.8,duplicate,upi,good,3,2,None,0
36655.35,soft_decline,card,medium,2,56,Axis,1
10825.52,timeout,netbanking,good,3,64,SBI,1
1656.04,timeout,card,medium,2,66,SBI,1
13186.98,hard_decline,card,bad,2,29,None,0
29794.39,duplicate,card,medium,2,18,Axis,0
2666.15,timeout,netbanking,bad,1,7,SBI,0
24868.68,hard_decline,card,good,2,61,ICICI,0
29882.46,hard_decline,card,medium,3,18,None,0
16778.77,timeout,netbanking,bad,3,35,None,1
38568.52,hard_decline,netbanking,bad,3,68,ICICI,0
5419.25,timeout,card,good,1,59,ICICI,1
3849.38,soft_decline,upi,good,2,33,None,1
36436.62,soft_decline,netbanking,good,1,54,Axis,0
24825.02,soft_decline,card,good,2,26,ICICI,1
34451.28,soft_decline,netbanking,good,3,38,ICICI,0
21797.88,soft_decline,upi,medium,2,41,ICICI,0
12395.46,timeout,upi,medium,1,41,HDFC,1
40973.21,timeout,card,bad,1,47,SBI,1
39990.85,timeout,upi,good,1,30,None,0
34765.35,timeout,card,bad,1,21,Axis,1
13680.04,timeout,upi,bad,3,40,Axis,0
29552.51,hard_decline,card,bad,1,23,Axis,0
18112.6,timeout,card,bad,1,39,HDFC,1
4669.95,soft_decline,card,bad,1,31,HDFC,0
45873.95,duplicate,netbanking,bad,3,50,ICICI,0
6927.25,timeout,card,medium,2,32,None,1
47516.84,soft_decline,card,medium,3,27,ICICI,1
22355.69,hard_decline,card,bad,3,62,ICICI,0
9338.13,hard_decline,upi,medium,3,21,HDFC,0
27140.86,soft_decline,card,good,2,17,None,1
43660.0,hard_decline,upi,bad,1,1,None,0
36638.02,soft_decline,card,medium,3,25,None,1
40347.4,soft_decline,card,bad,1,38,ICICI,0
32973.29,duplicate,upi,good,1,16,HDFC,0
34644.6,timeout,netbanking,medium,2,15,ICICI,1
42474.86,timeout,card,good,2,26,None,1
12558.43,timeout,card,bad,3,48,HDFC,0
24522.31,soft_decline,card,good,2,2,None,1
11138.35,hard_decline,upi,bad,2,41,SBI,0
49384.63,timeout,card,good,2,62,None,1
47208.56,duplicate,netbanking,good,1,28,SBI,0
2067.4,soft_decline,card,good,2,1,None,1
35308.2,timeout,card,medium,3,13,ICICI,0
46269.89,duplicate,card,medium,2,11,Axis,0
9110.71,timeout,upi,good,3,23,HDFC,0
28440.47,duplicate,upi,medium,3,27,SBI,0
45782.87,soft_decline,card,good,2,17,None,1
1793.9,duplicate,netbanking,bad,1,5,HDFC,0
34901.27,timeout,card,good,3,29,SBI,0
14937.72,soft_decline,upi,medium,3,33,Axis,0
46227.37,duplicate,upi,medium,3,57,None,0
48555.81,hard_decline,card,bad,2,27,ICICI,1
47218.9,hard_decline,netbanking,bad,3,71,SBI,1
23763.29,hard_decline,netbanking,bad,2,52,None,1
43115.93,soft_decline,card,good,3,15,None,1
42243.01,hard_decline,upi,bad,1,25,None,0
16023.11,timeout,card,bad,3,64,None,0
41462.88,soft_decline,upi,bad,2,56,SBI,0
1946.68,soft_decline,card,medium,2,30,SBI,0
29853.87,soft_decline,netbanking,bad,3,26,ICICI,0
11577.44,hard_decline,card,medium,2,48,SBI,1
6116.29,timeout,card,medium,1,8,HDFC,0
3939.96,timeout,card,medium,2,25,HDFC,0
34844.81,duplicate,card,medium,3,5,ICICI,0
17059.76,timeout,upi,medium,1,6,ICICI,1
36265.86,soft_decline,card,medium,2,12,None,0
3361.28,duplicate,upi,bad,3,48,HDFC,0
15832.99,timeout,card,medium,2,9,None,1
27020.62,hard_decline,upi,medium,3,42,None,0
39557.09,timeout,upi,good,2,48,Axis,0
16005.75,duplicate,netbanking,bad,2,17,SBI,0
31331.98,timeout,netbanking,medium,1,10,SBI,1
44310.29,soft_decline,netbanking,good,1,9,SBI,1
30831.57,timeout,upi,bad,2,27,HDFC,1
11724.68,soft_decline,card,good,3,52,Axis,1
1317.6,soft_decline,upi,good,3,53,Axis,1
43517.93,hard_decline,netbanking,medium,2,24,HDFC,0
1161.34,soft_decline,card,medium,2,5,ICICI,1
43747.61,soft_decline,upi,good,1,10,SBI,0
26493.96,soft_decline,card,medium,2,32,None,1
46959.48,timeout,upi,bad,2,68,None,1
39959.28,timeout,card,good,3,45,None,0
49896.91,duplicate,upi,good,1,54,None,0
17600.52,soft_decline,upi,bad,1,69,SBI,0
38382.7,hard_decline,netbanking,medium,2,50,Axis,0
20156.35,duplicate,upi,medium,1,24,ICICI,0
24045.79,soft_decline,netbanking,good,3,22,None,0
31412.52,timeout,card,medium,2,49,HDFC,0
43696.49,timeout,card,medium,2,45,SBI,0
49205.77,soft_decline,card,bad,3,43,None,1
38436.84,timeout,card,medium,1,12,None,1
20946.56,timeout,card,medium,1,70,Axis,1
21125.71,soft_decline,upi,bad,3,47,HDFC,0
36905.36,soft_decline,upi,bad,3,16,Axis,0
12014.98,soft_decline,upi,good,3,13,Axis,0
5612.66,soft_decline,card,bad,3,29,None,1
17795.65,hard_decline,card,medium,1,29,None,0
14433.23,hard_decline,upi,medium,1,32,HDFC,0
14885.78,soft_decline,card,medium,3,53,ICICI,0
11757.03,duplicate,card,medium,3,56,None,0
2200.45,soft_decline,card,good,2,30,None,1
991.91,soft_decline,card,medium,2,22,ICICI,1
49387.35,soft_decline,card,medium,1,51,Axis,1
21445.88,hard_decline,card,good,2,53,ICICI,0
19277.9,hard_decline,card,medium,2,46,HDFC,0
34014.4,soft_decline,upi,bad,2,48,None,0
10990.87,soft_decline,card,bad,1,55,None,0
47503.06,timeout,card,medium,2,7,HDFC,0
39338.62,duplicate,netbanking,bad,3,21,HDFC,0
4561.61,soft_decline,upi,medium,1,61,None,1
20937.28,soft_decline,card,good,2,53,Axis,1
43968.0,timeout,netbanking,medium,1,34,None,0
47242.13,timeout,card,good,2,14,ICICI,1
23423.34,soft_decline,card,bad,1,4,SBI,0
30709.23,duplicate,netbanking,bad,3,16,Axis,0
8434.99,hard_decline,netbanking,medium,2,2,None,0
49559.31,hard_decline,card,medium,2,18,ICICI,0
11660.42,timeout,upi,medium,1,36,Axis,0
47142.32,duplicate,upi,good,3,20,None,0
32517.37,timeout,card,bad,2,50,None,1
30426.07,soft_decline,card,medium,3,53,SBI,0
25683.16,soft_decline,card,good,2,10,SBI,1
11610.42,hard_decline,netbanking,bad,3,64,HDFC,1
8908.75,soft_decline,card,good,2,29,SBI,0
11102.26,timeout,upi,bad,1,42,None,0
9403.27,timeout,card,medium,1,35,None,0
39001.27,timeout,card,medium,3,56,HDFC,0
17571.25,duplicate,upi,good,2,25,None,0
2986.35,soft_decline,upi,medium,2,59,ICICI,1
48458.22,timeout,card,bad,3,21,HDFC,0
44200.92,timeout,card,medium,2,23,HDFC,0
46394.84,soft_decline,upi,bad,1,11,None,0
49745.9,timeout,card,medium,2,59,Axis,1
8777.37,soft_decline,card,bad,1,20,ICICI,0
19872.48,timeout,upi,bad,3,35,ICICI,1
37936.1,hard_decline,upi,medium,2,6,None,0
34831.43,soft_decline,card,medium,3,60,None,0
7779.41,timeout,upi,bad,1,52,ICICI,0
40810.07,timeout,netbanking,good,3,27,HDFC,1
11299.58,soft_decline,card,bad,3,23,None,0
11268.5,soft_decline,upi,medium,2,52,None,1
26895.02,hard_decline,card,bad,3,12,None,0
29687.7,hard_decline,card,good,3,71,None,0
29046.3,timeout,card,bad,2,0,Axis,1
4665.19,duplicate,card,medium,3,40,None,0
43885.3,hard_decline,netbanking,bad,1,58,None,0
13353.44,timeout,card,medium,2,12,None,1
6562.79,hard_decline,upi,good,1,53,Axis,0
44448.53,timeout,card,bad,2,46,None,0
47787.01,soft_decline,card,bad,3,26,None,0
43120.17,soft_decline,upi,bad,1,39,None,0
40494.85,timeout,upi,medium,1,31,ICICI,0
32796.57,soft_decline,netbanking,medium,1,57,HDFC,0
27587.78,timeout,netbanking,medium,3,42,SBI,1
4440.64,timeout,card,medium,1,51,None,0
20481.82,soft_decline,upi,good,1,33,HDFC,0
18697.16,hard_decline,card,good,3,5,SBI,0
13061.71,timeout,upi,bad,3,47,ICICI,1
36198.66,timeout,netbanking,medium,3,17,None,0
24844.2,soft_decline,card,bad,1,38,HDFC,0
4144.21,soft_decline,card,good,1,6,None,0
11087.14,timeout,upi,bad,1,5,Axis,1
34194.61,hard_decline,upi,medium,2,52,None,0
3898.93,soft_decline,card,bad,1,0,None,0
42575.23,soft_decline,netbanking,medium,1,28,None,0
24807.81,timeout,upi,bad,2,68,SBI,0
24081.27,timeout,card,medium,2,48,HDFC,1
29661.15,duplicate,card,medium,1,58,ICICI,0
41251.58,timeout,upi,good,2,12,SBI,1
17455.68,duplicate,card,medium,1,44,None,0
33933.01,soft_decline,card,bad,3,45,SBI,0
28330.03,timeout,upi,good,3,22,SBI,0
13424.71,soft_decline,upi,bad,3,31,SBI,0
43943.64,timeout,upi,good,3,71,None,1
39891.56,hard_decline,card,bad,2,12,HDFC,0
32956.75,soft_decline,upi,bad,1,52,SBI,0
42544.03,timeout,netbanking,medium,2,19,Axis,1
43377.98,timeout,card,good,3,0,Axis,1
35447.31,soft_decline,upi,medium,3,56,Axis,0
41866.97,timeout,netbanking,good,1,65,HDFC,1
34903.83,soft_decline,upi,medium,2,10,Axis,0
34039.02,hard_decline,upi,good,3,45,Axis,0
30968.71,timeout,card,medium,2,29,None,1
37660.56,soft_decline,upi,good,1,68,None,0
8014.39,duplicate,upi,good,1,6,HDFC,0
44055.45,soft_decline,upi,good,2,23,Axis,1
43604.99,timeout,netbanking,medium,1,47,Axis,1
1559.44,timeout,card,medium,2,42,Axis,1
41308.26,soft_decline,card,good,2,35,Axis,1
6530.61,soft_decline,card,medium,2,0,HDFC,1
16822.43,timeout,upi,bad,3,6,HDFC,0
37201.06,timeout,card,good,3,43,Axis,0
8121.92,soft_decline,upi,bad,2,60,None,0
40916.55,hard_decline,card,medium,1,25,HDFC,0
41623.5,soft_decline,card,good,1,29,SBI,0
25422.64,soft_decline,card,medium,3,0,None,1
418.65,hard_decline,netbanking,medium,2,62,None,1
14423.2,soft_decline,upi,bad,3,14,SBI,0
30884.65,timeout,netbanking,good,2,62,HDFC,1
49061.19,timeout,upi,bad,1,54,ICICI,1
31627.49,duplicate,card,medium,1,56,HDFC,0
13064.2,timeout,card,medium,3,19,None,1
31736.88,duplicate,netbanking,good,1,21,Axis,0
27045.27,hard_decline,upi,good,2,49,None,0
39014.29,timeout,card,medium,1,35,None,1
5438.33,duplicate,upi,medium,1,36,Axis,0
38075.29,timeout,card,bad,3,45,HDFC,1
27109.2,soft_decline,card,bad,2,26,Axis,1
48153.3,timeout,card,good,3,18,None,0
17159.42,duplicate,netbanking,medium,3,15,ICICI,0
31667.83,timeout,card,good,1,53,None,1
46608.2,hard_decline,card,medium,2,33,None,1
5215.24,timeout,card,bad,2,50,SBI,1
46867.7,duplicate,card,medium,3,35,SBI,0
34425.5,soft_decline,upi,bad,3,52,Axis,0
3485.07,timeout,card,bad,1,61,Axis,1
15118.08,soft_decline,card,medium,2,30,HDFC,1
35437.79,timeout,netbanking,good,2,3,ICICI,1
3460.8,timeout,card,medium,1,11,ICICI,0
29150.31,soft_decline,card,good,3,52,HDFC,1
17359.56,soft_decline,card,medium,2,60,HDFC,0
31083.68,timeout,upi,bad,1,18,None,1
2382.53,soft_decline,netbanking,medium,3,55,Axis,1
43589.69,soft_decline,card,bad,1,8,HDFC,0
48677.1,timeout,netbanking,bad,2,24,None,0
48447.0,soft_decline,upi,bad,3,53,SBI,0
37507.63,hard_decline,upi,good,1,46,ICICI,0
6591.3,duplicate,card,bad,1,40,None,0
37937.33,soft_decline,card,medium,1,50,ICICI,0
1326.89,soft_decline,upi,good,2,49,HDFC,1
1203.97,timeout,netbanking,bad,2,6,ICICI,1
16248.15,timeout,upi,bad,2,26,None,1
24483.3,duplicate,card,medium,1,47,None,0
38543.33,duplicate,card,bad,2,54,None,0
34196.44,timeout,upi,good,1,62,None,1
22350.55,soft_decline,upi,medium,1,5,HDFC,1
13753.97,soft_decline,card,good,1,34,None,1
49856.51,soft_decline,card,medium,3,31,Axis,1
21366.45,soft_decline,card,medium,1,5,None,1
22624.21,timeout,upi,good,2,62,None,0
8264.83,timeout,upi,medium,1,17,None,1
39761.0,soft_decline,netbanking,good,2,30,None,1
34714.74,timeout,upi,good,3,51,Axis,1
11116.4,soft_decline,card,medium,3,15,Axis,0
4210.81,hard_decline,upi,medium,1,55,None,0
34056.92,timeout,netbanking,medium,2,66,None,1
32760.11,hard_decline,netbanking,good,3,61,SBI,1
13735.65,hard_decline,netbanking,medium,3,51,ICICI,0
47548.09,soft_decline,card,good,3,4,SBI,1
7637.79,hard_decline,upi,medium,2,52,None,0
21673.51,timeout,netbanking,bad,1,16,SBI,1
47186.43,duplicate,upi,good,1,30,SBI,0
21044.39,hard_decline,card,medium,3,15,ICICI,0
31962.44,hard_decline,netbanking,good,1,56,SBI,1
19939.96,timeout,card,medium,3,20,None,1
13783.34,duplicate,card,medium,2,40,ICICI,0
49200.48,soft_decline,card,bad,1,38,None,0
20525.77,hard_decline,upi,medium,2,36,ICICI,0
44715.55,timeout,card,medium,1,40,ICICI,1
11574.73,timeout,card,medium,2,52,HDFC,0
10733.92,soft_decline,upi,good,2,31,None,1
1653.59,timeout,upi,bad,1,24,HDFC,0
32618.17,soft_decline,upi,medium,3,52,None,0
18489.46,hard_decline,card,good,3,63,Axis,0
43231.48,hard_decline,upi,medium,2,32,None,0
23713.17,timeout,card,medium,2,37,None,1
48412.85,hard_decline,card,good,3,7,HDFC,0
9357.72,soft_decline,card,medium,1,0,HDFC,1
43444.3,soft_decline,netbanking,medium,1,58,HDFC,1
38852.18,timeout,card,medium,2,34,ICICI,1
38569.0,soft_decline,card,good,1,15,HDFC,1
42254.68,hard_decline,card,bad,2,13,SBI,0
38075.1,soft_decline,card,good,1,4,ICICI,1
31348.39,timeout,netbanking,medium,2,20,ICICI,1
6649.12,hard_decline,netbanking,bad,1,57,None,1
1723.06,soft_decline,card,good,2,56,None,1
46050.31,soft_decline,card,good,3,10,Axis,1
30870.85,timeout,card,good,3,70,Axis,1
39847.21,hard_decline,upi,good,3,7,Axis,0
24127.97,timeout,card,good,3,13,SBI,1
5953.68,timeout,card,medium,2,48,None,1
6346.77,duplicate,upi,medium,1,32,HDFC,0
34309.71,soft_decline,card,medium,2,23,ICICI,1
21572.26,duplicate,card,good,2,70,HDFC,0
10106.18,soft_decline,card,bad,2,37,HDFC,0
24630.57,soft_decline,card,good,1,49,HDFC,1
3304.03,timeout,upi,medium,2,63,HDFC,1
29140.37,soft_decline,netbanking,good,3,1,Axis,1
13522.77,soft_decline,card,good,3,38,HDFC,0
39898.2,soft_decline,card,medium,2,13,ICICI,0
15587.06,timeout,netbanking,medium,3,11,SBI,0
22815.49,hard_decline,netbanking,medium,3,50,ICICI,0
679.86,timeout,card,medium,1,9,None,1
3715.1,timeout,upi,bad,2,43,Axis,1
19685.43,timeout,card,medium,2,39,ICICI,0
24048.95,soft_decline,upi,medium,3,59,ICICI,0
30041.03,duplicate,netbanking,good,2,69,Axis,0
14653.96,soft_decline,upi,good,2,30,HDFC,1
34779.6,soft_decline,card,medium,3,36,ICICI,0
43020.11,soft_decline,card,medium,3,57,ICICI,1
39014.56,hard_decline,upi,medium,2,42,SBI,0
2076.98,soft_decline,upi,good,1,70,HDFC,1
24077.3,soft_decline,upi,bad,3,37,HDFC,0
5336.02,soft_decline,card,bad,2,7,None,0
12178.05,soft_decline,upi,medium,3,33,None,1
49334.46,timeout,upi,bad,2,16,SBI,1
7210.53,timeout,card,bad,2,16,None,0
24994.52,timeout,card,bad,1,52,Axis,1
30945.97,soft_decline,card,medium,3,14,HDFC,0
35153.0,soft_decline,upi,bad,1,63,SBI,0
28026.47,duplicate,upi,good,3,56,HDFC,0
587.57,soft_decline,netbanking,medium,1,19,Axis,0
16390.42,timeout,card,bad,3,60,HDFC,0
25933.81,soft_decline,netbanking,bad,1,24,HDFC,0
4484.54,duplicate,upi,good,1,26,None,0
17596.28,soft_decline,card,bad,3,46,None,0
1756.84,hard_decline,card,medium,1,27,None,0
4021.07,timeout,card,good,1,5,None,0
19906.47,hard_decline,netbanking,medium,3,40,None,0
6722.52,soft_decline,card,bad,3,58,HDFC,0
28420.29,hard_decline,card,bad,2,60,Axis,0
34504.3,timeout,card,bad,3,48,None,1
40049.28,soft_decline,netbanking,good,2,4,ICICI,1
10087.5,soft_decline,card,good,1,10,None,0
8457.38,hard_decline,card,good,3,39,ICICI,0
5317.94,soft_decline,card,good,2,69,Axis,0
31857.87,timeout,card,medium,3,38,None,1
35353.14,soft_decline,card,medium,2,69,ICICI,0
1676.15,hard_decline,upi,good,2,19,Axis,0
46816.99,soft_decline,netbanking,bad,3,3,None,0
2693.37,hard_decline,netbanking,medium,1,12,Axis,0
27110.69,soft_decline,upi,bad,1,48,SBI,0
35482.12,soft_decline,card,medium,2,8,None,1
43561.36,soft_decline,upi,medium,2,58,Axis,1
35732.94,duplicate,card,medium,1,2,ICICI,0
40106.23,soft_decline,card,medium,3,10,None,0
17038.56,timeout,netbanking,medium,3,4,Axis,1
40759.77,soft_decline,netbanking,medium,1,34,HDFC,0
4097.73,soft_decline,upi,bad,1,23,ICICI,1
44751.35,hard_decline,netbanking,bad,1,69,HDFC,1
27424.86,hard_decline,netbanking,medium,2,5,HDFC,1
40883.16,duplicate,upi,good,1,41,ICICI,0
22670.68,duplicate,upi,bad,1,42,ICICI,0
32214.53,timeout,upi,bad,1,13,SBI,1
26367.49,timeout,card,medium,1,24,None,0
36606.32,hard_decline,card,bad,3,17,None,0
4173.34,soft_decline,upi,good,3,23,None,0
3111.57,duplicate,card,good,1,62,Axis,0
12430.45,timeout,card,good,2,0,None,1
8061.28,hard_decline,card,good,2,14,HDFC,0
43602.0,soft_decline,card,medium,3,53,ICICI,0
11038.78,soft_decline,netbanking,good,2,33,Axis,1
48795.68,duplicate,upi,bad,2,51,None,0
16911.1,soft_decline,upi,medium,3,1,Axis,0
9187.68,hard_decline,netbanking,medium,1,35,None,0
39505.96,soft_decline,netbanking,good,1,22,HDFC,0
32969.52,timeout,upi,medium,3,23,HDFC,0
24959.97,soft_decline,netbanking,good,1,31,None,0
27812.64,timeout,card,bad,1,50,ICICI,1
35988.17,soft_decline,card,bad,3,45,SBI,0
11499.89,timeout,card,medium,3,12,None,1
49817.06,timeout,upi,good,3,13,HDFC,1
48742.18,soft_decline,upi,bad,2,16,HDFC,0
32551.25,hard_decline,upi,medium,3,15,ICICI,0
10057.17,soft_decline,upi,good,3,31,None,0
34043.39,soft_decline,card,medium,3,11,SBI,0
3702.7,timeout,card,bad,3,2,ICICI,1
1629.56,hard_decline,upi,good,1,52,Axis,0
12958.38,soft_decline,card,bad,3,42,HDFC,0
23184.89,soft_decline,upi,good,3,4,None,1
43426.8,soft_decline,upi,good,2,46,Axis,1
36385.74,timeout,upi,medium,2,26,HDFC,1
37161.06,soft_decline,card,good,1,51,SBI,1
21332.12,duplicate,upi,medium,3,55,SBI,0
17362.16,duplicate,netbanking,good,3,67,HDFC,0
18614.83,soft_decline,netbanking,medium,3,14,HDFC,0
49383.71,soft_decline,netbanking,good,2,18,HDFC,0
2101.45,timeout,upi,bad,1,25,Axis,1
43364.87,soft_decline,card,bad,2,44,HDFC,0
28975.9,soft_decline,upi,bad,3,9,HDFC,0
21986.91,soft_decline,netbanking,bad,2,25,None,1
36290.36,hard_decline,card,medium,3,7,HDFC,0
24384.78,timeout,card,medium,3,31,Axis,0
43683.82,soft_decline,card,bad,3,20,None,0
45045.02,soft_decline,upi,good,1,44,HDFC,0
21143.87,duplicate,card,medium,2,54,None,0
13913.71,timeout,card,bad,3,11,SBI,0
29658.28,hard_decline,netbanking,good,3,47,None,0
45626.93,timeout,upi,bad,1,58,Axis,1
10612.04,hard_decline,card,medium,1,69,Axis,1
31186.03,timeout,card,medium,3,36,None,1
31614.85,soft_decline,card,bad,3,30,HDFC,0
36682.34,soft_decline,card,medium,3,2,ICICI,0
6665.23,timeout,card,bad,3,68,None,1
35819.67,hard_decline,upi,bad,1,58,HDFC,0
45460.72,duplicate,upi,medium,2,32,ICICI,0
9066.19,soft_decline,upi,good,1,35,Axis,1
11953.41,duplicate,card,good,1,2,HDFC,0
48572.62,duplicate,upi,medium,2,2,SBI,0
9130.75,soft_decline,netbanking,bad,3,58,None,0
42733.82,timeout,card,good,3,53,None,0
24664.67,hard_decline,card,good,2,27,Axis,0
12436.83,duplicate,upi,good,1,8,SBI,0
43550.42,hard_decline,upi,medium,3,25,None,0
22320.73,timeout,card,bad,2,28,HDFC,1
25789.39,hard_decline,upi,good,2,9,Axis,0
18025.75,soft_decline,upi,good,2,26,None,1
29688.25,soft_decline,netbanking,medium,3,62,Axis,1
8259.84,hard_decline,card,bad,2,61,HDFC,0
19614.97,timeout,upi,bad,1,17,SBI,1
48473.67,timeout,card,bad,1,52,None,1
12980.86,timeout,upi,good,2,16,HDFC,1
32871.16,soft_decline,upi,medium,2,48,None,1
16326.98,hard_decline,card,bad,2,25,ICICI,0
38696.31,soft_decline,netbanking,bad,1,4,Axis,0
6630.6,timeout,card,medium,3,43,None,0
48494.07,duplicate,upi,bad,1,23,None,0
22744.1,hard_decline,card,bad,2,56,Axis,0
11878.92,soft_decline,upi,medium,3,6,SBI,0
3767.49,soft_decline,card,good,3,19,HDFC,0
8570.92,timeout,netbanking,medium,2,55,ICICI,1
26036.72,timeout,netbanking,bad,2,71,SBI,0
16916.46,timeout,netbanking,medium,1,18,None,0
41461.28,soft_decline,card,bad,1,63,None,0
21601.29,timeout,upi,medium,1,42,ICICI,1
12510.84,timeout,card,good,2,43,SBI,1
30895.53,soft_decline,netbanking,good,3,24,Axis,0
35368.18,hard_decline,upi,bad,1,16,None,0
8435.39,soft_decline,upi,medium,2,38,None,0
8464.2,hard_decline,upi,good,3,24,None,0
1929.9,timeout,card,bad,2,38,SBI,0
36846.46,hard_decline,upi,medium,2,38,HDFC,0
33223.85,timeout,card,bad,2,58,ICICI,1
23784.08,hard_decline,netbanking,medium,1,65,Axis,0
42224.11,soft_decline,netbanking,good,2,15,Axis,1
40302.94,hard_decline,upi,medium,2,52,None,1
29309.18,hard_decline,netbanking,bad,2,28,ICICI,0
43426.74,soft_decline,card,good,1,65,None,0
10371.48,soft_decline,netbanking,bad,2,9,HDFC,0
5684.79,hard_decline,card,good,2,1,HDFC,0
13560.51,soft_decline,upi,medium,1,12,HDFC,0
2948.63,soft_decline,upi,medium,2,53,SBI,1
26605.36,hard_decline,card,bad,3,1,None,0
46836.62,soft_decline,card,medium,2,41,HDFC,1
2063.24,duplicate,card,medium,2,13,SBI,0
6193.28,soft_decline,netbanking,bad,1,50,None,0
22664.73,timeout,card,good,1,48,HDFC,1
46700.36,hard_decline,upi,good,1,37,HDFC,0
15876.19,timeout,upi,good,1,33,SBI,1
25411.02,soft_decline,card,medium,3,28,HDFC,0
2174.49,duplicate,card,medium,2,63,SBI,0
7502.33,hard_decline,upi,bad,2,22,HDFC,1
49332.84,timeout,card,medium,3,22,None,1
48259.42,soft_decline,upi,good,1,15,Axis,0
346.51,soft_decline,card,bad,2,43,Axis,0
47595.41,timeout,card,good,3,59,SBI,1
31992.08,soft_decline,upi,bad,2,70,None,0
43409.12,hard_decline,card,good,3,64,None,0
22791.52,soft_decline,netbanking,good,3,18,HDFC,0
25828.24,timeout,netbanking,medium,2,44,None,1
24493.44,duplicate,card,good,1,0,Axis,0
33376.53,hard_decline,card,good,1,11,None,0
7068.6,timeout,card,medium,3,24,None,0
1595.68,hard_decline,card,good,1,9,ICICI,0
15465.7,hard_decline,upi,good,2,65,Axis,0
35263.57,duplicate,netbanking,good,3,32,None,0
10172.49,timeout,card,medium,2,1,None,1
33704.28,timeout,card,medium,2,3,Axis,0
48498.61,soft_decline,card,good,1,22,None,1
4785.65,hard_decline,card,medium,2,40,None,1
33662.85,soft_decline,upi,bad,3,37,None,0
22243.14,hard_decline,upi,medium,3,55,None,0
43420.3,hard_decline,card,medium,2,43,ICICI,0
8939.77,timeout,card,good,2,63,None,0
34662.04,timeout,netbanking,medium,3,23,ICICI,1
41921.95,hard_decline,card,bad,1,40,Axis,0
47236.25,soft_decline,netbanking,medium,1,27,SBI,1
34194.08,timeout,card,good,1,61,None,1
24909.02,soft_decline,netbanking,good,2,14,ICICI,1
30930.58,timeout,upi,bad,2,61,HDFC,1
43458.36,soft_decline,card,bad,3,9,None,1
28573.43,soft_decline,netbanking,medium,3,28,Axis,1
1616.31,duplicate,upi,good,3,30,None,0
46554.34,soft_decline,card,bad,3,62,None,0
34507.38,hard_decline,card,good,1,17,None,0
33858.02,soft_decline,upi,medium,2,6,None,1
10862.19,duplicate,upi,bad,2,26,Axis,0
32978.38,timeout,upi,medium,1,8,SBI,1
19753.83,soft_decline,upi,good,3,19,HDFC,0
32596.53,soft_decline,upi,good,3,49,ICICI,0
5418.99,timeout,upi,bad,2,60,None,1
32926.48,soft_decline,upi,medium,3,66,HDFC,0
49970.74,timeout,card,bad,2,16,None,0
2505.78,soft_decline,netbanking,medium,1,20,SBI,1
48860.99,soft_decline,card,bad,2,31,None,1
20404.71,timeout,card,bad,1,47,Axis,1
43550.6,soft_decline,upi,medium,3,37,None,1
39141.04,timeout,card,medium,2,27,HDFC,0
28394.11,soft_decline,card,medium,3,59,HDFC,0
36948.62,soft_decline,card,medium,3,69,ICICI,1
43937.93,duplicate,upi,medium,3,57,ICICI,0
20266.6,hard_decline,netbanking,bad,2,69,None,0
16418.95,timeout,upi,good,3,52,None,1
33412.91,soft_decline,upi,medium,2,9,ICICI,0
40411.51,timeout,card,medium,3,1,None,0
38138.03,timeout,card,good,1,24,None,1
39910.9,soft_decline,card,medium,2,37,Axis,0
21835.61,timeout,card,bad,1,0,SBI,1
40909.93,timeout,card,medium,1,12,Axis,1
6098.43,soft_decline,card,bad,2,70,Axis,1
27270.01,hard_decline,card,bad,2,0,None,0
387.36,hard_decline,upi,bad,2,30,ICICI,0
16296.83,soft_decline,netbanking,medium,3,66,None,1
18386.43,hard_decline,netbanking,good,3,55,Axis,0
19869.02,soft_decline,upi,medium,1,18,None,0
34803.81,hard_decline,card,good,2,3,ICICI,0
19489.05,timeout,upi,bad,1,27,ICICI,1
22489.81,hard_decline,card,good,3,43,None,0
11953.45,duplicate,upi,good,1,29,Axis,0
18725.26,soft_decline,upi,medium,1,35,ICICI,1
11440.75,hard_decline,upi,medium,2,52,HDFC,0
3752.48,timeout,netbanking,good,2,58,SBI,1
30212.08,hard_decline,upi,good,1,67,None,0
33443.82,hard_decline,upi,bad,3,3,ICICI,0
31012.57,soft_decline,card,medium,1,10,None,1
23228.35,soft_decline,netbanking,good,3,52,HDFC,1
19051.31,soft_decline,card,medium,1,53,HDFC,1
43180.35,duplicate,netbanking,good,1,44,Axis,0
26002.18,soft_decline,card,good,2,16,None,1
24011.18,timeout,card,bad,1,63,None,1
1379.54,timeout,netbanking,medium,3,57,SBI,0
17128.27,soft_decline,card,good,1,12,Axis,1
19071.76,hard_decline,netbanking,bad,1,50,ICICI,0
20001.26,timeout,card,bad,3,51,Axis,0
29050.6,timeout,netbanking,good,1,14,ICICI,0
26726.77,soft_decline,upi,medium,1,3,None,1
30434.46,soft_decline,upi,bad,1,8,Axis,0
38267.67,soft_decline,card,medium,1,66,Axis,1
40667.99,soft_decline,card,medium,3,56,ICICI,0
35934.34,hard_decline,netbanking,medium,3,28,SBI,0
47780.63,timeout,card,medium,3,46,None,0
1009.81,soft_decline,card,medium,3,4,ICICI,1
9869.32,timeout,upi,medium,1,69,HDFC,1
477.39,timeout,card,good,3,63,ICICI,0
32408.99,soft_decline,card,bad,1,58,None,0
44911.72,soft_decline,card,good,2,34,None,0
12249.77,timeout,card,medium,1,4,SBI,1
46359.02,timeout,netbanking,medium,1,49,None,0
3107.34,timeout,card,bad,3,59,ICICI,1
46728.36,soft_decline,netbanking,medium,3,14,SBI,0
17645.97,soft_decline,card,bad,3,23,HDFC,0
5160.9,soft_decline,card,good,2,20,None,0
24345.0,hard_decline,upi,medium,1,1,None,1
12913.15,timeout,card,bad,2,44,HDFC,1
14315.16,soft_decline,upi,bad,1,9,ICICI,0
15433.77,timeout,netbanking,medium,1,44,SBI,1
40170.99,hard_decline,card,medium,2,36,None,1
27004.15,timeout,upi,good,2,22,None,1
15634.25,duplicate,card,medium,1,44,None,0
30555.66,soft_decline,card,medium,2,40,ICICI,1
35835.92,duplicate,card,good,3,64,ICICI,0
13703.94,soft_decline,netbanking,bad,1,60,ICICI,0
20736.1,soft_decline,card,bad,3,5,Axis,0
6182.12,timeout,netbanking,good,2,64,Axis,1
9139.35,duplicate,upi,medium,3,17,HDFC,0
34087.78,hard_decline,card,bad,2,39,None,0
9153.77,hard_decline,card,good,3,37,ICICI,0
26305.65,timeout,netbanking,medium,2,44,None,1
35481.41,timeout,upi,medium,1,16,None,1
5433.16,soft_decline,card,good,1,12,None,1
28408.88,timeout,netbanking,medium,1,9,SBI,1
12902.48,hard_decline,card,bad,1,30,ICICI,0
48150.05,hard_decline,netbanking,medium,2,49,SBI,0
24228.93,hard_decline,netbanking,medium,3,22,SBI,0
40319.03,hard_decline,upi,medium,1,44,ICICI,1
27556.3,duplicate,netbanking,bad,2,37,None,0
2266.29,hard_decline,upi,bad,2,10,SBI,0
31694.25,duplicate,upi,good,1,7,HDFC,0
47575.03,soft_decline,upi,bad,1,12,None,0
30120.43,timeout,card,good,2,33,SBI,0
40977.52,timeout,upi,good,3,64,None,0
44221.9,timeout,card,medium,2,9,ICICI,1
11481.18,timeout,card,medium,1,35,ICICI,1
10681.04,hard_decline,card,medium,1,3,None,0
30587.95,timeout,card,medium,1,20,SBI,1
20610.32,timeout,card,good,3,60,None,0
42009.08,soft_decline,netbanking,good,3,37,SBI,0
45011.15,timeout,card,medium,3,38,ICICI,1
17735.73,hard_decline,upi,good,2,53,None,0
11919.84,soft_decline,card,good,2,61,None,1
39048.22,timeout,card,good,3,18,ICICI,0
13812.82,hard_decline,card,bad,3,1,SBI,0
41148.45,timeout,card,bad,1,21,HDFC,1
21244.54,soft_decline,upi,good,1,56,HDFC,0
33410.74,soft_decline,upi,good,2,2,None,0
4867.21,hard_decline,card,medium,3,22,None,0
31230.58,soft_decline,card,bad,3,3,None,0
22643.21,timeout,netbanking,good,2,27,None,1
29371.76,soft_decline,card,bad,3,69,HDFC,0
8483.91,hard_decline,card,medium,1,69,ICICI,0
36870.0,soft_decline,upi,bad,3,40,HDFC,0
43153.57,soft_decline,card,good,2,36,None,1
10915.32,timeout,netbanking,bad,2,6,None,1
4876.16,soft_decline,upi,medium,3,0,SBI,0
1279.57,timeout,card,bad,2,33,None,1
32134.38,duplicate,card,medium,1,51,None,0
30393.99,timeout,upi,medium,1,9,HDFC,1
27380.2,timeout,card,bad,1,59,ICICI,1
11674.16,soft_decline,netbanking,bad,3,5,HDFC,0
19606.21,soft_decline,upi,medium,2,67,Axis,0
29764.37,timeout,card,medium,1,71,ICICI,0
24888.67,timeout,upi,bad,2,47,Axis,0
49390.5,timeout,card,bad,2,44,None,1
6908.34,timeout,card,good,2,11,SBI,0
34787.71,hard_decline,upi,medium,1,69,None,0
20275.51,soft_decline,upi,bad,2,20,SBI,0
21467.16,timeout,upi,medium,1,35,ICICI,1
35908.13,timeout,card,bad,1,22,SBI,1
34652.56,hard_decline,upi,bad,1,54,ICICI,0
49563.67,timeout,card,bad,3,26,HDFC,1
6506.88,soft_decline,upi,bad,2,19,HDFC,0
5295.07,soft_decline,upi,bad,3,14,None,0
36244.51,timeout,upi,bad,3,41,None,1
28961.51,timeout,netbanking,bad,3,3,SBI,0
13780.62,hard_decline,netbanking,good,3,28,HDFC,0
4063.03,soft_decline,netbanking,good,1,54,None,1
4374.35,soft_decline,netbanking,medium,1,48,None,1
44720.12,timeout,upi,bad,2,70,ICICI,0
9674.18,soft_decline,netbanking,medium,2,53,ICICI,1
16236.24,timeout,netbanking,good,1,32,ICICI,0
11410.15,duplicate,upi,medium,2,36,None,0
17814.32,timeout,card,bad,2,6,SBI,1
3564.25,soft_decline,card,bad,3,23,Axis,0
26001.08,timeout,netbanking,bad,3,54,HDFC,0
3473.87,soft_decline,card,medium,3,10,ICICI,0
40037.79,soft_decline,netbanking,medium,3,43,ICICI,0
11762.23,soft_decline,card,medium,3,64,HDFC,0
27046.59,soft_decline,card,medium,1,5,HDFC,0
44015.95,duplicate,upi,medium,3,30,SBI,0
32578.78,soft_decline,netbanking,medium,3,42,Axis,1
26694.59,soft_decline,card,good,1,11,ICICI,0
16284.25,duplicate,netbanking,medium,3,64,SBI,0
16716.8,soft_decline,upi,good,2,51,None,0
33507.4,timeout,card,good,1,69,ICICI,0
49707.55,soft_decline,card,medium,2,29,HDFC,0
33125.78,soft_decline,card,good,2,54,ICICI,0
27933.39,duplicate,card,medium,1,38,None,0
36559.46,soft_decline,card,good,1,5,HDFC,1
23313.76,hard_decline,card,medium,3,55,HDFC,1
3101.1,soft_decline,card,bad,1,7,HDFC,0
28158.61,soft_decline,netbanking,medium,1,54,ICICI,1
47885.5,soft_decline,upi,medium,3,15,Axis,0
8847.62,soft_decline,upi,bad,3,1,None,0
34531.24,soft_decline,card,medium,1,63,None,0
10126.59,timeout,netbanking,good,3,10,ICICI,1
26837.8,hard_decline,netbanking,good,3,3,Axis,0
4924.15,soft_decline,upi,medium,3,2,Axis,1
22573.51,hard_decline,netbanking,medium,2,14,HDFC,0
37832.55,duplicate,netbanking,good,3,67,SBI,0
17443.82,duplicate,upi,bad,2,42,ICICI,0
33279.1,timeout,upi,good,1,8,HDFC,1
39792.95,timeout,card,bad,2,24,HDFC,1
46366.17,soft_decline,card,bad,2,64,HDFC,0
11808.64,soft_decline,card,bad,2,65,None,1
20025.86,timeout,card,bad,2,54,ICICI,1
7705.56,timeout,card,good,2,44,SBI,0
49624.93,hard_decline,netbanking,bad,2,32,ICICI,0
46357.35,hard_decline,card,good,1,21,HDFC,0
27043.86,duplicate,netbanking,bad,1,41,ICICI,0
42117.46,timeout,upi,medium,1,26,HDFC,1
26095.8,hard_decline,card,medium,2,10,None,1
31216.93,timeout,card,bad,3,41,None,0
4547.31,soft_decline,card,good,2,21,SBI,1
37787.99,soft_decline,netbanking,good,1,8,None,0
6472.9,soft_decline,netbanking,medium,2,56,SBI,1
41320.77,hard_decline,card,bad,1,30,SBI,0
39123.2,soft_decline,netbanking,medium,3,17,SBI,1
35466.36,timeout,upi,medium,3,11,None,0
1904.4,soft_decline,card,bad,1,39,None,0
15226.1,hard_decline,upi,good,1,44,None,1
13229.32,soft_decline,upi,medium,2,48,None,1
18070.81,soft_decline,card,bad,2,0,Axis,0
4473.37,timeout,upi,medium,2,6,None,1
46854.2,timeout,card,medium,3,1,Axis,1
27734.73,duplicate,card,good,3,3,None,0
15345.66,duplicate,card,good,3,44,None,0
19909.38,soft_decline,netbanking,good,2,45,None,1
22415.41,soft_decline,upi,medium,1,66,ICICI,1
30069.66,timeout,card,good,1,8,HDFC,1
25832.4,duplicate,card,medium,2,56,Axis,0
45977.66,timeout,card,good,2,15,SBI,0
24898.48,timeout,upi,bad,1,50,None,1
49608.68,timeout,card,bad,1,51,HDFC,1
42586.11,soft_decline,netbanking,medium,3,8,None,1
10504.67,hard_decline,netbanking,medium,2,5,None,1
46536.7,timeout,upi,bad,3,43,HDFC,1
5906.68,timeout,card,medium,3,5,Axis,1
40890.74,soft_decline,card,bad,1,4,ICICI,1
19093.1,soft_decline,card,good,2,45,ICICI,1
43910.92,soft_decline,upi,bad,1,26,None,1
43416.03,soft_decline,upi,medium,3,44,None,1
40315.68,duplicate,upi,good,2,40,HDFC,0
39522.52,soft_decline,card,bad,3,27,HDFC,0
15303.49,soft_decline,netbanking,bad,3,53,None,0
4137.87,soft_decline,card,medium,1,31,None,1
20208.71,timeout,card,bad,2,52,None,1
8758.87,hard_decline,upi,good,2,70,SBI,0
34778.06,soft_decline,card,medium,2,29,None,1
17370.38,soft_decline,upi,good,2,52,None,1
48782.95,soft_decline,netbanking,good,3,30,SBI,0
32084.51,hard_decline,upi,bad,1,11,Axis,0
41141.78,soft_decline,card,medium,2,8,HDFC,1
6712.98,duplicate,card,good,3,66,None,0
43114.52,hard_decline,card,medium,1,36,ICICI,0
46145.58,soft_decline,card,good,1,27,Axis,1
24404.39,timeout,netbanking,medium,1,25,Axis,1
30352.02,soft_decline,upi,good,2,20,HDFC,1
38264.01,timeout,card,bad,3,9,ICICI,0
8824.45,soft_decline,netbanking,good,1,23,Axis,1
25178.05,hard_decline,upi,medium,1,24,None,0
19993.29,timeout,card,good,1,51,None,1
7404.06,duplicate,card,medium,3,0,Axis,0
18439.97,soft_decline,card,good,3,52,ICICI,1
3501.8,soft_decline,netbanking,medium,2,67,None,0
1388.01,hard_decline,upi,medium,2,23,SBI,0
6844.8,duplicate,netbanking,bad,3,26,HDFC,0
48159.44,duplicate,card,good,2,26,HDFC,0
27521.52,soft_decline,netbanking,bad,3,64,None,0
48294.53,soft_decline,card,good,2,38,None,0
21681.64,hard_decline,netbanking,good,2,35,ICICI,0
15659.63,soft_decline,netbanking,good,3,68,HDFC,0
25356.48,soft_decline,card,good,1,4,None,0
22031.63,soft_decline,upi,medium,1,9,ICICI,0
5372.67,timeout,upi,bad,2,15,SBI,1
32077.23,duplicate,netbanking,good,1,52,Axis,0
10880.31,duplicate,card,medium,1,13,HDFC,0
31017.44,soft_decline,card,medium,2,28,ICICI,1
32545.03,hard_decline,netbanking,medium,1,27,None,0
7686.04,timeout,upi,medium,3,16,None,0
3161.35,soft_decline,card,bad,3,68,ICICI,0
39060.0,timeout,netbanking,good,1,65,None,1
23044.04,hard_decline,card,bad,3,35,None,0
3002.37,soft_decline,upi,good,3,45,HDFC,1
49743.83,hard_decline,card,medium,1,44,Axis,0
2983.25,soft_decline,card,medium,3,8,ICICI,1
34782.26,timeout,card,medium,2,35,SBI,1
49185.58,soft_decline,card,good,2,4,SBI,1
12035.09,soft_decline,upi,good,2,49,SBI,1
7198.24,soft_decline,upi,good,1,27,SBI,1
6157.11,timeout,card,bad,3,26,HDFC,0
15233.43,hard_decline,card,good,1,46,HDFC,0
5142.19,hard_decline,upi,bad,1,32,Axis,0
34638.85,hard_decline,card,good,3,37,None,0
3208.36,hard_decline,upi,bad,3,7,None,0
25520.16,soft_decline,upi,medium,3,3,ICICI,0
49835.17,timeout,netbanking,good,1,35,ICICI,1
40717.12,soft_decline,upi,bad,1,30,ICICI,0
30799.45,soft_decline,card,good,2,48,None,1
15382.06,timeout,netbanking,medium,1,40,None,1
31232.4,soft_decline,netbanking,medium,3,7,ICICI,0
26399.37,soft_decline,card,medium,1,29,HDFC,1
21361.56,hard_decline,netbanking,bad,2,13,None,0
6622.45,hard_decline,upi,bad,3,44,None,0
44341.55,timeout,card,bad,2,45,None,0
22544.25,timeout,card,bad,1,66,ICICI,0
9811.66,timeout,upi,medium,1,15,Axis,1
18451.19,timeout,card,good,2,9,ICICI,1
20765.07,soft_decline,card,bad,2,67,HDFC,1
41394.14,soft_decline,card,medium,3,51,HDFC,0
36707.36,hard_decline,card,good,3,49,None,0
38488.31,soft_decline,card,medium,2,67,ICICI,1
650.46,duplicate,upi,bad,3,1,Axis,0
20866.08,timeout,card,good,2,59,None,1
24119.07,soft_decline,netbanking,bad,2,49,HDFC,0
1057.69,soft_decline,card,medium,1,0,None,1
13064.68,soft_decline,card,good,2,36,Axis,0
38038.46,soft_decline,card,bad,3,22,ICICI,0
6941.77,soft_decline,card,bad,2,48,ICICI,0
26811.98,hard_decline,card,good,1,63,HDFC,0
10838.57,timeout,upi,medium,3,16,ICICI,0
704.83,timeout,upi,medium,2,70,SBI,1
12135.95,soft_decline,card,bad,1,14,None,0
48796.1,soft_decline,card,good,3,50,ICICI,0
40096.7,hard_decline,card,good,1,26,Axis,0
47982.87,timeout,netbanking,bad,1,8,None,1
24443.92,timeout,upi,medium,3,63,Axis,1
5575.84,duplicate,card,medium,1,62,Axis,0
27443.18,hard_decline,card,bad,1,52,Axis,1
22773.43,timeout,netbanking,bad,1,41,None,0
42233.42,soft_decline,card,bad,3,69,ICICI,0
4994.32,hard_decline,upi,good,1,34,SBI,0
24463.23,soft_decline,card,bad,2,16,None,1
7587.43,hard_decline,upi,bad,1,43,Axis,1
16301.33,timeout,netbanking,good,2,42,SBI,1
36894.12,soft_decline,netbanking,medium,1,43,Axis,1
23853.3,soft_decline,upi,good,2,37,HDFC,1
18856.83,soft_decline,card,bad,3,40,Axis,0
19784.37,soft_decline,card,bad,1,24,None,0
23026.39,soft_decline,card,bad,2,48,SBI,0
39272.33,soft_decline,netbanking,good,3,59,HDFC,0
44615.03,soft_decline,upi,medium,1,1,SBI,1
47771.2,soft_decline,card,good,1,64,ICICI,1
39366.48,duplicate,card,bad,1,2,ICICI,0
15838.8,soft_decline,upi,medium,3,13,ICICI,0
34437.92,soft_decline,netbanking,good,3,44,ICICI,0
21936.4,hard_decline,upi,good,2,33,None,0
12808.06,timeout,card,medium,1,35,None,1
42059.49,timeout,card,medium,2,14,SBI,1
2017.47,soft_decline,card,bad,2,36,None,0
45097.92,hard_decline,netbanking,good,2,9,None,0
23127.73,timeout,netbanking,medium,2,8,SBI,1
31896.35,timeout,netbanking,good,2,49,None,1
33001.76,timeout,upi,medium,1,34,ICICI,1
44766.38,timeout,upi,bad,3,45,None,0
31869.82,timeout,upi,medium,2,46,None,1
30735.29,hard_decline,upi,good,3,17,HDFC,0
3425.94,hard_decline,upi,bad,2,24,ICICI,0
25968.56,timeout,card,good,1,34,None,1
7593.43,timeout,upi,bad,2,50,HDFC,1
36897.95,soft_decline,card,medium,2,54,Axis,1
25659.87,duplicate,card,good,2,15,SBI,0
34043.37,soft_decline,netbanking,good,1,11,ICICI,0
2179.48,hard_decline,netbanking,good,2,58,ICICI,0
4331.12,timeout,upi,bad,1,36,SBI,1
35844.54,soft_decline,card,bad,3,31,ICICI,0
3697.01,hard_decline,netbanking,medium,3,56,HDFC,0
3655.71,soft_decline,upi,good,3,21,None,0
704.21,soft_decline,card,bad,1,44,Axis,0
47829.42,soft_decline,upi,medium,2,11,SBI,1
36901.67,soft_decline,card,medium,3,4,HDFC,0
17727.25,soft_decline,card,medium,3,25,Axis,1
14897.13,duplicate,netbanking,medium,2,19,Axis,0
17550.19,duplicate,card,medium,3,60,SBI,0
38755.21,soft_decline,card,medium,3,7,ICICI,1
33102.39,timeout,card,medium,2,61,None,0
9341.26,soft_decline,card,bad,1,53,None,0
8788.06,soft_decline,card,medium,1,57,ICICI,0
5009.94,soft_decline,card,medium,3,65,Axis,1
33049.11,duplicate,card,good,3,44,ICICI,0
38242.2,duplicate,card,bad,1,64,HDFC,0
13325.82,soft_decline,card,good,3,4,None,0
1145.15,soft_decline,card,good,1,30,None,1
4200.37,soft_decline,upi,bad,3,22,Axis,0
48396.22,hard_decline,upi,good,3,20,None,1
14842.69,hard_decline,card,medium,1,11,None,0
38484.24,soft_decline,upi,bad,2,3,None,0
31270.71,timeout,netbanking,medium,3,36,None,0
19158.79,soft_decline,netbanking,good,3,8,None,0
10363.79,duplicate,card,medium,2,25,None,0
6157.18,timeout,upi,bad,3,26,SBI,0
30789.15,hard_decline,card,medium,2,61,None,0
38754.23,timeout,card,bad,2,49,ICICI,1
32230.82,timeout,card,bad,1,71,None,1
26562.08,soft_decline,card,medium,2,1,None,1
2193.37,soft_decline,upi,bad,1,25,HDFC,0
48427.59,duplicate,upi,medium,1,68,ICICI,0
39955.84,soft_decline,upi,medium,1,45,HDFC,0
14711.82,soft_decline,card,medium,3,62,HDFC,0
49000.52,hard_decline,card,good,3,69,SBI,0
30133.89,timeout,card,good,2,22,Axis,0
29162.89,timeout,card,medium,1,16,ICICI,1
37428.85,duplicate,netbanking,medium,3,63,ICICI,0
40607.31,hard_decline,upi,medium,3,28,HDFC,0
32858.28,soft_decline,netbanking,bad,2,51,ICICI,0
6491.98,hard_decline,upi,medium,3,23,SBI,0
16979.55,timeout,card,bad,3,34,ICICI,1
46411.37,soft_decline,card,bad,3,46,Axis,0
11308.32,soft_decline,card,medium,3,50,ICICI,0
18671.13,soft_decline,card,medium,3,1,None,0
21660.64,hard_decline,netbanking,medium,3,20,None,0
22026.31,timeout,card,bad,2,39,Axis,0
30685.69,timeout,card,good,1,68,ICICI,1
47159.48,duplicate,upi,medium,3,34,HDFC,0
12110.57,soft_decline,netbanking,good,1,43,None,1
6162.92,duplicate,card,good,2,34,None,0
9953.78,timeout,upi,medium,2,24,ICICI,1
44357.55,soft_decline,card,good,1,30,HDFC,1
32325.96,duplicate,upi,medium,1,51,HDFC,0
14366.75,soft_decline,card,bad,2,34,HDFC,0
40815.75,timeout,card,bad,3,22,None,1
43082.36,timeout,upi,good,1,48,Axis,1
42341.07,timeout,card,bad,1,15,None,1
45954.43,hard_decline,upi,bad,3,57,ICICI,0
12686.83,soft_decline,netbanking,good,1,49,None,0
37776.59,hard_decline,card,medium,3,63,HDFC,0
23080.92,soft_decline,upi,bad,2,51,Axis,1
42115.73,timeout,upi,good,1,39,SBI,1
36451.68,timeout,card,bad,3,53,None,0
38844.73,duplicate,upi,medium,3,16,None,0
32842.48,soft_decline,upi,good,2,3,HDFC,1
8953.7,timeout,upi,medium,1,55,None,1
27296.84,duplicate,netbanking,medium,3,29,None,0
49235.02,timeout,upi,good,1,33,ICICI,0
46875.66,soft_decline,netbanking,medium,3,43,None,0
2254.37,soft_decline,upi,medium,1,68,None,0
8324.26,soft_decline,card,medium,1,64,None,1
6673.27,timeout,card,good,3,52,Axis,0
36326.4,timeout,card,bad,3,69,Axis,1
40907.49,duplicate,upi,medium,1,32,HDFC,0
10754.22,soft_decline,upi,bad,1,35,HDFC,0
25342.05,soft_decline,card,bad,2,17,None,0
42051.08,timeout,card,medium,3,50,None,0
36666.8,timeout,card,good,1,56,HDFC,1
27157.64,duplicate,card,bad,1,43,SBI,0
29558.35,timeout,upi,bad,3,9,ICICI,0
25467.19,hard_decline,upi,good,1,38,ICICI,0
14947.67,timeout,netbanking,bad,1,55,Axis,1
28294.6,timeout,card,good,2,48,ICICI,0
34475.38,hard_decline,upi,good,2,57,ICICI,0
43678.81,soft_decline,upi,medium,3,22,None,1
31850.94,soft_decline,netbanking,good,3,6,HDFC,1
38079.96,soft_decline,upi,bad,3,44,SBI,0
8087.57,timeout,card,bad,2,54,SBI,0
23131.72,soft_decline,card,medium,2,54,SBI,1
565.65,soft_decline,upi,good,2,37,Axis,1
12409.28,soft_decline,upi,medium,1,18,HDFC,1
36350.44,hard_decline,netbanking,medium,2,21,None,0
49591.32,soft_decline,card,medium,2,10,SBI,1
5048.99,timeout,netbanking,good,3,2,Axis,0
20134.57,soft_decline,card,medium,2,18,SBI,1
40023.54,soft_decline,netbanking,medium,2,6,SBI,0
10281.38,hard_decline,netbanking,bad,1,33,HDFC,0
27798.74,soft_decline,upi,bad,2,10,SBI,1
36680.26,soft_decline,upi,medium,3,4,SBI,0
30837.67,soft_decline,card,medium,1,70,SBI,1
9482.43,timeout,card,good,2,35,HDFC,1
17833.69,timeout,card,good,2,4,HDFC,0
39211.21,soft_decline,card,bad,2,55,None,0
27755.9,soft_decline,upi,medium,1,4,SBI,0
360.96,duplicate,card,good,1,26,None,0
38073.44,timeout,netbanking,medium,2,26,HDFC,0
1862.04,hard_decline,card,bad,3,31,Axis,0
37312.12,timeout,upi,medium,2,14,ICICI,1
10203.78,timeout,upi,good,1,53,None,0
47907.87,timeout,card,bad,1,19,HDFC,1
18460.24,hard_decline,card,medium,1,33,ICICI,0
16413.89,hard_decline,card,medium,3,33,HDFC,0
7529.51,soft_decline,upi,good,2,45,Axis,1
15349.65,duplicate,upi,bad,2,20,ICICI,0
43844.87,timeout,card,bad,1,38,HDFC,1
49817.08,soft_decline,netbanking,medium,2,39,SBI,1
18478.65,duplicate,card,good,3,43,HDFC,0
22485.67,duplicate,upi,medium,3,35,None,0
36131.34,duplicate,card,good,2,54,None,0
44321.17,timeout,upi,good,2,70,None,1
29692.91,duplicate,netbanking,medium,2,49,None,0
19637.13,soft_decline,upi,good,2,57,None,1
20689.83,timeout,card,bad,2,37,None,1
34811.35,timeout,card,good,2,23,ICICI,1
260.59,soft_decline,netbanking,medium,1,58,ICICI,1
31017.51,soft_decline,card,good,1,44,None,1
17839.1,duplicate,card,medium,1,25,SBI,0
39730.45,soft_decline,upi,good,3,64,None,0
4740.23,timeout,card,medium,3,10,None,0
29451.29,soft_decline,card,bad,3,49,None,0
24100.55,soft_decline,netbanking,bad,3,57,ICICI,0
32152.04,hard_decline,card,medium,1,33,HDFC,0
3336.19,soft_decline,card,good,2,15,Axis,1
29041.19,timeout,upi,good,2,58,SBI,1
28118.08,hard_decline,netbanking,bad,2,0,None,0
28076.94,soft_decline,card,good,3,40,None,1
30214.03,soft_decline,upi,medium,1,27,None,0
33855.75,soft_decline,upi,bad,2,14,Axis,0
40268.95,soft_decline,card,bad,3,45,SBI,0
13564.05,timeout,card,bad,3,31,None,1
41269.97,hard_decline,card,bad,3,38,SBI,0
24962.96,soft_decline,upi,medium,2,64,None,0
3945.21,hard_decline,netbanking,bad,1,10,HDFC,0
3021.69,soft_decline,card,medium,2,69,ICICI,0
16778.49,soft_decline,netbanking,bad,1,33,None,0
39266.36,soft_decline,upi,good,1,49,ICICI,1
35413.28,timeout,card,medium,2,43,ICICI,1
39451.89,duplicate,upi,good,2,13,HDFC,0
25911.73,timeout,card,good,3,71,ICICI,0
22065.93,soft_decline,netbanking,medium,3,24,ICICI,0
7457.88,soft_decline,upi,medium,2,67,None,0
16476.82,hard_decline,upi,medium,2,49,Axis,0
21757.57,timeout,upi,medium,1,31,SBI,0
4521.16,duplicate,upi,medium,1,54,None,0
11108.54,soft_decline,netbanking,good,3,24,SBI,0
29951.44,soft_decline,upi,medium,1,51,SBI,0
36809.59,timeout,netbanking,bad,2,55,Axis,0
49917.54,timeout,upi,medium,1,21,None,1
46662.36,timeout,card,medium,1,46,None,0
32164.0,timeout,netbanking,medium,1,69,None,1
21120.28,duplicate,upi,bad,2,50,Axis,0
31845.25,hard_decline,upi,medium,3,65,Axis,0
39304.02,duplicate,netbanking,good,1,69,ICICI,0
6004.98,duplicate,card,bad,2,64,ICICI,0
20554.25,timeout,card,bad,1,21,None,1
42006.13,soft_decline,card,bad,1,40,None,0
19253.26,soft_decline,upi,medium,2,46,Axis,1
28636.43,hard_decline,netbanking,bad,1,59,ICICI,0
29429.69,hard_decline,netbanking,medium,2,21,None,0
9305.37,timeout,card,bad,3,3,HDFC,0
18175.55,soft_decline,upi,bad,1,43,None,0
16792.11,soft_decline,netbanking,bad,2,40,ICICI,0
1407.22,timeout,upi,medium,1,37,ICICI,1
1307.17,soft_decline,card,bad,1,16,SBI,0
41601.68,soft_decline,upi,good,1,16,Axis,1
13726.23,soft_decline,netbanking,good,2,44,SBI,0
25952.13,timeout,netbanking,medium,2,45,HDFC,1
15006.41,soft_decline,upi,medium,2,7,HDFC,0
47039.89,timeout,netbanking,good,3,14,None,0
13038.91,hard_decline,card,medium,1,32,SBI,0
21539.87,duplicate,card,good,2,48,ICICI,0
43649.24,hard_decline,netbanking,medium,1,9,ICICI,0
42112.48,soft_decline,card,bad,1,61,None,0
9386.46,soft_decline,card,bad,1,54,None,0
40151.9,soft_decline,card,medium,2,57,None,0
22963.53,hard_decline,upi,bad,3,62,ICICI,0
24200.15,soft_decline,upi,medium,3,10,None,0
6760.65,soft_decline,card,bad,3,34,None,0
4122.02,hard_decline,netbanking,medium,3,3,Axis,0
36424.17,soft_decline,netbanking,bad,2,65,HDFC,0
24873.41,soft_decline,card,bad,3,32,None,0
21898.85,timeout,card,medium,3,34,SBI,0
36502.46,duplicate,upi,medium,2,37,None,0
38299.09,soft_decline,upi,medium,2,56,HDFC,1
8029.52,soft_decline,card,medium,1,32,Axis,0
30550.23,duplicate,card,medium,1,43,SBI,0
6854.17,soft_decline,card,medium,3,52,Axis,0
37593.62,duplicate,card,medium,1,19,None,0
32882.06,soft_decline,card,medium,2,62,SBI,0
47835.07,timeout,upi,bad,1,50,ICICI,1
3541.01,soft_decline,upi,bad,1,13,ICICI,1
2947.03,duplicate,upi,good,2,34,Axis,0
14181.14,soft_decline,card,good,3,44,Axis,1
13159.11,timeout,upi,good,1,32,SBI,1
12424.24,soft_decline,card,good,1,60,ICICI,0
45322.1,soft_decline,card,good,3,71,Axis,0
12552.36,timeout,upi,bad,1,52,ICICI,1
13670.29,hard_decline,upi,bad,3,49,None,0
37993.97,duplicate,card,medium,2,14,Axis,0
22542.02,hard_decline,upi,medium,2,41,Axis,0
38857.86,timeout,netbanking,bad,3,19,HDFC,1
3361.77,hard_decline,upi,bad,2,67,Axis,0
24429.8,duplicate,upi,bad,2,6,ICICI,0
1777.32,duplicate,netbanking,good,2,65,SBI,0
3226.39,soft_decline,upi,good,2,22,SBI,1
45331.23,timeout,upi,good,2,35,SBI,1
7048.34,timeout,card,medium,2,11,None,1
26667.79,soft_decline,card,bad,1,22,HDFC,0
20613.67,timeout,upi,medium,1,10,HDFC,1
17432.43,soft_decline,upi,bad,1,0,HDFC,1
45001.68,timeout,card,medium,2,38,None,1
1188.99,soft_decline,netbanking,bad,1,69,HDFC,0
33223.11,soft_decline,card,good,3,30,None,0
48173.38,hard_decline,upi,good,3,8,None,0
28052.39,hard_decline,card,medium,3,55,None,0
46847.44,timeout,card,good,1,17,None,1
2707.67,duplicate,netbanking,bad,2,58,HDFC,0
20997.79,hard_decline,card,good,3,66,Axis,0
13081.87,soft_decline,card,bad,1,2,ICICI,1
36567.97,timeout,upi,good,1,29,None,0
49066.72,hard_decline,upi,good,2,63,SBI,1
12900.85,hard_decline,upi,bad,2,69,ICICI,0
32743.31,soft_decline,netbanking,bad,1,1,None,0
9985.07,hard_decline,card,medium,2,19,SBI,0
28309.98,soft_decline,upi,bad,2,28,None,1
23250.23,timeout,upi,medium,2,8,Axis,1
48603.07,hard_decline,netbanking,medium,2,3,Axis,0
30465.51,timeout,netbanking,bad,2,39,ICICI,0
17540.37,hard_decline,upi,good,1,54,ICICI,0
5793.38,soft_decline,upi,good,3,12,None,0
7647.22,timeout,card,medium,1,5,HDFC,1
11343.31,hard_decline,card,medium,1,25,HDFC,0
12623.24,soft_decline,upi,good,1,40,HDFC,1
42545.74,timeout,upi,good,1,41,None,1
28105.02,soft_decline,upi,bad,1,60,HDFC,0
26217.21,timeout,upi,medium,2,61,HDFC,1
5826.97,hard_decline,card,medium,3,67,ICICI,1
43020.97,timeout,upi,bad,2,20,ICICI,1
36168.43,soft_decline,card,medium,3,30,Axis,1
3476.65,soft_decline,card,bad,1,42,None,0
35420.97,duplicate,card,bad,1,20,SBI,0
27222.56,timeout,netbanking,bad,1,28,ICICI,0
4178.09,soft_decline,card,medium,1,54,None,1
22969.2,soft_decline,netbanking,medium,1,57,ICICI,1
24286.34,soft_decline,card,medium,1,23,HDFC,1
8372.15,timeout,card,medium,1,44,None,0
47290.34,timeout,netbanking,good,3,8,HDFC,0
42513.77,timeout,upi,medium,1,65,ICICI,0
33484.21,hard_decline,card,good,1,1,Axis,0
23168.55,timeout,card,good,1,36,HDFC,0
20647.1,hard_decline,netbanking,medium,3,36,ICICI,0
32583.58,soft_decline,card,bad,3,68,ICICI,0
27317.05,hard_decline,upi,good,1,45,ICICI,0
3207.43,duplicate,card,good,2,5,None,0
25673.88,timeout,card,medium,3,47,Axis,1
40339.54,hard_decline,card,medium,1,7,HDFC,0
23016.07,timeout,upi,good,3,31,ICICI,0
2692.63,duplicate,upi,good,2,66,Axis,0
39335.28,hard_decline,card,medium,1,67,None,0
10148.05,soft_decline,upi,bad,3,27,ICICI,0
13005.18,duplicate,netbanking,good,2,39,None,0
8318.85,timeout,netbanking,medium,3,15,None,1
16577.73,soft_decline,card,medium,3,56,Axis,1
37861.9,hard_decline,card,good,1,54,Axis,0
26017.35,hard_decline,netbanking,good,1,38,None,0
10323.58,soft_decline,card,medium,3,54,None,0
43903.72,duplicate,card,bad,2,29,ICICI,0
43991.13,hard_decline,netbanking,good,1,41,SBI,0
43541.86,timeout,card,medium,3,4,SBI,1
12015.93,soft_decline,card,medium,3,44,None,1
22616.84,hard_decline,card,bad,1,63,HDFC,0
49250.98,soft_decline,netbanking,good,1,31,None,1
38623.42,timeout,card,medium,3,11,Axis,0
1455.65,hard_decline,netbanking,bad,1,65,ICICI,0
3353.71,timeout,upi,bad,3,51,None,1
23250.18,soft_decline,upi,medium,2,70,HDFC,1
45470.09,soft_decline,card,medium,1,31,ICICI,1
26981.22,soft_decline,card,medium,1,34,None,0
24940.84,soft_decline,upi,medium,3,5,None,1
5363.14,timeout,card,medium,1,21,HDFC,1
32873.33,hard_decline,netbanking,bad,2,46,None,1
41122.95,timeout,card,bad,3,12,HDFC,1
19082.96,hard_decline,upi,medium,2,22,SBI,0
38803.03,soft_decline,card,bad,2,43,HDFC,0
48227.39,soft_decline,upi,bad,2,8,HDFC,0
10267.95,soft_decline,card,bad,2,58,None,0
26214.15,timeout,card,bad,3,29,None,1
14428.18,timeout,netbanking,medium,1,43,Axis,1
39663.44,soft_decline,upi,medium,2,48,None,0
28921.91,soft_decline,upi,good,2,15,SBI,0
31765.66,timeout,upi,good,3,52,None,0
39915.92,timeout,upi,medium,2,1,HDFC,1
19858.93,timeout,card,good,2,66,ICICI,0
45762.99,hard_decline,card,medium,2,41,SBI,0
26698.14,soft_decline,netbanking,medium,2,63,None,1
7981.95,duplicate,card,medium,1,7,ICICI,0
34825.37,timeout,upi,good,2,20,None,1
39683.74,soft_decline,card,good,3,59,None,0
15906.41,timeout,card,good,1,33,SBI,1
42873.24,timeout,card,good,3,3,ICICI,1
45316.55,soft_decline,upi,bad,1,61,Axis,0
13917.53,hard_decline,upi,medium,1,1,Axis,0
49177.72,soft_decline,card,good,2,49,Axis,1
7121.51,soft_decline,card,good,2,25,Axis,0
10180.58,timeout,netbanking,medium,3,36,SBI,1
9292.82,soft_decline,card,medium,1,54,None,1
44710.09,timeout,netbanking,good,1,17,ICICI,1
32749.2,duplicate,netbanking,bad,2,23,Axis,0
7690.0,soft_decline,netbanking,bad,1,29,SBI,0
22072.14,hard_decline,netbanking,good,2,16,None,0
30803.37,timeout,card,medium,2,41,Axis,1
4264.86,timeout,netbanking,medium,3,11,None,1
44132.58,timeout,netbanking,medium,2,26,None,1
40199.82,soft_decline,netbanking,bad,2,54,HDFC,0
25309.82,hard_decline,card,good,1,3,Axis,0
48359.62,hard_decline,netbanking,medium,3,34,None,0
20946.27,duplicate,upi,medium,3,64,None,0
49207.1,soft_decline,upi,medium,3,28,HDFC,1
33429.21,duplicate,card,bad,2,71,SBI,0
31770.1,soft_decline,card,good,3,71,ICICI,0
8381.15,duplicate,netbanking,good,2,35,None,0
44108.2,timeout,upi,medium,2,33,HDFC,1
21431.74,hard_decline,card,good,2,35,ICICI,0
8195.45,timeout,netbanking,good,2,54,SBI,1
729.12,soft_decline,card,medium,3,3,ICICI,0
28031.81,soft_decline,card,good,3,10,None,1
26417.24,soft_decline,card,medium,1,58,ICICI,0
35995.75,soft_decline,card,good,3,2,ICICI,0
44523.88,soft_decline,card,good,1,11,HDFC,1
4062.39,timeout,card,medium,3,20,None,1
36601.67,timeout,card,good,3,21,SBI,1
9451.86,soft_decline,upi,bad,3,17,ICICI,0
42923.03,timeout,netbanking,medium,2,5,ICICI,1
40971.27,timeout,upi,medium,3,64,Axis,0
27085.61,duplicate,card,bad,3,54,None,0
35541.12,timeout,card,good,1,39,None,1
15786.07,soft_decline,netbanking,bad,3,51,None,0
23611.28,hard_decline,netbanking,bad,2,43,ICICI,0
41099.68,timeout,card,good,3,61,None,1
23017.33,soft_decline,card,bad,1,28,SBI,1
17954.13,soft_decline,upi,good,3,18,SBI,0
24761.2,soft_decline,upi,good,3,27,SBI,1
41429.64,soft_decline,card,bad,1,18,HDFC,0
16826.88,hard_decline,upi,good,3,30,HDFC,0
8770.7,hard_decline,upi,medium,1,53,None,0
35629.5,soft_decline,netbanking,bad,1,61,None,0
41316.31,timeout,card,bad,2,13,ICICI,1
5121.81,hard_decline,netbanking,medium,2,49,ICICI,0
12069.72,soft_decline,card,bad,1,58,None,0
7184.4,soft_decline,upi,medium,2,69,ICICI,0
17462.28,soft_decline,upi,good,2,57,None,1
22572.51,soft_decline,card,medium,1,8,None,1
37466.43,soft_decline,upi,medium,3,56,None,0
32592.26,soft_decline,card,medium,3,40,None,1
31084.34,timeout,card,medium,3,26,None,0
17683.51,hard_decline,card,medium,2,57,None,0
42088.23,soft_decline,upi,medium,2,67,None,1
23617.23,soft_decline,card,bad,3,57,Axis,1
48957.34,timeout,netbanking,medium,1,23,HDFC,1
31743.69,timeout,card,good,1,61,Axis,1
6400.61,timeout,card,bad,1,66,None,1
33841.26,hard_decline,card,medium,2,2,None,0
16322.69,soft_decline,upi,bad,3,50,None,0
34347.73,soft_decline,card,good,1,66,Axis,1
3575.09,timeout,card,medium,3,56,None,0
8826.58,soft_decline,card,good,3,19,ICICI,1
42801.29,duplicate,card,good,2,44,HDFC,0
11436.26,timeout,upi,medium,1,5,ICICI,1
41868.35,timeout,upi,medium,2,32,None,1
14035.88,soft_decline,card,bad,3,42,ICICI,0
32179.81,timeout,card,medium,3,49,ICICI,0
34738.11,hard_decline,netbanking,good,3,26,HDFC,0
25681.47,soft_decline,card,bad,1,29,SBI,0
15335.0,soft_decline,netbanking,medium,1,17,None,0
10710.95,timeout,card,bad,1,29,ICICI,1
1756.15,hard_decline,card,medium,3,14,HDFC,0
15266.93,hard_decline,upi,good,3,61,None,0
32692.82,soft_decline,netbanking,medium,1,20,Axis,0
46921.41,timeout,card,medium,3,11,SBI,0
43573.1,timeout,card,medium,3,48,None,1
38326.63,timeout,card,bad,3,0,SBI,0
39443.52,hard_decline,netbanking,medium,1,54,None,0
33282.75,hard_decline,upi,medium,2,24,HDFC,0
13088.31,hard_decline,card,medium,2,46,SBI,0
45369.03,soft_decline,card,good,2,38,ICICI,1
33569.54,duplicate,card,medium,1,26,ICICI,0
28065.99,hard_decline,card,medium,3,49,SBI,0
5638.37,soft_decline,card,medium,2,54,HDFC,1
22408.07,hard_decline,upi,medium,2,27,None,0
23071.88,timeout,card,bad,1,56,ICICI,1
43241.72,soft_decline,card,good,3,15,None,1
27377.75,soft_decline,upi,good,3,55,Axis,1
19081.99,timeout,card,bad,1,34,HDFC,1
48842.34,soft_decline,card,bad,2,27,Axis,0
5624.96,timeout,card,medium,3,45,HDFC,1
21185.17,soft_decline,card,bad,3,66,None,0
2197.03,timeout,netbanking,good,2,15,None,0
37021.22,soft_decline,upi,good,1,48,Axis,0
45912.02,soft_decline,card,bad,2,67,None,1
14073.86,timeout,card,bad,3,21,ICICI,0
42931.25,hard_decline,card,good,1,17,SBI,0
14681.69,soft_decline,upi,good,2,21,SBI,1
45547.43,soft_decline,upi,good,2,15,HDFC,1
37722.7,timeout,card,good,1,55,None,1
40264.85,hard_decline,card,bad,3,2,SBI,0
998.53,duplicate,card,medium,1,52,SBI,0
48144.24,duplicate,upi,medium,1,34,Axis,0
36360.88,timeout,netbanking,medium,3,20,HDFC,1
15307.08,hard_decline,netbanking,bad,2,64,None,0
41486.79,hard_decline,card,good,1,56,ICICI,0
14147.91,timeout,upi,medium,1,46,HDFC,1
43650.42,soft_decline,upi,bad,2,33,HDFC,0
5717.76,soft_decline,netbanking,good,3,47,ICICI,1
35213.93,soft_decline,card,bad,2,38,HDFC,0
27080.85,soft_decline,upi,medium,2,29,ICICI,0
4917.07,soft_decline,card,good,1,49,None,0
12170.5,hard_decline,upi,good,1,15,SBI,0
718.96,timeout,card,medium,3,2,Axis,1
23491.52,hard_decline,upi,medium,1,60,HDFC,0
15133.14,soft_decline,netbanking,medium,2,1,HDFC,0
29958.04,soft_decline,card,good,2,25,ICICI,0
14932.17,hard_decline,upi,medium,3,17,None,0
15065.96,soft_decline,card,good,1,65,Axis,1
37185.34,timeout,card,medium,1,39,HDFC,1
2502.33,duplicate,card,medium,3,2,None,0
45154.46,soft_decline,card,medium,3,16,HDFC,0
42627.97,soft_decline,netbanking,good,1,23,SBI,1
33423.45,hard_decline,card,good,3,1,None,0
29701.76,duplicate,upi,good,2,69,HDFC,0
44625.89,timeout,netbanking,good,3,39,None,0
9347.98,timeout,netbanking,good,2,25,None,1
4040.56,soft_decline,upi,medium,2,56,SBI,1
12051.56,duplicate,card,bad,2,48,None,0
39749.46,soft_decline,netbanking,medium,1,56,ICICI,0
1830.05,soft_decline,card,medium,2,55,ICICI,1
29182.06,timeout,netbanking,good,3,69,HDFC,1
49772.33,duplicate,upi,bad,2,20,ICICI,0
42799.24,soft_decline,upi,good,1,15,ICICI,0
26120.14,soft_decline,card,medium,1,5,Axis,0
3275.68,soft_decline,upi,bad,1,33,HDFC,0
41585.54,soft_decline,netbanking,medium,1,58,ICICI,0
29989.03,soft_decline,netbanking,good,3,66,HDFC,1
5835.16,duplicate,card,medium,1,40,HDFC,0
4783.48,timeout,netbanking,good,3,18,None,1
45490.38,timeout,card,medium,1,28,None,1
33493.09,timeout,upi,medium,1,31,None,0
41481.41,hard_decline,upi,bad,3,9,ICICI,0
43961.05,timeout,card,good,2,63,Axis,1
28631.44,hard_decline,card,bad,3,19,ICICI,0
25920.57,soft_decline,upi,bad,2,27,ICICI,0
21578.33,hard_decline,card,good,3,26,Axis,0
15915.63,hard_decline,card,medium,2,24,Axis,1
21786.34,timeout,upi,medium,1,28,ICICI,0
38716.59,duplicate,netbanking,medium,2,14,Axis,0
30135.98,hard_decline,upi,good,2,44,None,0
44636.91,timeout,card,good,1,44,SBI,0
22224.66,soft_decline,card,bad,1,29,SBI,0
30393.77,timeout,upi,good,2,37,ICICI,0
31602.25,soft_decline,upi,good,2,59,ICICI,1
29625.69,soft_decline,upi,bad,3,31,SBI,0
35161.43,soft_decline,netbanking,medium,1,49,None,0
11947.93,timeout,card,medium,1,70,ICICI,1
25666.95,soft_decline,card,medium,1,34,ICICI,0
5300.82,duplicate,netbanking,medium,3,4,None,0
19287.12,soft_decline,upi,medium,3,30,Axis,0
24434.59,duplicate,upi,bad,2,52,None,0
32645.99,timeout,netbanking,good,3,0,None,1
47531.5,soft_decline,netbanking,good,3,68,HDFC,0
30072.49,soft_decline,upi,good,3,67,SBI,0
37205.34,timeout,card,medium,1,64,HDFC,1
25362.68,timeout,netbanking,medium,2,14,Axis,1
31741.79,timeout,upi,good,3,51,None,1
3639.52,soft_decline,card,medium,3,37,HDFC,0
12794.14,hard_decline,upi,good,3,23,ICICI,0
18156.47,duplicate,card,medium,1,22,None,0
23677.42,soft_decline,netbanking,bad,2,46,HDFC,0
2377.87,hard_decline,card,medium,2,6,HDFC,0
7087.2,soft_decline,netbanking,good,3,30,HDFC,0
13913.03,timeout,netbanking,good,2,6,None,1
48579.48,timeout,netbanking,good,1,3,None,1
16634.22,soft_decline,upi,bad,3,53,None,0
24153.85,soft_decline,netbanking,medium,2,51,None,0
9885.28,soft_decline,card,bad,3,47,None,0
30577.93,hard_decline,card,bad,1,65,None,0
14106.09,hard_decline,netbanking,medium,3,53,SBI,0
10428.93,duplicate,card,bad,1,53,None,0
25876.97,hard_decline,card,bad,3,44,Axis,0
374.74,soft_decline,card,good,3,39,ICICI,1
482.44,timeout,card,medium,2,34,None,1
11031.53,hard_decline,upi,medium,2,23,None,0
1932.4,hard_decline,upi,medium,1,34,HDFC,0
5490.49,soft_decline,card,good,1,36,HDFC,1
17009.15,soft_decline,netbanking,good,1,33,ICICI,0
40149.03,duplicate,card,good,2,23,SBI,0
28645.23,hard_decline,upi,good,3,3,HDFC,0
25682.12,soft_decline,card,bad,1,49,None,0
14745.09,timeout,upi,medium,3,23,HDFC,1
46594.51,duplicate,card,medium,3,35,SBI,0
19911.05,soft_decline,card,medium,2,34,HDFC,1
4445.93,hard_decline,netbanking,medium,2,28,SBI,0
30891.62,duplicate,card,bad,3,35,SBI,0
5780.54,soft_decline,netbanking,medium,1,67,None,0
17326.63,timeout,upi,bad,2,10,Axis,0
25419.86,timeout,card,medium,3,54,None,0
43723.7,timeout,upi,bad,2,48,SBI,1
24727.97,soft_decline,card,bad,3,56,None,1
35142.71,soft_decline,upi,bad,2,54,None,0
49641.56,timeout,netbanking,good,1,55,None,1
6661.31,soft_decline,card,good,1,3,Axis,1
13809.1,hard_decline,upi,good,2,24,None,0
19789.35,soft_decline,card,medium,2,1,SBI,1
21149.23,soft_decline,upi,medium,2,18,HDFC,0
20609.95,duplicate,card,good,1,7,SBI,0
45389.79,hard_decline,card,bad,2,63,HDFC,0
35730.23,duplicate,netbanking,good,1,5,Axis,0
30434.47,soft_decline,card,bad,2,13,ICICI,0
15537.7,hard_decline,upi,good,2,69,None,0
41207.14,soft_decline,upi,medium,3,70,ICICI,0
47757.52,timeout,upi,medium,1,56,HDFC,0
41077.79,timeout,upi,medium,2,29,None,1
178.1,soft_decline,upi,good,1,7,SBI,1
31856.43,duplicate,card,bad,3,13,ICICI,0
2651.66,soft_decline,netbanking,medium,1,47,None,0
12954.6,timeout,netbanking,bad,1,27,Axis,1
3070.28,duplicate,card,bad,1,5,SBI,0
30229.39,timeout,card,medium,1,29,ICICI,0
34360.84,duplicate,upi,bad,1,3,ICICI,0
5812.93,soft_decline,netbanking,bad,1,66,Axis,0
19253.56,soft_decline,netbanking,bad,1,9,SBI,0
22866.2,soft_decline,netbanking,bad,2,26,ICICI,1
18515.75,hard_decline,card,bad,2,44,HDFC,0
6139.15,timeout,netbanking,medium,1,34,None,1
21005.49,soft_decline,netbanking,good,1,12,Axis,0
37583.78,timeout,card,bad,2,54,None,1
3643.28,soft_decline,card,bad,3,42,SBI,0
4100.98,soft_decline,card,good,2,67,None,1
17803.09,timeout,upi,medium,3,42,SBI,0
47092.11,hard_decline,card,medium,1,39,SBI,0
33461.78,timeout,card,medium,1,30,ICICI,1
33965.63,soft_decline,card,good,2,2,HDFC,0
18159.81,timeout,card,good,2,16,None,0
29723.67,soft_decline,card,bad,2,38,None,1
605.55,soft_decline,upi,medium,1,65,SBI,1
31841.19,timeout,card,medium,2,68,ICICI,0
45673.02,timeout,netbanking,bad,2,18,None,1
30667.42,soft_decline,netbanking,bad,3,21,None,0
43697.56,soft_decline,netbanking,good,1,7,HDFC,0
36226.26,hard_decline,upi,good,1,67,ICICI,0
6115.86,soft_decline,card,medium,1,70,HDFC,1
45132.42,timeout,card,bad,2,17,Axis,1
3415.55,timeout,card,good,1,5,SBI,0
26744.98,soft_decline,netbanking,medium,2,3,HDFC,1
7192.64,hard_decline,card,bad,3,40,ICICI,0
684.16,timeout,upi,bad,1,50,None,0
21159.51,soft_decline,upi,medium,3,11,Axis,0
14822.53,timeout,netbanking,good,3,36,None,1
24351.42,soft_decline,upi,good,1,1,None,1
28902.27,timeout,upi,good,1,2,None,0
2282.58,soft_decline,card,good,2,44,HDFC,1
6237.86,timeout,upi,medium,3,38,ICICI,1
27976.26,soft_decline,card,medium,3,53,SBI,0
17224.05,soft_decline,netbanking,good,2,17,Axis,0
36485.76,timeout,upi,bad,1,12,Axis,1
32649.35,soft_decline,card,medium,3,13,ICICI,0
42295.66,soft_decline,netbanking,medium,2,40,HDFC,1
34655.39,soft_decline,card,bad,3,39,SBI,0
21553.56,soft_decline,netbanking,medium,3,70,ICICI,0
33681.03,duplicate,netbanking,bad,2,47,None,0
13841.52,timeout,netbanking,good,3,9,None,0
15385.04,soft_decline,card,good,2,53,HDFC,1
39470.36,timeout,card,medium,2,34,None,1
22376.33,hard_decline,netbanking,medium,3,23,ICICI,0
39939.18,duplicate,netbanking,good,3,48,None,0
41138.88,soft_decline,card,medium,1,41,None,1
42892.36,hard_decline,card,good,1,49,HDFC,0
45840.1,hard_decline,card,medium,3,20,Axis,0
21606.16,hard_decline,netbanking,medium,1,27,None,0
16011.45,hard_decline,card,medium,1,54,ICICI,0
29151.72,soft_decline,card,medium,2,26,HDFC,0
18621.5,timeout,upi,bad,3,67,Axis,1
30093.6,hard_decline,card,medium,1,5,SBI,0
35308.73,duplicate,netbanking,bad,1,57,None,0
34451.41,soft_decline,card,good,1,5,SBI,0
18790.19,timeout,card,medium,3,59,SBI,0
8426.32,duplicate,upi,medium,2,18,None,0
21583.41,timeout,card,bad,3,60,HDFC,1
7215.45,timeout,card,bad,2,16,HDFC,1
44515.84,timeout,card,bad,1,48,SBI,0
17359.29,soft_decline,card,good,3,2,HDFC,0
7807.54,timeout,netbanking,bad,2,33,None,0
1369.84,soft_decline,card,good,1,61,Axis,1
32326.54,hard_decline,netbanking,good,1,59,None,1
31881.43,soft_decline,upi,good,3,67,ICICI,1
17096.15,timeout,card,medium,2,33,SBI,1
3678.42,hard_decline,card,bad,1,28,HDFC,0
20540.48,hard_decline,upi,good,1,59,ICICI,1
15629.75,soft_decline,card,good,1,43,Axis,1
33888.32,duplicate,card,medium,2,14,ICICI,0
30328.38,soft_decline,card,bad,2,44,None,0
18293.23,soft_decline,upi,medium,1,8,None,0
10972.84,soft_decline,upi,medium,2,34,HDFC,0
49402.99,duplicate,card,medium,1,9,None,0
22754.68,duplicate,upi,bad,1,37,HDFC,0
34444.88,timeout,upi,bad,2,28,Axis,1
7113.59,timeout,card,medium,2,45,ICICI,1
24330.93,soft_decline,netbanking,medium,3,69,None,1
1474.08,duplicate,upi,bad,3,44,None,0
25322.21,soft_decline,netbanking,bad,2,52,Axis,1
48204.47,soft_decline,card,good,2,1,HDFC,0
19271.91,soft_decline,netbanking,medium,2,3,None,0
2045.9,hard_decline,upi,bad,2,70,SBI,0
1644.69,timeout,upi,medium,1,18,Axis,1
19460.54,soft_decline,upi,medium,1,10,None,1
8085.24,duplicate,card,medium,3,31,SBI,0
1265.27,hard_decline,netbanking,good,2,13,HDFC,1
37835.06,soft_decline,upi,medium,3,48,ICICI,0
22980.3,hard_decline,card,bad,2,68,SBI,0
14533.31,timeout,card,medium,2,24,ICICI,0
45014.15,timeout,card,bad,2,13,None,1
5895.33,hard_decline,upi,bad,1,38,ICICI,0
47800.35,hard_decline,upi,medium,3,11,SBI,0
15766.94,soft_decline,card,bad,2,48,HDFC,0
44431.34,timeout,card,good,3,17,None,1
30186.85,duplicate,upi,medium,3,0,ICICI,0
41352.7,soft_decline,upi,medium,1,3,ICICI,1
49202.26,timeout,card,medium,1,11,Axis,1
14491.43,hard_decline,card,good,2,25,None,0
48060.66,soft_decline,card,good,3,31,SBI,0
19535.15,duplicate,netbanking,good,1,51,ICICI,0
19337.04,hard_decline,upi,medium,3,14,HDFC,0
17085.32,soft_decline,netbanking,bad,3,7,None,0
27116.24,soft_decline,card,bad,2,29,ICICI,0
7791.84,soft_decline,netbanking,good,3,53,None,0
27730.2,timeout,upi,medium,1,66,ICICI,1
27131.07,timeout,card,good,2,69,HDFC,0
38118.9,duplicate,card,medium,2,7,SBI,0
41699.13,soft_decline,upi,bad,2,62,None,0
22078.02,soft_decline,netbanking,bad,1,16,ICICI,0
15186.43,soft_decline,card,good,2,15,HDFC,0
13040.81,hard_decline,card,good,3,44,HDFC,0
9811.73,duplicate,upi,good,2,67,Axis,0
2976.61,timeout,netbanking,medium,1,9,ICICI,1
17188.15,soft_decline,upi,bad,1,18,ICICI,1
13585.36,timeout,card,medium,2,38,ICICI,1
48324.23,timeout,card,bad,3,49,ICICI,1
27929.67,soft_decline,card,medium,1,59,SBI,1
17429.12,timeout,netbanking,good,1,67,HDFC,0
29065.33,soft_decline,upi,good,1,31,SBI,0
7045.92,soft_decline,upi,good,2,63,ICICI,1
22257.78,soft_decline,card,bad,1,23,None,0
31349.09,hard_decline,netbanking,bad,1,27,SBI,0
24496.0,hard_decline,upi,bad,1,22,HDFC,0
20148.76,soft_decline,netbanking,good,2,62,None,0
49693.03,soft_decline,upi,bad,1,55,None,0
44027.71,timeout,netbanking,good,1,65,HDFC,0
31207.96,duplicate,netbanking,good,2,37,None,0
28511.93,timeout,card,medium,2,27,None,0
31070.96,soft_decline,netbanking,medium,3,25,ICICI,1
10145.47,soft_decline,card,bad,1,59,HDFC,0
19817.37,soft_decline,upi,medium,2,59,None,1
2069.03,soft_decline,netbanking,good,3,54,HDFC,0
23829.75,hard_decline,card,good,1,24,Axis,1
27196.93,timeout,upi,good,2,20,ICICI,1
11464.71,timeout,upi,good,2,24,Axis,0
48205.04,timeout,upi,good,1,57,None,1
45481.79,soft_decline,netbanking,bad,1,37,None,0
36134.95,soft_decline,upi,good,3,45,None,1
26715.99,timeout,netbanking,bad,1,3,Axis,1
43511.46,soft_decline,card,medium,1,18,ICICI,1
6619.55,soft_decline,card,medium,1,61,ICICI,1
39546.44,soft_decline,card,medium,2,23,SBI,1
6328.56,soft_decline,upi,bad,3,54,None,0
39731.11,soft_decline,card,medium,3,24,ICICI,0
13860.8,timeout,upi,good,3,71,Axis,1
43866.82,timeout,card,bad,2,64,HDFC,1
47207.7,soft_decline,upi,good,1,67,SBI,1
7524.92,soft_decline,card,bad,2,11,HDFC,0
23187.51,timeout,upi,good,3,24,None,1
49051.27,soft_decline,upi,bad,1,20,None,1
24222.03,soft_decline,netbanking,medium,1,18,HDFC,0
43191.02,soft_decline,upi,medium,3,69,SBI,0
29477.7,soft_decline,upi,good,1,51,HDFC,1
18828.96,timeout,netbanking,good,2,53,None,1
14360.6,timeout,upi,bad,3,34,HDFC,1
10240.83,soft_decline,card,bad,2,2,None,1
38113.73,soft_decline,netbanking,medium,1,32,HDFC,1
19388.37,soft_decline,upi,medium,3,6,Axis,0
25612.65,soft_decline,card,good,1,26,Axis,1
24667.04,duplicate,upi,medium,3,0,ICICI,0
28906.22,timeout,netbanking,good,3,39,HDFC,0
43292.3,hard_decline,netbanking,good,3,17,ICICI,0
49038.89,timeout,netbanking,medium,3,34,SBI,1
20438.45,timeout,card,medium,3,38,None,0
41393.19,timeout,card,good,1,10,SBI,1
38249.94,soft_decline,card,good,3,44,HDFC,1
28719.09,soft_decline,card,medium,2,2,HDFC,1
47806.75,timeout,netbanking,good,3,51,HDFC,1
10103.68,soft_decline,card,bad,2,59,SBI,0
5552.28,duplicate,upi,medium,1,57,ICICI,0
42712.7,timeout,upi,good,3,53,HDFC,1
22013.58,duplicate,upi,bad,3,33,HDFC,0
42363.75,soft_decline,card,medium,2,27,ICICI,1
44665.2,timeout,card,medium,3,60,Axis,0
3216.63,soft_decline,card,medium,1,65,Axis,0
44184.89,duplicate,card,good,1,65,HDFC,0
22471.12,soft_decline,netbanking,medium,3,36,HDFC,0
25570.58,hard_decline,netbanking,medium,2,15,None,0
31366.97,timeout,card,bad,1,71,HDFC,1
46326.49,hard_decline,netbanking,medium,3,44,HDFC,0
1053.89,hard_decline,card,medium,2,14,ICICI,0
23894.49,duplicate,upi,bad,2,3,ICICI,0
34417.33,hard_decline,card,medium,1,22,ICICI,1
36163.08,timeout,upi,medium,3,71,None,1
34657.37,soft_decline,card,medium,1,15,HDFC,1
6808.31,timeout,card,good,2,52,ICICI,1
15039.84,timeout,card,bad,1,9,Axis,1
17999.9,hard_decline,card,bad,3,33,HDFC,0
40241.42,soft_decline,upi,good,1,17,HDFC,0
14010.12,hard_decline,card,bad,2,52,SBI,0
10614.18,soft_decline,upi,medium,1,15,None,1
47876.66,soft_decline,upi,medium,2,61,SBI,0
542.28,timeout,upi,good,2,51,SBI,1
49891.26,soft_decline,upi,medium,2,56,HDFC,1
33873.38,soft_decline,card,medium,1,71,None,1
41440.62,timeout,upi,good,3,63,HDFC,1
14801.51,soft_decline,netbanking,medium,2,22,Axis,1
814.33,soft_decline,upi,bad,1,39,ICICI,0
36919.69,soft_decline,upi,bad,2,13,HDFC,0
41723.82,hard_decline,upi,medium,1,17,ICICI,0
37049.76,timeout,card,medium,2,35,Axis,1
7228.23,timeout,upi,good,1,38,None,0
37696.05,soft_decline,netbanking,bad,2,40,Axis,1
38469.25,soft_decline,card,bad,2,0,None,0
32961.17,soft_decline,netbanking,medium,2,70,ICICI,1
38329.19,hard_decline,card,good,3,41,None,0
42311.48,duplicate,card,good,1,23,ICICI,0
30718.85,soft_decline,netbanking,good,3,64,HDFC,0
4521.38,soft_decline,netbanking,medium,1,17,ICICI,1
24432.63,soft_decline,netbanking,good,2,13,None,1
3974.7,timeout,netbanking,medium,1,18,HDFC,0
20436.4,timeout,card,medium,1,6,None,0
20414.61,timeout,upi,good,2,63,HDFC,1
3393.89,timeout,card,bad,2,1,None,1
17506.14,hard_decline,card,good,2,6,ICICI,0
5638.81,soft_decline,card,bad,1,27,None,0
40430.94,soft_decline,upi,medium,2,29,HDFC,1
47389.63,timeout,upi,medium,2,35,ICICI,1
3708.59,timeout,netbanking,good,1,21,SBI,1
47760.25,hard_decline,upi,bad,3,26,HDFC,0
26176.57,timeout,card,medium,1,9,HDFC,0
15048.33,timeout,upi,medium,1,21,HDFC,1
3935.42,timeout,card,good,1,22,SBI,1
25081.15,hard_decline,card,medium,2,51,HDFC,0
39746.33,timeout,netbanking,good,1,41,None,0
35383.62,soft_decline,upi,bad,3,40,None,0
2606.28,timeout,netbanking,bad,1,47,ICICI,1
3737.8,duplicate,upi,bad,1,68,ICICI,0
20203.38,soft_decline,upi,bad,2,50,None,1
14835.0,timeout,upi,good,2,0,ICICI,1
11695.98,timeout,card,good,3,55,SBI,1
14122.12,soft_decline,card,good,1,70,None,0
40193.79,hard_decline,card,good,1,23,ICICI,0
46468.48,soft_decline,card,bad,1,14,None,0
20314.62,duplicate,card,good,1,43,Axis,0
45314.94,timeout,netbanking,bad,1,48,Axis,1
16142.64,soft_decline,upi,bad,1,48,Axis,0
23874.21,soft_decline,upi,medium,2,67,HDFC,1
11378.85,hard_decline,card,good,3,36,None,0
32059.75,soft_decline,card,good,1,41,Axis,1
48951.16,soft_decline,card,good,1,58,HDFC,0
30214.31,hard_decline,upi,medium,2,9,None,0
17954.92,soft_decline,card,medium,1,52,None,1
32426.09,soft_decline,upi,medium,2,41,ICICI,0
6233.74,timeout,upi,bad,3,7,ICICI,1
44444.09,duplicate,upi,medium,1,23,SBI,0
25203.89,timeout,card,good,3,50,HDFC,1
22522.55,timeout,upi,bad,1,70,None,1
29334.65,soft_decline,upi,medium,3,59,None,0
31276.71,soft_decline,upi,good,3,20,SBI,1
3681.61,soft_decline,card,bad,1,52,SBI,0
34162.6,timeout,card,bad,3,5,None,1
12172.39,duplicate,card,bad,2,30,ICICI,0
35726.24,timeout,netbanking,good,2,11,SBI,1
41144.49,timeout,card,medium,3,12,HDFC,0
40217.53,timeout,netbanking,good,3,48,None,0
27669.8,soft_decline,card,bad,2,30,None,0
26056.48,hard_decline,card,good,1,8,HDFC,0
7229.51,soft_decline,upi,good,2,26,None,1
38789.77,soft_decline,card,bad,3,52,ICICI,0
13643.33,timeout,netbanking,bad,2,50,None,1
24885.1,hard_decline,netbanking,medium,1,71,None,0
14285.28,hard_decline,upi,good,2,26,None,0
6778.04,hard_decline,upi,medium,1,39,None,0
31514.93,soft_decline,upi,bad,3,61,ICICI,0
2811.17,hard_decline,netbanking,medium,2,57,ICICI,0
37457.4,hard_decline,card,good,2,14,ICICI,0
15947.58,soft_decline,upi,good,1,38,ICICI,0
106.72,timeout,upi,bad,2,69,Axis,1
25605.34,hard_decline,netbanking,medium,2,7,None,0
2437.91,timeout,netbanking,bad,1,34,SBI,1
13880.86,timeout,netbanking,medium,2,62,Axis,0
35378.13,timeout,upi,medium,1,30,HDFC,1
3228.21,timeout,card,bad,3,41,None,0
41982.99,soft_decline,upi,medium,2,65,Axis,0
290.61,soft_decline,upi,medium,1,40,None,1
12416.51,soft_decline,upi,good,1,0,None,0
37071.11,soft_decline,card,good,2,32,None,0
15881.88,duplicate,upi,bad,1,36,SBI,0
5184.43,timeout,card,bad,3,56,None,1
18075.67,soft_decline,netbanking,medium,3,10,Axis,1
13592.62,soft_decline,card,good,2,46,None,1
42151.32,soft_decline,upi,good,3,65,Axis,1
15736.06,timeout,card,bad,2,3,ICICI,1
39467.73,timeout,card,good,2,54,ICICI,1
44604.42,timeout,netbanking,bad,1,11,Axis,1
21747.49,duplicate,card,good,1,65,None,0
45506.16,soft_decline,card,bad,1,36,SBI,0
18928.17,soft_decline,card,bad,1,22,SBI,0
48207.51,soft_decline,upi,good,2,54,ICICI,1
4555.55,soft_decline,upi,bad,1,18,HDFC,1
34382.26,duplicate,card,good,1,66,Axis,0
24741.32,hard_decline,upi,good,3,22,Axis,0
19443.68,timeout,card,medium,2,3,None,1
31672.32,hard_decline,netbanking,medium,3,17,SBI,0
35222.47,soft_decline,netbanking,medium,3,11,SBI,1
317.73,soft_decline,netbanking,medium,3,34,ICICI,1
8430.96,hard_decline,netbanking,good,1,26,HDFC,0
35681.0,timeout,card,good,2,42,None,1
33352.63,soft_decline,card,medium,3,66,None,1
48305.77,timeout,upi,medium,3,68,None,1
38075.79,timeout,card,medium,2,63,SBI,1
47543.56,hard_decline,card,medium,1,51,None,0
35156.77,timeout,card,bad,3,16,ICICI,1
14972.81,hard_decline,card,medium,2,32,ICICI,0
5357.71,timeout,upi,good,1,71,None,1
39113.01,timeout,card,medium,1,51,None,1
32243.05,duplicate,card,medium,1,34,ICICI,0
2504.48,soft_decline,upi,medium,1,19,SBI,1
18066.52,hard_decline,card,medium,1,44,Axis,1
47844.31,soft_decline,netbanking,medium,2,67,HDFC,1
25070.02,soft_decline,card,good,1,49,None,1
21693.18,timeout,upi,medium,3,57,HDFC,1
22939.21,duplicate,card,good,2,29,None,0
10523.25,soft_decline,card,medium,3,69,None,1
18498.49,soft_decline,card,medium,3,1,None,1
18553.68,soft_decline,upi,medium,1,33,None,1
2712.52,hard_decline,netbanking,medium,1,51,HDFC,0
38401.62,soft_decline,upi,good,2,15,ICICI,0
20883.57,soft_decline,card,bad,2,42,SBI,0
41126.78,timeout,card,bad,3,63,None,1
42532.37,soft_decline,card,medium,1,26,Axis,0
10678.5,hard_decline,card,good,1,64,None,0
32901.94,timeout,card,good,3,12,HDFC,0
23666.86,soft_decline,netbanking,medium,1,39,None,1
44019.82,timeout,upi,medium,2,31,None,1
10865.46,timeout,upi,good,3,66,None,0
33922.88,timeout,upi,medium,1,13,None,0
30426.83,hard_decline,netbanking,medium,3,57,ICICI,1
14835.54,soft_decline,card,medium,1,45,HDFC,1
6916.39,timeout,upi,medium,1,58,None,1
32616.82,timeout,netbanking,bad,1,64,None,1
36956.01,soft_decline,card,good,2,32,SBI,0
15849.8,soft_decline,card,medium,3,45,SBI,0
32277.15,soft_decline,netbanking,good,2,53,None,0
19817.03,soft_decline,upi,medium,2,65,SBI,0
35689.02,hard_decline,card,medium,3,3,ICICI,0
10040.84,soft_decline,upi,good,3,53,HDFC,1
44521.73,soft_decline,card,medium,1,3,HDFC,0
14441.74,timeout,card,bad,1,16,Axis,1
18452.52,soft_decline,card,good,3,70,HDFC,0
2998.79,timeout,card,medium,1,54,None,1
5664.46,timeout,upi,bad,1,47,None,1
25841.51,soft_decline,upi,medium,3,48,SBI,1
13452.87,timeout,netbanking,bad,2,22,HDFC,1
41790.46,timeout,card,bad,3,26,Axis,0
833.2,soft_decline,netbanking,good,3,24,Axis,0
19016.79,soft_decline,card,good,2,23,HDFC,1
16933.54,hard_decline,card,bad,1,19,Axis,1
1064.45,duplicate,netbanking,bad,2,52,ICICI,0
6305.98,timeout,card,good,2,25,None,0
20740.77,soft_decline,card,medium,3,59,Axis,1
24693.94,timeout,card,medium,1,1,SBI,1
20274.06,hard_decline,card,bad,1,2,None,0
26593.79,hard_decline,upi,medium,2,55,SBI,0
29797.07,timeout,netbanking,bad,3,65,None,1
595.2,hard_decline,upi,bad,2,24,ICICI,0
23258.35,timeout,netbanking,bad,1,67,SBI,1
48178.61,timeout,upi,medium,1,14,HDFC,1
25999.71,timeout,netbanking,medium,3,6,SBI,0
33909.36,soft_decline,card,good,3,70,None,1
15662.01,timeout,netbanking,medium,2,40,None,0
38722.17,duplicate,card,medium,3,59,None,0
38668.78,soft_decline,netbanking,medium,2,43,None,1
26112.67,hard_decline,card,medium,3,32,ICICI,1
48803.09,soft_decline,upi,medium,2,65,HDFC,1
6364.96,timeout,upi,bad,1,22,HDFC,1
945.69,timeout,netbanking,medium,1,63,Axis,0
38530.89,soft_decline,upi,good,1,5,ICICI,0
40377.06,timeout,card,medium,1,62,SBI,1
6098.34,soft_decline,upi,bad,1,42,None,0
13352.58,timeout,card,bad,1,24,None,1
975.86,hard_decline,card,good,3,7,ICICI,0
14736.1,soft_decline,card,medium,3,36,HDFC,1
38679.78,soft_decline,card,bad,3,58,None,0
25946.23,soft_decline,upi,good,2,27,None,0
17469.97,timeout,netbanking,good,3,52,HDFC,1
18649.79,hard_decline,netbanking,good,3,70,None,0
167.55,soft_decline,card,medium,2,54,SBI,1
15060.05,soft_decline,card,medium,2,35,None,0
32358.29,soft_decline,card,good,1,61,None,0
48712.3,timeout,card,medium,3,14,None,0
42368.34,timeout,card,good,3,53,Axis,0
1277.39,soft_decline,card,medium,2,60,HDFC,1
44938.17,hard_decline,upi,medium,1,53,HDFC,1
39181.6,soft_decline,upi,medium,3,68,Axis,1
39040.77,duplicate,upi,good,2,28,HDFC,0
22953.99,duplicate,card,medium,2,26,ICICI,0
19960.46,timeout,upi,medium,3,67,ICICI,1
15215.49,duplicate,netbanking,medium,2,11,SBI,0
3378.17,timeout,card,medium,2,22,Axis,1
11488.94,timeout,card,medium,3,49,None,1
12405.52,hard_decline,card,good,1,26,None,1
24255.45,soft_decline,card,good,3,58,None,0
37397.48,soft_decline,card,good,1,8,None,0
23743.11,soft_decline,card,medium,2,32,None,0
2986.44,timeout,card,medium,3,69,None,0
47893.71,soft_decline,card,bad,3,50,None,0
47141.94,soft_decline,upi,bad,1,39,HDFC,0
39280.96,hard_decline,card,bad,2,5,None,0
49567.26,soft_decline,upi,medium,3,3,ICICI,0
27269.67,hard_decline,card,medium,3,2,Axis,0
48142.14,duplicate,card,bad,2,12,SBI,0
3872.69,timeout,netbanking,good,1,25,Axis,1
18347.47,timeout,upi,medium,3,33,None,1
11346.53,hard_decline,card,good,2,52,SBI,1
9872.07,hard_decline,upi,bad,3,46,Axis,0
7126.07,soft_decline,upi,medium,3,7,SBI,0
31158.44,timeout,card,good,3,7,HDFC,0
39087.96,soft_decline,card,medium,1,18,Axis,1
28957.09,soft_decline,netbanking,good,2,31,Axis,1
7433.44,timeout,card,bad,3,20,Axis,0
40575.08,soft_decline,card,medium,3,63,HDFC,1
31834.14,soft_decline,card,medium,3,22,SBI,1
19469.47,soft_decline,upi,medium,1,70,None,1
33739.1,soft_decline,netbanking,bad,3,41,ICICI,0
13069.26,soft_decline,netbanking,bad,2,34,SBI,0
17325.09,soft_decline,upi,bad,1,1,HDFC,0
45882.54,timeout,netbanking,bad,2,70,SBI,1
14596.17,timeout,upi,good,3,51,ICICI,0
23552.41,soft_decline,upi,bad,3,16,None,0
44518.04,timeout,netbanking,medium,1,8,HDFC,1
35415.3,soft_decline,card,bad,3,51,None,1
3203.94,soft_decline,upi,medium,2,2,Axis,0
7450.42,soft_decline,upi,good,2,21,SBI,1
491.3,timeout,netbanking,medium,2,53,None,0
31583.0,hard_decline,netbanking,good,3,35,HDFC,0
22438.9,timeout,netbanking,medium,3,38,ICICI,0
6800.32,timeout,netbanking,medium,1,17,None,1
47900.91,hard_decline,upi,good,1,26,None,0
26530.02,timeout,card,bad,2,66,None,0
12170.48,duplicate,card,bad,2,12,HDFC,0
25080.12,soft_decline,upi,bad,1,16,Axis,0
34013.05,soft_decline,card,bad,1,60,SBI,0
3904.34,timeout,card,medium,2,17,None,1
13807.72,timeout,card,medium,1,16,HDFC,1
40367.58,soft_decline,netbanking,good,3,55,None,0
23037.28,soft_decline,card,bad,3,47,ICICI,0
27374.2,hard_decline,netbanking,bad,1,15,ICICI,0
21697.52,hard_decline,netbanking,bad,1,24,HDFC,1
2290.61,soft_decline,card,bad,3,64,HDFC,1
8370.91,duplicate,card,medium,3,26,ICICI,0
22332.53,timeout,upi,medium,2,13,HDFC,1
10538.35,hard_decline,upi,bad,1,49,None,0
2593.95,timeout,card,medium,3,28,None,1
42198.12,timeout,card,medium,1,27,None,0
49061.51,soft_decline,card,medium,3,20,HDFC,0
39677.83,soft_decline,card,medium,3,23,ICICI,0
42703.87,hard_decline,card,bad,1,45,HDFC,0
12174.66,timeout,card,medium,2,59,SBI,1
48035.29,soft_decline,upi,medium,3,19,None,0
9926.59,duplicate,netbanking,medium,1,51,SBI,0
47576.35,hard_decline,upi,medium,3,21,None,0
49741.48,soft_decline,netbanking,bad,1,67,None,1
35614.97,soft_decline,upi,good,1,15,ICICI,0
49059.07,soft_decline,upi,good,3,20,HDFC,0
28520.04,timeout,card,good,2,43,None,1
13051.13,duplicate,card,bad,3,61,Axis,0
21906.09,hard_decline,netbanking,medium,3,20,ICICI,0
29718.69,duplicate,netbanking,bad,2,10,ICICI,0
3746.77,timeout,card,medium,2,59,HDFC,1
31154.93,hard_decline,card,medium,1,36,None,0
49060.77,timeout,upi,bad,1,43,ICICI,1
9586.37,hard_decline,card,good,2,21,HDFC,0
39650.5,hard_decline,card,medium,2,65,None,1
45404.15,soft_decline,netbanking,medium,3,42,SBI,0
47190.71,timeout,upi,good,2,20,None,1
48010.77,soft_decline,upi,medium,3,32,None,1
26120.84,timeout,netbanking,good,3,16,ICICI,1
48867.66,timeout,upi,good,3,35,HDFC,1
37889.78,soft_decline,upi,medium,2,13,ICICI,1
8167.4,soft_decline,card,bad,2,36,HDFC,0
23897.32,hard_decline,card,good,3,30,HDFC,0
35944.73,hard_decline,upi,medium,2,3,None,0
12442.28,soft_decline,card,good,1,5,None,1
32066.7,hard_decline,card,medium,1,49,Axis,0
33363.36,soft_decline,card,medium,3,37,None,1
8218.72,soft_decline,card,bad,2,4,None,0
28297.76,soft_decline,card,bad,1,37,HDFC,0
38604.18,soft_decline,upi,good,3,23,HDFC,0
24994.89,timeout,card,good,1,17,Axis,0
703.95,duplicate,card,good,3,31,HDFC,0
551.02,hard_decline,upi,bad,3,70,None,0
17915.76,hard_decline,netbanking,medium,3,71,Axis,0
46317.08,soft_decline,card,good,1,29,HDFC,1
11510.97,hard_decline,upi,good,3,29,Axis,0
31754.75,soft_decline,upi,medium,3,4,Axis,1
11181.59,timeout,upi,good,1,3,ICICI,1
16151.33,duplicate,card,bad,3,50,None,0
42417.3,soft_decline,netbanking,medium,1,8,ICICI,0
36470.19,timeout,upi,medium,3,54,ICICI,0
4860.42,soft_decline,netbanking,medium,2,32,Axis,1
21492.23,soft_decline,card,good,2,30,None,0
1555.57,soft_decline,upi,medium,1,53,ICICI,0
24096.42,soft_decline,upi,bad,3,60,HDFC,0
33155.46,soft_decline,card,medium,1,65,HDFC,1
6013.28,soft_decline,card,medium,3,19,ICICI,0
14515.36,hard_decline,upi,bad,1,60,None,0
19952.05,soft_decline,card,good,2,35,None,1
45984.6,timeout,upi,medium,1,19,Axis,1
49663.43,duplicate,card,medium,2,44,None,0
2341.07,hard_decline,card,bad,2,45,Axis,0
38074.3,soft_decline,upi,good,2,17,None,0
18649.03,soft_decline,card,medium,1,69,ICICI,1
19683.66,timeout,netbanking,good,1,17,SBI,1
37737.82,hard_decline,netbanking,good,2,63,Axis,1
45929.48,hard_decline,upi,bad,1,33,SBI,0
47551.34,soft_decline,netbanking,medium,3,2,None,0
28898.42,hard_decline,netbanking,bad,2,71,None,0
17920.35,soft_decline,card,medium,3,10,Axis,0
39398.7,duplicate,netbanking,medium,2,45,HDFC,0
12624.97,timeout,card,bad,3,41,Axis,0
28247.29,soft_decline,card,medium,2,16,Axis,1
17993.07,hard_decline,upi,good,2,46,ICICI,0
32865.89,soft_decline,upi,good,2,29,ICICI,1
12095.91,hard_decline,card,good,1,42,Axis,0
9660.49,timeout,card,medium,3,7,None,0
45920.13,hard_decline,upi,bad,2,39,None,0
5180.0,soft_decline,card,bad,1,70,None,0
25347.3,soft_decline,upi,bad,2,19,HDFC,0
11120.55,timeout,upi,bad,3,27,ICICI,0
2042.61,timeout,card,medium,2,27,HDFC,1
1897.34,hard_decline,card,good,1,58,None,1
8843.57,soft_decline,upi,medium,2,61,ICICI,1
43351.84,soft_decline,card,bad,2,53,HDFC,0
14195.69,duplicate,card,medium,2,6,HDFC,0
47527.91,hard_decline,card,medium,2,67,HDFC,0
29122.95,hard_decline,card,good,1,23,ICICI,0
21887.05,hard_decline,card,medium,2,40,None,0
29046.43,timeout,upi,medium,3,53,ICICI,1
25883.25,soft_decline,upi,medium,3,13,ICICI,1
37962.94,soft_decline,upi,bad,2,43,None,0
14196.55,hard_decline,netbanking,good,1,48,SBI,1
17717.21,timeout,card,bad,3,62,SBI,1
44715.31,timeout,card,good,2,44,HDFC,1
47328.18,timeout,upi,bad,2,71,HDFC,1
44638.66,soft_decline,upi,medium,1,6,None,0
21030.45,soft_decline,upi,bad,2,2,ICICI,0
39040.24,duplicate,upi,good,1,46,HDFC,0
23869.15,hard_decline,upi,medium,3,60,SBI,0
24927.24,timeout,card,bad,2,70,HDFC,1
10313.54,timeout,upi,good,1,29,None,1
29597.4,hard_decline,upi,good,2,4,HDFC,1
9388.18,soft_decline,netbanking,medium,2,71,HDFC,1
16645.08,timeout,upi,good,3,6,SBI,1
42766.01,timeout,upi,good,2,38,Axis,1
10433.08,hard_decline,upi,medium,1,1,None,0
3650.8,hard_decline,netbanking,good,1,42,HDFC,0
3543.48,soft_decline,netbanking,medium,1,11,ICICI,0
47045.15,soft_decline,upi,bad,2,27,ICICI,1
25395.33,soft_decline,upi,medium,2,18,None,1
20529.66,soft_decline,card,good,3,27,ICICI,0
40562.84,duplicate,upi,medium,2,69,Axis,0
41807.71,timeout,upi,medium,1,18,SBI,1
16676.33,timeout,upi,medium,1,63,Axis,1
34711.54,hard_decline,card,medium,3,8,ICICI,0
38579.03,soft_decline,upi,bad,1,40,ICICI,0
32767.07,duplicate,card,bad,1,49,HDFC,0
7664.59,soft_decline,upi,good,1,9,HDFC,1
43806.57,soft_decline,card,medium,3,53,HDFC,0
27000.82,hard_decline,upi,medium,3,9,None,0
14195.37,timeout,card,bad,1,6,None,1
21318.89,timeout,card,bad,1,31,ICICI,1
1974.8,soft_decline,upi,medium,2,53,HDFC,1
6480.55,timeout,card,medium,2,69,ICICI,0
38300.78,soft_decline,upi,medium,1,62,None,1
100.58,soft_decline,netbanking,medium,2,33,None,1
20886.63,timeout,netbanking,good,1,42,SBI,1
26173.26,timeout,card,medium,1,4,SBI,1
2826.26,hard_decline,netbanking,medium,2,18,SBI,0
48656.6,hard_decline,card,medium,3,53,HDFC,1
11383.65,timeout,netbanking,medium,3,13,HDFC,1
15279.52,timeout,upi,bad,3,9,Axis,1
15266.73,timeout,card,medium,1,48,None,0
11597.79,hard_decline,card,medium,1,10,None,0
173.54,duplicate,card,bad,3,30,None,0
36494.31,duplicate,upi,medium,3,65,None,0
48345.59,soft_decline,card,good,3,9,ICICI,0
11292.24,timeout,upi,good,1,20,HDFC,0
33186.05,hard_decline,upi,good,1,0,SBI,0
37120.63,soft_decline,netbanking,good,2,45,ICICI,1
42436.43,timeout,netbanking,bad,2,19,None,1
21189.2,soft_decline,card,medium,2,20,HDFC,0
15216.25,hard_decline,upi,good,3,36,None,0
16332.23,timeout,netbanking,bad,1,13,None,0
35659.8,soft_decline,netbanking,medium,2,57,HDFC,1
40857.3,hard_decline,card,medium,2,56,SBI,1
9162.54,duplicate,card,good,2,56,None,0
18609.96,hard_decline,card,good,2,68,HDFC,0
45106.82,soft_decline,card,medium,3,69,Axis,0
40354.01,hard_decline,card,bad,1,23,None,0
49244.43,hard_decline,card,good,1,59,ICICI,0
37736.99,timeout,upi,medium,1,22,HDFC,1
19720.44,timeout,card,bad,2,46,Axis,1
29572.83,hard_decline,upi,medium,3,37,Axis,0
33084.61,timeout,card,medium,3,51,Axis,0
4014.95,hard_decline,netbanking,bad,3,12,HDFC,0
27270.4,soft_decline,netbanking,bad,1,7,Axis,1
35495.11,timeout,upi,medium,1,31,SBI,1
8449.33,timeout,netbanking,bad,3,16,SBI,1
39053.52,hard_decline,card,medium,2,4,None,1
29230.26,soft_decline,upi,bad,1,71,ICICI,0
47615.87,soft_decline,card,bad,1,49,ICICI,0
2216.87,soft_decline,card,medium,2,11,SBI,1
13339.77,soft_decline,card,medium,2,43,None,0
30117.54,timeout,upi,medium,1,67,ICICI,0
14898.34,soft_decline,card,bad,2,58,SBI,0
35749.77,timeout,upi,bad,2,9,ICICI,1
37974.36,soft_decline,card,good,2,47,Axis,1
5215.55,soft_decline,netbanking,bad,2,27,ICICI,0
25741.34,hard_decline,upi,bad,2,4,Axis,0
25493.64,soft_decline,card,bad,3,43,HDFC,1
18527.11,timeout,card,bad,1,30,ICICI,1
46652.95,soft_decline,netbanking,good,3,15,ICICI,0
41392.57,hard_decline,card,medium,3,22,None,0
34890.75,timeout,upi,bad,3,20,HDFC,1
35744.9,timeout,upi,bad,1,1,ICICI,1
23139.64,soft_decline,card,good,1,22,SBI,1
46057.63,hard_decline,card,medium,1,10,HDFC,0
34760.31,timeout,card,bad,3,1,HDFC,1
36476.15,duplicate,card,bad,1,12,Axis,0
43098.38,timeout,card,medium,3,44,Axis,1
13776.17,soft_decline,card,good,2,71,HDFC,0
40372.84,duplicate,card,bad,1,9,HDFC,0
9842.51,soft_decline,card,bad,2,20,ICICI,1
17332.56,soft_decline,netbanking,bad,3,0,None,0
16846.96,timeout,upi,bad,1,15,Axis,1
48928.42,soft_decline,upi,medium,1,42,None,1
42841.21,soft_decline,card,bad,2,5,None,0
35088.38,soft_decline,card,bad,3,10,None,0
36380.13,hard_decline,netbanking,medium,3,65,None,0
28147.43,timeout,upi,bad,1,48,HDFC,1
47359.82,timeout,card,bad,1,19,HDFC,1
24863.31,soft_decline,card,bad,1,20,SBI,0
19087.83,hard_decline,upi,medium,1,35,ICICI,1
8235.46,duplicate,netbanking,medium,1,37,SBI,0
39331.66,timeout,card,medium,3,55,HDFC,0
36748.75,soft_decline,upi,good,1,10,None,1
19279.32,duplicate,upi,medium,2,17,None,0
1357.15,timeout,netbanking,medium,1,44,Axis,1
41965.97,soft_decline,netbanking,good,1,25,SBI,1
669.76,soft_decline,card,bad,3,58,SBI,1
35214.62,soft_decline,upi,medium,3,5,Axis,0
48515.83,timeout,upi,medium,3,42,SBI,0
21939.3,soft_decline,upi,medium,2,51,SBI,1
11825.17,hard_decline,netbanking,good,3,61,Axis,0
35273.06,soft_decline,netbanking,bad,1,16,None,0
40874.69,duplicate,card,medium,3,45,Axis,0
27366.87,soft_decline,card,medium,2,40,ICICI,0
48355.06,duplicate,upi,medium,1,12,SBI,0
2678.27,duplicate,card,medium,1,5,HDFC,0
25289.3,soft_decline,card,medium,2,32,SBI,0
35950.85,hard_decline,card,good,3,3,None,0
43145.76,soft_decline,netbanking,good,3,49,HDFC,0
9044.86,duplicate,card,medium,3,47,HDFC,0
40020.17,hard_decline,upi,bad,3,26,None,1
27680.08,soft_decline,card,medium,2,5,Axis,1
19888.03,soft_decline,card,good,2,57,Axis,1
6672.58,soft_decline,card,good,3,62,ICICI,1
43278.26,duplicate,card,medium,2,0,SBI,0
7947.93,timeout,netbanking,medium,1,27,None,1
15558.41,timeout,netbanking,good,3,28,None,0
14573.27,soft_decline,upi,medium,1,27,None,1
43583.56,soft_decline,card,good,1,67,None,1
33667.88,duplicate,upi,medium,1,40,HDFC,0
39854.4,soft_decline,card,medium,3,54,ICICI,0
12598.35,duplicate,card,bad,3,31,None,0
31281.22,soft_decline,upi,good,3,68,SBI,1
28630.12,soft_decline,upi,medium,2,21,SBI,1
41658.24,timeout,card,bad,3,56,None,1
45313.74,duplicate,card,medium,1,21,None,0
706.62,duplicate,netbanking,medium,3,65,None,0
33733.59,soft_decline,card,medium,2,40,ICICI,0
2686.61,soft_decline,netbanking,good,3,42,ICICI,0
27488.05,hard_decline,netbanking,medium,2,33,ICICI,0
14452.87,timeout,upi,bad,1,1,None,1
15408.15,timeout,card,medium,1,58,ICICI,1
17712.63,soft_decline,upi,medium,1,35,HDFC,1
31102.49,duplicate,card,medium,1,7,None,0
16769.09,timeout,card,medium,1,32,HDFC,0
36661.68,timeout,upi,medium,1,32,None,1
20285.92,hard_decline,card,good,2,67,None,1
3510.82,hard_decline,card,medium,1,17,None,0
39209.62,duplicate,upi,medium,3,63,None,0
14359.34,hard_decline,upi,bad,2,60,HDFC,0
21695.07,timeout,card,medium,2,9,SBI,1
34303.65,duplicate,card,medium,3,49,None,0
16689.56,timeout,card,good,3,21,HDFC,0
2923.62,hard_decline,card,good,3,38,ICICI,0
18758.66,soft_decline,upi,medium,3,64,SBI,1
47227.98,soft_decline,upi,bad,3,29,SBI,0
32122.55,soft_decline,upi,medium,1,4,None,1
33606.81,soft_decline,card,medium,2,25,ICICI,1
31650.88,soft_decline,card,bad,3,62,ICICI,0
10029.71,soft_decline,card,good,3,45,SBI,1
20974.86,soft_decline,card,bad,2,30,ICICI,0
37571.9,hard_decline,card,medium,2,40,Axis,0
5158.51,soft_decline,card,medium,1,11,None,1
13964.85,soft_decline,card,bad,2,16,Axis,0
13888.32,timeout,upi,bad,3,17,SBI,0
21657.74,hard_decline,upi,medium,2,65,Axis,0
49020.4,hard_decline,upi,medium,3,38,None,0
3468.38,timeout,card,medium,2,32,Axis,1
25983.18,timeout,netbanking,good,2,7,HDFC,1
9050.3,hard_decline,netbanking,bad,1,25,None,1
48536.76,timeout,card,good,3,34,Axis,1
5753.84,duplicate,upi,medium,1,56,HDFC,0
20239.69,timeout,netbanking,bad,1,20,ICICI,1
36920.46,hard_decline,upi,bad,3,36,HDFC,0
35257.27,timeout,card,medium,2,4,None,1
21194.16,soft_decline,card,bad,1,16,HDFC,0
17391.56,hard_decline,upi,medium,2,24,None,0
19940.86,duplicate,card,bad,2,60,ICICI,0
13287.39,hard_decline,netbanking,medium,1,36,HDFC,0
10346.11,duplicate,upi,bad,1,65,SBI,0
24203.68,hard_decline,card,good,1,12,HDFC,0
13499.83,duplicate,upi,medium,2,39,None,0
14444.34,hard_decline,upi,medium,3,41,SBI,0
32872.13,soft_decline,card,bad,3,69,SBI,0
48430.01,hard_decline,card,bad,1,24,None,0
30221.5,soft_decline,netbanking,good,2,41,SBI,1
3941.28,soft_decline,upi,good,1,9,Axis,0
3871.62,timeout,card,medium,2,42,None,0
47576.02,soft_decline,card,medium,3,67,None,1
14934.81,timeout,upi,medium,3,27,Axis,0
4694.14,soft_decline,upi,medium,1,23,None,1
29992.32,soft_decline,card,medium,1,40,ICICI,1
31220.07,duplicate,upi,medium,3,60,HDFC,0
32460.39,soft_decline,card,bad,2,4,Axis,0
13443.36,timeout,card,good,3,10,ICICI,0
854.02,timeout,upi,medium,2,7,HDFC,1
48254.27,hard_decline,card,medium,1,20,ICICI,0
12619.56,duplicate,netbanking,good,3,63,None,0
33833.71,timeout,card,medium,1,4,None,1
35360.83,hard_decline,upi,medium,3,33,None,1
30539.37,timeout,card,good,1,8,Axis,1
15714.08,soft_decline,card,medium,3,37,SBI,1
13627.7,hard_decline,upi,medium,3,42,ICICI,0
29923.65,duplicate,card,good,1,9,None,0
43318.17,timeout,upi,medium,3,11,SBI,0
47342.01,timeout,upi,medium,3,17,None,1
5384.7,timeout,upi,good,3,11,None,1
7825.95,timeout,upi,good,3,30,ICICI,0
47242.34,duplicate,upi,medium,1,10,ICICI,0
36853.11,soft_decline,upi,bad,1,26,None,0
44161.39,soft_decline,upi,bad,3,20,ICICI,1
10211.37,hard_decline,netbanking,good,3,12,None,0
29420.53,timeout,card,good,1,44,ICICI,1
35086.87,soft_decline,upi,good,3,46,None,1
34037.58,soft_decline,card,medium,2,24,HDFC,1
20466.77,soft_decline,card,medium,1,63,None,1
868.21,duplicate,card,medium,3,69,None,0
29188.01,timeout,netbanking,bad,2,27,None,1
12729.77,hard_decline,upi,medium,3,19,ICICI,0
22567.69,soft_decline,upi,bad,3,40,Axis,1
47883.29,soft_decline,card,good,3,3,Axis,0
20011.86,soft_decline,card,good,2,68,HDFC,0
42006.1,soft_decline,netbanking,good,2,23,ICICI,1
9508.18,duplicate,card,good,1,16,None,0
33655.78,duplicate,card,bad,3,4,None,0
48852.65,soft_decline,card,medium,3,56,ICICI,1
5184.47,soft_decline,upi,medium,2,25,HDFC,1
515.17,soft_decline,card,medium,3,71,None,0
21735.78,hard_decline,card,good,3,16,ICICI,0
4722.01,soft_decline,upi,good,3,55,None,0
37444.38,soft_decline,card,medium,2,7,ICICI,1
45735.98,soft_decline,upi,medium,3,63,None,1
21757.65,timeout,card,bad,3,68,Axis,0
13009.71,timeout,card,medium,1,9,SBI,1
21776.73,timeout,upi,medium,3,49,HDFC,1
36200.05,soft_decline,netbanking,good,2,54,ICICI,0
551.8,duplicate,upi,bad,2,13,None,0
29513.75,duplicate,upi,good,3,26,HDFC,0
30703.26,soft_decline,card,bad,1,4,HDFC,0
31920.64,soft_decline,card,medium,3,27,HDFC,0
12176.9,hard_decline,card,good,3,4,HDFC,0
35731.23,soft_decline,netbanking,medium,3,11,Axis,0
4660.44,hard_decline,netbanking,bad,2,7,None,0
10043.59,hard_decline,netbanking,medium,3,58,HDFC,0
43885.76,hard_decline,card,good,2,64,None,0
36962.29,soft_decline,upi,good,1,59,HDFC,1
785.9,hard_decline,upi,medium,3,54,None,0
12493.98,duplicate,upi,good,2,42,SBI,0
10798.88,soft_decline,upi,bad,2,40,None,0
13613.24,timeout,upi,bad,2,9,HDFC,0
12453.23,soft_decline,card,bad,3,6,None,0
3220.06,soft_decline,card,good,1,20,HDFC,1
23001.13,hard_decline,card,medium,2,43,HDFC,0
36663.4,soft_decline,card,good,3,36,None,1
30375.91,soft_decline,card,medium,2,43,HDFC,1
33676.3,soft_decline,card,bad,2,64,None,1
4149.34,hard_decline,card,medium,3,5,Axis,0
47579.39,timeout,upi,bad,2,37,ICICI,1
41940.74,soft_decline,netbanking,bad,2,42,ICICI,0
40274.01,timeout,netbanking,good,3,56,HDFC,1
41166.89,soft_decline,card,medium,1,69,Axis,0
46642.25,timeout,card,good,1,64,None,0
27258.27,hard_decline,card,medium,1,54,None,0
10094.07,timeout,netbanking,good,1,34,Axis,0
30877.5,duplicate,upi,bad,3,23,HDFC,0
37169.79,duplicate,card,medium,3,37,None,0
36922.08,soft_decline,netbanking,medium,1,2,None,1
26120.31,timeout,card,bad,3,50,ICICI,1
3516.09,soft_decline,netbanking,bad,1,60,SBI,0
18618.54,duplicate,card,bad,2,39,HDFC,0
46046.25,soft_decline,card,good,2,53,None,1
29264.0,soft_decline,upi,medium,2,65,HDFC,0
26962.76,soft_decline,netbanking,medium,1,59,SBI,1
13515.79,soft_decline,netbanking,medium,2,14,Axis,0
18485.6,timeout,upi,good,1,45,HDFC,1
44777.77,duplicate,card,good,3,54,HDFC,0
33356.51,timeout,card,bad,2,3,None,0
39390.61,timeout,netbanking,good,2,23,ICICI,1
22771.84,timeout,upi,medium,2,39,None,0
31549.34,soft_decline,upi,good,3,26,None,0
12494.34,soft_decline,card,good,1,51,SBI,1
35302.5,soft_decline,upi,good,2,36,HDFC,0
21437.31,soft_decline,card,medium,2,0,HDFC,0
22183.02,soft_decline,upi,bad,1,8,SBI,0
32501.18,soft_decline,netbanking,medium,2,17,HDFC,1
46820.4,soft_decline,upi,medium,2,38,None,1
3293.92,soft_decline,card,medium,2,29,ICICI,0
41254.69,duplicate,card,medium,1,19,Axis,0
14689.92,soft_decline,card,bad,2,14,SBI,0
22251.58,hard_decline,netbanking,medium,3,63,Axis,0
1193.48,hard_decline,card,medium,1,24,None,0
15122.2,hard_decline,netbanking,medium,2,48,None,0
25181.3,soft_decline,upi,bad,3,66,HDFC,0
2903.19,soft_decline,upi,medium,3,25,Axis,1
24605.68,soft_decline,netbanking,good,3,44,Axis,0
46362.82,soft_decline,upi,good,3,5,Axis,1
5359.12,soft_decline,netbanking,bad,3,31,HDFC,0
38245.59,hard_decline,card,bad,2,16,HDFC,0
20542.59,timeout,upi,good,3,45,SBI,0
32793.17,hard_decline,upi,bad,1,52,HDFC,0
13085.81,hard_decline,card,medium,2,3,None,1
8058.66,soft_decline,upi,medium,2,27,None,1
8107.08,timeout,upi,good,3,70,HDFC,0
3617.55,soft_decline,netbanking,bad,3,15,SBI,1
9363.77,timeout,card,good,2,38,Axis,0
33244.55,timeout,upi,bad,1,29,None,1
44096.36,hard_decline,card,good,2,56,None,0
40724.87,soft_decline,upi,bad,2,55,HDFC,0
34288.2,hard_decline,card,good,3,38,SBI,0
5610.55,soft_decline,upi,good,1,41,None,1
14530.45,soft_decline,card,good,3,17,None,1
15559.36,soft_decline,card,good,3,21,SBI,0
12572.85,soft_decline,card,medium,3,3,HDFC,0
25798.78,hard_decline,card,good,3,2,Axis,0
26824.14,timeout,upi,bad,1,60,ICICI,1
17908.61,soft_decline,netbanking,medium,3,23,SBI,0
17754.08,duplicate,card,medium,3,51,ICICI,0
41444.92,duplicate,card,good,1,66,HDFC,0
39485.71,duplicate,card,medium,2,30,None,0
15459.01,timeout,upi,good,3,52,None,1
45698.04,soft_decline,card,bad,2,60,SBI,0
47645.47,soft_decline,card,medium,3,57,ICICI,1
16404.45,hard_decline,card,bad,3,34,None,0
17785.8,hard_decline,card,medium,1,30,HDFC,1
25331.14,timeout,card,bad,1,56,SBI,1
47061.93,duplicate,card,good,2,9,Axis,0
43828.34,hard_decline,upi,good,3,17,None,0
5218.14,soft_decline,upi,medium,1,55,Axis,0
19697.26,soft_decline,card,bad,3,35,HDFC,0
27713.22,soft_decline,upi,medium,3,50,HDFC,1
25206.31,hard_decline,card,good,2,60,HDFC,0
9773.77,hard_decline,netbanking,medium,3,18,Axis,0
42954.96,timeout,card,bad,1,10,ICICI,1
33879.35,hard_decline,upi,good,2,4,HDFC,1
41911.63,duplicate,upi,good,1,44,HDFC,0
42952.34,timeout,card,bad,2,44,Axis,1
37442.96,timeout,netbanking,bad,2,47,None,0
22016.61,soft_decline,card,bad,3,13,None,0
30566.28,timeout,upi,bad,2,27,Axis,1
8102.23,timeout,card,good,2,8,ICICI,1
33714.91,soft_decline,card,medium,3,58,SBI,1
9044.74,soft_decline,upi,medium,2,37,Axis,0
34728.08,duplicate,card,bad,2,24,None,0
11556.95,soft_decline,card,bad,1,71,Axis,1
5965.81,hard_decline,card,bad,1,47,None,1
8347.7,soft_decline,upi,medium,3,18,None,0
199.41,timeout,card,good,2,1,None,1
35965.11,timeout,card,medium,3,5,None,0
36646.81,soft_decline,upi,medium,3,29,SBI,1
25795.17,hard_decline,card,good,3,60,ICICI,0
8152.0,duplicate,card,bad,1,1,None,0
4269.36,timeout,card,good,3,50,SBI,1
1054.54,timeout,card,good,2,12,Axis,1
8370.83,hard_decline,card,medium,1,48,SBI,0
44553.69,soft_decline,netbanking,bad,1,7,ICICI,1
12152.69,hard_decline,card,medium,1,8,Axis,1
17778.14,timeout,card,bad,2,22,Axis,1
5356.74,soft_decline,card,medium,3,71,ICICI,0
11195.83,soft_decline,card,good,3,15,HDFC,1
26009.31,soft_decline,upi,good,1,15,HDFC,1
30426.86,hard_decline,card,bad,1,11,HDFC,0
12343.08,timeout,card,medium,3,10,None,0
2980.83,soft_decline,card,bad,2,12,ICICI,0
19612.54,timeout,netbanking,medium,1,34,Axis,0
11786.75,duplicate,card,medium,1,42,ICICI,0
11055.74,soft_decline,card,medium,2,29,Axis,0
47997.15,timeout,upi,good,1,59,None,1
30853.39,duplicate,card,medium,2,66,HDFC,0
27888.23,duplicate,upi,medium,3,28,Axis,0
20847.18,soft_decline,upi,bad,3,24,ICICI,0
21504.32,soft_decline,card,good,1,65,HDFC,0
27091.16,soft_decline,upi,good,3,4,HDFC,0
34851.85,timeout,netbanking,good,2,4,ICICI,1
35137.09,timeout,upi,good,1,48,SBI,1
8667.53,timeout,netbanking,medium,2,25,Axis,1
25055.63,soft_decline,card,bad,3,70,Axis,1
20656.71,soft_decline,card,medium,3,29,None,0
43539.3,hard_decline,netbanking,bad,3,27,HDFC,0
31607.8,hard_decline,card,medium,1,13,None,0
26671.95,timeout,netbanking,good,2,17,SBI,1
5858.19,hard_decline,card,good,1,56,None,0
30321.33,soft_decline,netbanking,good,3,24,SBI,1
5948.47,soft_decline,card,medium,3,69,SBI,0
16926.61,soft_decline,card,medium,1,4,SBI,0
7227.81,soft_decline,netbanking,bad,2,52,HDFC,1
34634.47,soft_decline,card,bad,3,38,HDFC,0
10391.98,soft_decline,card,medium,2,56,SBI,0
19653.78,soft_decline,card,bad,3,10,SBI,0
44794.17,soft_decline,upi,medium,1,68,SBI,1
10295.39,timeout,netbanking,good,3,24,HDFC,0
25439.47,soft_decline,card,bad,1,29,SBI,0
21021.66,timeout,card,good,1,1,HDFC,0
1004.39,timeout,card,bad,1,35,Axis,1
39658.63,hard_decline,upi,medium,3,36,ICICI,0
3545.39,duplicate,card,medium,2,1,None,0
23765.33,soft_decline,card,medium,2,46,ICICI,1
28077.85,timeout,card,bad,3,58,None,0
31458.48,duplicate,upi,good,1,3,ICICI,0
34462.72,timeout,netbanking,good,2,66,HDFC,0
12738.29,soft_decline,upi,medium,2,45,ICICI,1
597.94,soft_decline,card,good,3,35,ICICI,0
36199.84,soft_decline,upi,medium,1,64,None,0
26829.26,timeout,upi,bad,2,55,None,0
41822.27,timeout,card,bad,3,34,SBI,1
41087.28,soft_decline,card,bad,3,22,HDFC,0
42181.98,hard_decline,card,bad,1,43,HDFC,0
24306.22,timeout,upi,bad,3,0,Axis,1
16748.06,hard_decline,upi,bad,1,65,None,0
39598.75,timeout,upi,good,2,11,Axis,1
22619.58,timeout,card,medium,3,12,SBI,0
9253.77,soft_decline,card,bad,2,26,None,0
42763.2,timeout,netbanking,medium,1,19,HDFC,1
44139.74,soft_decline,card,bad,1,5,None,0
23368.86,hard_decline,netbanking,good,1,7,ICICI,0
3877.42,duplicate,upi,bad,3,20,ICICI,0
19452.52,timeout,card,medium,3,20,None,0
40196.53,hard_decline,card,good,3,44,ICICI,0
45098.52,soft_decline,netbanking,good,2,69,None,1
10253.29,soft_decline,card,good,2,43,ICICI,1
3441.98,hard_decline,netbanking,bad,3,58,None,0
43879.79,soft_decline,card,medium,2,29,HDFC,1
19531.31,hard_decline,upi,bad,1,9,None,0
27133.87,soft_decline,netbanking,medium,3,0,None,0
48406.48,soft_decline,netbanking,bad,1,9,HDFC,0
3421.58,soft_decline,card,medium,1,24,ICICI,0
32451.07,duplicate,upi,good,1,13,HDFC,0
3797.86,timeout,card,good,2,2,Axis,1
18835.9,soft_decline,card,bad,1,67,None,0
40210.35,soft_decline,card,medium,2,39,HDFC,1
21730.26,hard_decline,card,good,1,32,ICICI,1
49859.4,soft_decline,card,good,3,6,None,0
27997.06,hard_decline,card,good,1,2,SBI,0
16125.99,timeout,netbanking,bad,1,36,ICICI,1
11083.56,timeout,upi,medium,3,25,Axis,0
17590.97,timeout,card,medium,2,24,ICICI,0
18689.41,hard_decline,netbanking,bad,3,39,ICICI,0
3528.81,duplicate,card,medium,1,42,None,0
18541.75,duplicate,card,bad,1,43,ICICI,0
23265.5,hard_decline,upi,medium,2,70,None,0
36164.61,soft_decline,card,bad,1,28,HDFC,0
32870.8,hard_decline,upi,good,1,56,ICICI,0
35467.41,soft_decline,card,bad,2,8,Axis,0
517.35,timeout,card,medium,2,21,ICICI,1
10961.6,hard_decline,card,good,2,69,SBI,0
33118.05,soft_decline,netbanking,medium,2,5,None,1
24251.07,soft_decline,upi,medium,1,26,HDFC,0
365.14,hard_decline,upi,good,2,51,SBI,0
40244.28,timeout,upi,medium,2,69,ICICI,1
38663.2,hard_decline,card,bad,1,48,SBI,0
27466.12,timeout,upi,medium,2,22,ICICI,1
3416.52,soft_decline,card,medium,1,20,Axis,0
38349.1,hard_decline,card,good,2,7,None,0
29227.31,hard_decline,upi,good,2,53,SBI,0
39119.8,timeout,card,medium,3,13,HDFC,1
37612.17,soft_decline,card,bad,1,30,None,0
40169.8,hard_decline,netbanking,bad,2,50,HDFC,1
25948.6,soft_decline,upi,medium,3,61,Axis,0
7102.19,soft_decline,upi,medium,3,17,SBI,0
33590.76,duplicate,card,medium,1,46,ICICI,0
31061.64,soft_decline,card,medium,3,51,None,0
37138.43,soft_decline,upi,medium,1,36,Axis,0
8577.06,hard_decline,upi,bad,3,29,SBI,1
9829.26,timeout,upi,good,1,29,SBI,1
44531.43,hard_decline,netbanking,bad,2,47,HDFC,0
37523.89,timeout,netbanking,good,1,38,None,1
45420.6,timeout,card,medium,3,26,HDFC,1
37959.89,soft_decline,netbanking,bad,1,15,ICICI,1
29898.05,soft_decline,upi,medium,2,31,HDFC,1
32741.22,soft_decline,upi,good,2,28,HDFC,1
44467.48,timeout,card,good,3,51,None,0
28982.46,soft_decline,upi,medium,3,14,None,0
31656.33,soft_decline,netbanking,good,3,43,Axis,1
7908.19,timeout,upi,medium,2,22,None,1
23748.67,hard_decline,upi,medium,2,47,Axis,0
35848.22,hard_decline,card,bad,3,22,Axis,0
13620.04,hard_decline,card,good,2,70,None,1
10192.48,soft_decline,card,medium,2,13,HDFC,0
15759.96,hard_decline,card,medium,3,53,HDFC,0
12150.88,hard_decline,upi,medium,2,69,HDFC,1
10824.14,duplicate,card,good,3,42,SBI,0
21300.06,soft_decline,upi,medium,2,44,None,1
45401.14,timeout,card,medium,1,21,None,1
25402.28,timeout,card,good,1,60,None,0
9477.23,soft_decline,card,bad,2,17,SBI,0
3940.89,timeout,netbanking,bad,2,43,None,1
34838.19,soft_decline,card,good,1,17,ICICI,1
19201.66,duplicate,card,medium,3,56,Axis,0
41109.36,timeout,netbanking,medium,3,14,None,1
33009.59,soft_decline,netbanking,good,1,57,HDFC,1
39832.45,soft_decline,upi,medium,3,1,None,1
13670.11,soft_decline,card,bad,3,13,None,1
34648.71,soft_decline,card,medium,1,20,SBI,1
13276.69,soft_decline,netbanking,bad,1,42,HDFC,1
46959.52,soft_decline,netbanking,medium,2,44,Axis,0
31855.08,timeout,upi,good,1,33,SBI,1
16293.14,soft_decline,card,good,1,70,None,0
13548.64,timeout,card,bad,3,11,HDFC,1
9627.24,timeout,card,medium,3,6,Axis,1
34762.58,hard_decline,upi,good,2,68,SBI,0
11013.91,timeout,card,medium,3,27,SBI,0
29805.63,soft_decline,netbanking,bad,3,24,SBI,0
13305.29,soft_decline,card,bad,3,65,HDFC,0
33132.25,timeout,upi,good,1,50,None,0
40765.49,hard_decline,card,good,3,33,None,0
38923.46,hard_decline,upi,bad,1,45,HDFC,0
38066.48,timeout,card,bad,3,46,HDFC,1
9467.35,duplicate,upi,medium,1,31,ICICI,0
4510.41,timeout,upi,bad,3,11,ICICI,1
34977.55,timeout,card,good,2,18,SBI,1
18480.53,soft_decline,netbanking,good,2,46,SBI,0
21674.08,soft_decline,upi,good,2,37,HDFC,1
1654.34,timeout,netbanking,good,3,9,None,0
13052.86,hard_decline,netbanking,bad,2,9,None,0
1780.45,hard_decline,netbanking,medium,1,40,Axis,0
43971.37,soft_decline,card,good,2,54,ICICI,1
12245.49,timeout,card,bad,2,70,None,1
27911.12,soft_decline,netbanking,bad,2,42,ICICI,0
2045.07,timeout,card,good,2,37,ICICI,1
33375.68,soft_decline,card,medium,1,26,ICICI,1
16219.06,soft_decline,upi,bad,2,31,HDFC,1
44906.17,soft_decline,card,bad,3,70,HDFC,0
44417.1,soft_decline,upi,bad,2,47,SBI,0
16332.0,timeout,netbanking,good,3,25,None,1
45057.95,soft_decline,upi,medium,3,57,None,0
49808.27,soft_decline,card,bad,2,23,None,0
41288.24,hard_decline,card,bad,2,53,SBI,0
42259.08,hard_decline,card,good,3,45,ICICI,0
12525.54,soft_decline,card,good,1,57,ICICI,0
28877.45,soft_decline,card,bad,1,31,SBI,0
3456.07,duplicate,card,medium,2,15,SBI,0
4836.41,timeout,upi,medium,1,69,SBI,1
49944.74,soft_decline,upi,medium,1,64,ICICI,0
16399.3,hard_decline,netbanking,medium,2,12,Axis,0
37434.38,soft_decline,upi,medium,3,5,Axis,1
40352.59,soft_decline,card,medium,3,11,None,1
42915.36,timeout,upi,good,1,8,None,0
49881.65,timeout,upi,bad,3,58,ICICI,0
12150.67,soft_decline,card,bad,2,66,ICICI,0
2113.51,timeout,upi,bad,1,23,ICICI,0
20618.46,soft_decline,card,bad,3,14,HDFC,0
6591.03,soft_decline,card,medium,1,62,HDFC,1
1219.05,soft_decline,netbanking,good,3,49,HDFC,0
18085.3,soft_decline,netbanking,good,1,20,SBI,1
39208.54,duplicate,upi,good,3,0,None,0
28352.42,hard_decline,upi,medium,3,10,SBI,0
15707.62,soft_decline,netbanking,medium,2,66,None,1
32751.67,duplicate,netbanking,bad,2,21,ICICI,0
11677.71,timeout,card,medium,2,6,ICICI,1
817.63,timeout,upi,medium,1,48,HDFC,1
38241.23,duplicate,card,medium,1,0,ICICI,0
31224.78,soft_decline,card,good,1,64,None,1
38138.9,timeout,card,bad,3,62,SBI,1
2043.01,timeout,upi,medium,3,63,ICICI,0
41872.27,timeout,netbanking,good,3,25,Axis,0
31014.36,timeout,netbanking,bad,1,16,SBI,1
28213.43,soft_decline,card,medium,2,10,None,0
31268.24,timeout,upi,medium,1,66,HDFC,1
43235.22,soft_decline,card,medium,1,9,SBI,1
29388.13,soft_decline,card,bad,2,65,None,0
29089.42,soft_decline,netbanking,good,2,31,None,0
49534.89,duplicate,card,bad,1,15,ICICI,0
37860.84,soft_decline,upi,bad,3,25,None,0
22170.46,hard_decline,card,medium,3,55,None,0
35399.11,soft_decline,card,medium,2,8,Axis,1
19522.6,duplicate,upi,bad,1,4,None,0
11520.89,soft_decline,card,medium,3,6,Axis,0
29882.91,timeout,card,bad,3,64,None,0
46416.29,timeout,card,medium,2,11,None,1
46464.06,hard_decline,upi,medium,1,47,None,0
17161.07,soft_decline,netbanking,medium,2,71,HDFC,1
26431.11,timeout,netbanking,medium,1,24,HDFC,1
10660.63,duplicate,netbanking,good,1,12,None,0
49781.99,timeout,netbanking,bad,1,40,ICICI,0
49057.78,soft_decline,netbanking,medium,1,9,None,1
32510.5,timeout,upi,bad,1,39,HDFC,1
40240.26,soft_decline,upi,good,1,32,None,1
35783.5,hard_decline,card,medium,3,34,None,0
29698.6,timeout,netbanking,bad,3,36,None,0
2762.07,soft_decline,card,bad,3,15,ICICI,0
22792.74,timeout,card,bad,3,71,None,0
33771.84,hard_decline,netbanking,bad,1,32,Axis,0
33908.83,timeout,card,good,3,52,HDFC,1
18718.82,soft_decline,netbanking,bad,1,34,None,0
47090.43,hard_decline,upi,good,2,54,HDFC,0
8451.12,timeout,card,good,2,16,ICICI,1
25067.94,soft_decline,upi,good,3,26,None,1
34575.11,soft_decline,netbanking,bad,1,20,Axis,0
34887.08,duplicate,card,good,3,20,None,0
32467.08,soft_decline,upi,good,1,16,ICICI,0
13836.88,duplicate,netbanking,good,3,26,HDFC,0
7894.71,soft_decline,card,medium,2,47,None,0
31833.42,soft_decline,card,bad,2,43,ICICI,0
30005.18,timeout,card,medium,3,35,HDFC,1
9049.86,timeout,card,medium,3,27,None,0
35286.44,hard_decline,card,good,1,24,Axis,0
22813.08,hard_decline,upi,good,2,46,HDFC,0
33421.25,timeout,card,good,3,22,None,1
41884.62,soft_decline,netbanking,medium,1,49,None,1
8569.45,hard_decline,card,medium,2,64,None,0
1055.33,soft_decline,card,good,1,15,HDFC,1
38977.22,hard_decline,upi,bad,2,49,HDFC,0
30523.9,soft_decline,netbanking,bad,2,12,ICICI,0
35012.01,soft_decline,upi,good,1,34,ICICI,1
41923.93,hard_decline,card,good,1,31,SBI,0
40160.27,soft_decline,netbanking,bad,2,24,None,0
48049.92,soft_decline,card,good,2,42,HDFC,1
26843.16,timeout,card,medium,1,27,Axis,1
24475.93,hard_decline,card,medium,3,65,None,0
20154.17,timeout,upi,bad,1,66,ICICI,1
7769.18,timeout,card,medium,3,32,SBI,1
28673.1,soft_decline,upi,good,1,46,Axis,0
13922.92,timeout,upi,good,3,34,ICICI,0
46073.24,soft_decline,netbanking,good,3,63,None,1
29201.22,timeout,card,medium,2,11,ICICI,1
29682.73,duplicate,card,medium,1,52,HDFC,0
17810.74,hard_decline,card,bad,1,43,None,1
2694.27,timeout,card,medium,1,45,HDFC,1
1684.01,soft_decline,upi,medium,3,10,None,0
21224.42,hard_decline,upi,medium,3,69,None,0
4319.81,timeout,upi,good,2,45,HDFC,1
30381.66,soft_decline,netbanking,bad,3,58,None,0
44060.55,soft_decline,netbanking,good,1,58,Axis,0
44157.45,hard_decline,card,good,3,33,Axis,0
32986.37,timeout,netbanking,good,3,20,ICICI,0
10640.47,soft_decline,card,medium,2,71,HDFC,0
43163.54,duplicate,upi,bad,3,51,HDFC,0
44316.06,soft_decline,upi,good,1,47,ICICI,1
9913.01,soft_decline,netbanking,medium,1,18,SBI,0
36897.56,timeout,card,good,1,3,None,1
14397.33,soft_decline,upi,bad,1,31,Axis,1
40151.75,timeout,netbanking,medium,2,27,HDFC,1
49862.17,soft_decline,upi,medium,2,57,None,0
1598.3,soft_decline,upi,medium,1,40,None,0
44878.56,soft_decline,card,bad,1,32,SBI,0
31169.26,duplicate,card,medium,3,13,SBI,0
48671.79,hard_decline,netbanking,medium,3,52,None,0
23303.97,timeout,upi,medium,3,41,Axis,0
42384.66,soft_decline,upi,medium,3,35,SBI,1
3213.46,hard_decline,card,good,3,24,None,0
16830.42,hard_decline,card,medium,1,51,Axis,0
3444.13,duplicate,card,good,3,39,ICICI,0
48769.62,timeout,card,medium,3,69,None,0
40867.0,timeout,card,medium,3,61,ICICI,1
42642.12,soft_decline,card,good,2,8,Axis,1
46904.47,hard_decline,upi,medium,2,68,SBI,0
4346.66,hard_decline,upi,bad,2,20,HDFC,0
19341.32,duplicate,card,medium,1,52,None,0
3644.64,soft_decline,upi,good,2,69,ICICI,0
10618.58,soft_decline,netbanking,bad,3,0,Axis,0
11545.35,hard_decline,card,medium,3,30,None,0
23508.45,soft_decline,netbanking,good,3,44,ICICI,1
13501.25,soft_decline,netbanking,medium,1,27,ICICI,1
5138.81,timeout,card,medium,2,2,HDFC,1
8457.81,hard_decline,card,medium,2,39,None,0
7449.05,timeout,card,medium,3,3,Axis,1
48656.53,timeout,upi,medium,3,69,None,1
37988.7,soft_decline,card,bad,2,11,SBI,0
48391.3,hard_decline,card,medium,2,61,ICICI,0
22043.05,soft_decline,upi,bad,3,70,None,0
13990.59,duplicate,card,bad,2,47,None,0
39934.83,hard_decline,netbanking,medium,2,6,None,0
16380.07,soft_decline,card,bad,1,56,None,0
15039.23,soft_decline,netbanking,good,3,55,Axis,0
11702.05,hard_decline,card,good,2,66,ICICI,0
6570.98,soft_decline,card,bad,1,12,ICICI,1
12897.51,soft_decline,card,good,1,51,None,1
17830.46,timeout,netbanking,good,1,62,None,1
33732.31,timeout,card,medium,1,40,SBI,1
3221.99,soft_decline,upi,medium,1,22,Axis,0
10604.3,hard_decline,netbanking,medium,1,46,None,0
40470.28,timeout,upi,good,1,64,None,1
7431.4,soft_decline,card,good,3,30,None,1
17197.99,timeout,netbanking,medium,3,35,Axis,1
43246.48,soft_decline,netbanking,medium,3,13,Axis,1
7830.77,timeout,card,medium,1,36,ICICI,0
4228.57,hard_decline,upi,medium,2,31,HDFC,0
24278.45,hard_decline,netbanking,medium,1,52,HDFC,1
15190.73,timeout,netbanking,good,3,27,HDFC,0
28214.08,soft_decline,card,bad,3,64,HDFC,0
40209.86,soft_decline,netbanking,good,1,46,SBI,1
6943.71,hard_decline,card,good,3,70,SBI,0
29076.88,timeout,card,bad,2,31,HDFC,1
25324.89,soft_decline,card,good,2,23,HDFC,1
7289.53,timeout,card,medium,2,13,SBI,1
31237.52,soft_decline,upi,medium,1,46,SBI,1
13754.66,soft_decline,upi,medium,3,0,HDFC,1
24442.93,timeout,card,medium,3,18,Axis,0
4205.39,soft_decline,card,bad,2,57,HDFC,0
23033.24,hard_decline,card,medium,3,6,SBI,0
15392.53,soft_decline,netbanking,medium,1,63,HDFC,0
41136.82,soft_decline,netbanking,bad,2,17,HDFC,1
2943.24,timeout,card,medium,1,62,ICICI,0
20988.5,hard_decline,netbanking,medium,1,67,SBI,0
22975.73,hard_decline,card,medium,3,49,None,0
36277.8,hard_decline,upi,medium,1,67,ICICI,0
28756.95,soft_decline,netbanking,bad,2,15,Axis,0
33393.9,hard_decline,card,good,1,13,None,0
38874.76,duplicate,upi,bad,3,61,ICICI,0
43123.93,timeout,card,medium,1,6,SBI,0
15762.39,soft_decline,card,bad,1,55,SBI,0
26947.33,soft_decline,upi,good,3,13,HDFC,0
42021.39,duplicate,netbanking,bad,3,41,ICICI,0
49473.61,hard_decline,card,good,3,69,ICICI,0
44487.01,hard_decline,netbanking,bad,3,61,Axis,0
18636.22,timeout,netbanking,medium,3,42,None,0
9838.81,soft_decline,card,medium,3,56,Axis,1
24520.69,hard_decline,card,medium,3,30,ICICI,0
37107.91,duplicate,upi,good,1,50,SBI,0
24679.2,timeout,upi,medium,1,66,None,0
24210.73,soft_decline,card,good,1,0,Axis,1
41927.7,soft_decline,netbanking,medium,2,43,ICICI,1
18134.05,soft_decline,upi,bad,3,49,Axis,0
43003.75,timeout,card,good,1,59,Axis,0
20399.56,soft_decline,upi,medium,3,2,SBI,1
16478.83,soft_decline,card,medium,2,71,None,0
22754.1,duplicate,card,good,3,53,None,0
38146.1,soft_decline,netbanking,bad,1,1,SBI,0
6387.5,soft_decline,netbanking,medium,2,28,None,0
9901.32,soft_decline,card,good,3,15,None,0
47577.1,soft_decline,upi,good,2,58,None,1
8857.03,hard_decline,upi,medium,3,10,ICICI,1
28429.59,duplicate,card,medium,2,23,HDFC,0
29007.79,timeout,card,good,1,31,Axis,1
24532.26,hard_decline,upi,good,3,53,None,0
32272.79,hard_decline,upi,medium,3,55,ICICI,0
11568.35,hard_decline,card,medium,3,70,SBI,0
27677.85,soft_decline,card,good,1,42,Axis,1
18671.45,soft_decline,card,medium,2,52,SBI,1
33117.2,duplicate,card,bad,1,0,SBI,0
7147.05,soft_decline,upi,bad,2,60,HDFC,0
28586.78,soft_decline,card,bad,3,33,None,0
9344.99,hard_decline,card,bad,2,60,ICICI,1
14004.29,hard_decline,netbanking,good,2,60,ICICI,0
11013.62,soft_decline,card,good,3,7,SBI,0
9223.61,soft_decline,card,medium,3,53,ICICI,0
41302.98,soft_decline,netbanking,medium,2,52,ICICI,1
14356.81,timeout,upi,bad,3,19,Axis,1
46363.48,soft_decline,upi,good,3,45,ICICI,1
48499.33,hard_decline,card,medium,2,30,Axis,0
28605.9,hard_decline,card,medium,1,25,SBI,0
7235.76,timeout,upi,medium,1,62,HDFC,1
18789.96,soft_decline,upi,medium,3,19,None,0
39906.84,soft_decline,card,good,2,21,SBI,1
18432.8,hard_decline,card,bad,3,56,None,0
4442.16,timeout,netbanking,medium,1,56,ICICI,1
27883.57,soft_decline,card,medium,1,25,SBI,1
42271.53,hard_decline,card,good,2,16,None,1
39816.73,soft_decline,card,medium,2,26,SBI,1
8838.64,soft_decline,netbanking,good,1,66,Axis,1
33670.95,hard_decline,netbanking,good,2,55,ICICI,0
11103.16,soft_decline,upi,good,1,23,ICICI,1
10988.56,timeout,card,good,3,24,SBI,1
43716.18,timeout,card,medium,1,9,Axis,1
12558.48,hard_decline,card,medium,1,35,Axis,0
13236.04,hard_decline,upi,bad,2,44,None,0
132.6,hard_decline,upi,good,2,16,None,1
43546.38,soft_decline,netbanking,good,2,57,ICICI,1
39650.48,timeout,card,bad,3,22,Axis,1
31403.71,duplicate,upi,good,2,7,SBI,0
37538.26,soft_decline,upi,good,3,49,HDFC,1
7687.22,soft_decline,card,good,2,15,SBI,1
22970.35,soft_decline,card,bad,2,42,None,0
17625.85,timeout,upi,bad,1,45,HDFC,0
4779.45,timeout,netbanking,medium,1,48,Axis,1
24357.91,timeout,card,medium,1,14,SBI,1
46044.91,timeout,netbanking,medium,3,48,Axis,1
2098.95,hard_decline,upi,bad,2,20,None,0
14643.9,timeout,card,good,1,5,SBI,1
10456.29,timeout,card,bad,2,54,ICICI,0
11983.52,hard_decline,card,good,1,14,HDFC,0
45430.88,hard_decline,card,medium,2,10,ICICI,1
23456.65,timeout,card,good,1,38,ICICI,1
23368.34,hard_decline,card,bad,1,50,Axis,0
38052.72,timeout,netbanking,medium,1,36,ICICI,1
7809.16,timeout,upi,medium,1,48,SBI,0
24414.54,timeout,upi,medium,1,56,ICICI,1
21556.26,timeout,card,medium,2,64,ICICI,1
29885.84,hard_decline,card,bad,1,16,ICICI,0
49977.93,timeout,card,good,2,62,None,1
38495.5,hard_decline,netbanking,medium,1,13,None,0
19953.5,soft_decline,card,good,2,37,None,1
41394.9,soft_decline,card,medium,1,24,HDFC,0
8618.35,hard_decline,upi,bad,1,36,Axis,0
1620.14,hard_decline,upi,medium,1,55,None,0
10301.97,duplicate,netbanking,bad,3,6,None,0
17086.54,soft_decline,card,medium,2,10,None,0
25577.98,soft_decline,card,medium,2,34,SBI,1
30794.94,soft_decline,upi,medium,1,35,ICICI,1
45539.23,soft_decline,upi,bad,1,69,HDFC,0
25541.72,timeout,card,medium,1,51,HDFC,1
25113.65,soft_decline,card,medium,3,68,HDFC,0
2607.13,timeout,upi,bad,1,41,None,1
1842.09,timeout,netbanking,bad,1,70,Axis,1
27602.88,hard_decline,upi,medium,2,14,Axis,0
21965.11,timeout,netbanking,medium,3,20,ICICI,0
41975.1,hard_decline,upi,medium,2,0,None,0
8117.91,soft_decline,card,medium,3,67,ICICI,0
1346.09,timeout,card,medium,3,10,None,0
22507.03,timeout,upi,bad,2,9,ICICI,1
11950.18,soft_decline,card,good,2,44,None,1
2575.76,soft_decline,upi,medium,3,55,None,0
36257.45,soft_decline,upi,bad,3,18,ICICI,0
5668.49,soft_decline,netbanking,good,1,41,None,1
30455.14,duplicate,upi,medium,1,40,SBI,0
14124.38,hard_decline,card,bad,2,19,ICICI,0
8757.45,soft_decline,card,bad,3,26,Axis,0
19049.6,timeout,card,medium,2,11,None,1
40092.14,hard_decline,netbanking,good,1,63,None,1
19665.47,soft_decline,card,good,1,37,HDFC,1
37563.41,duplicate,netbanking,medium,1,65,SBI,0
6361.77,timeout,netbanking,good,3,57,SBI,1
38661.29,timeout,upi,good,2,10,ICICI,1
11922.97,hard_decline,card,bad,3,29,None,0
33901.92,timeout,card,bad,3,63,HDFC,1
28332.5,soft_decline,card,bad,1,47,ICICI,0
46464.32,hard_decline,card,good,1,39,None,0
19427.39,duplicate,card,good,2,67,SBI,0
3401.64,soft_decline,card,bad,3,20,HDFC,0
1055.86,timeout,upi,bad,2,4,None,1
41360.24,hard_decline,card,bad,2,35,None,0
26284.31,soft_decline,card,bad,2,6,Axis,0
38784.68,timeout,upi,bad,2,59,Axis,1
11797.84,soft_decline,netbanking,medium,1,55,Axis,0
17319.68,timeout,upi,medium,2,30,SBI,0
1602.18,soft_decline,card,medium,1,24,None,0
48078.47,duplicate,upi,medium,2,55,None,0
33426.61,soft_decline,upi,medium,1,33,HDFC,0
46666.93,soft_decline,netbanking,bad,2,43,HDFC,1
13348.27,soft_decline,card,good,3,6,HDFC,0
30612.03,duplicate,netbanking,bad,3,50,HDFC,0
33957.15,timeout,card,good,1,24,HDFC,0
15945.73,timeout,netbanking,medium,1,27,HDFC,1
42420.65,hard_decline,card,bad,2,41,SBI,1
47363.36,hard_decline,netbanking,good,3,26,Axis,1
44254.27,soft_decline,netbanking,medium,2,36,None,1
36979.44,hard_decline,card,good,1,54,None,0
13945.49,soft_decline,netbanking,bad,2,37,HDFC,1
14152.64,duplicate,card,bad,3,55,SBI,0
48171.68,timeout,card,bad,3,33,Axis,1
613.2,hard_decline,card,bad,3,28,ICICI,0
35830.89,soft_decline,netbanking,bad,3,47,ICICI,0
35341.68,timeout,card,good,3,71,None,0
31172.21,soft_decline,upi,medium,1,45,HDFC,0
49506.43,soft_decline,upi,medium,2,36,SBI,0
15662.78,soft_decline,netbanking,medium,2,2,None,1
17064.6,hard_decline,upi,bad,2,49,None,1
4039.08,timeout,card,good,1,20,HDFC,1
22195.63,soft_decline,card,good,1,47,None,1
13126.32,soft_decline,card,medium,1,57,HDFC,1
17235.0,hard_decline,upi,good,1,30,None,0
41745.13,timeout,card,medium,2,6,ICICI,1
46780.68,soft_decline,card,medium,3,56,HDFC,1
9368.08,soft_decline,netbanking,bad,3,35,HDFC,0
18688.2,duplicate,card,good,1,23,ICICI,0
46438.67,duplicate,upi,bad,2,23,ICICI,0
3184.24,duplicate,card,good,2,55,SBI,0
4708.79,timeout,card,medium,1,60,None,1
8223.27,soft_decline,card,medium,2,69,SBI,1
29801.12,soft_decline,card,good,3,27,None,1
7608.57,soft_decline,netbanking,good,1,31,ICICI,1
48407.01,soft_decline,card,good,2,44,ICICI,1
22391.05,duplicate,card,medium,2,68,None,0
25125.75,timeout,upi,bad,2,67,ICICI,1
12408.26,timeout,upi,medium,1,17,HDFC,1
23600.92,soft_decline,upi,medium,3,1,None,0
33129.49,duplicate,netbanking,medium,2,2,ICICI,0
37583.74,timeout,upi,good,1,28,None,1
37718.02,soft_decline,card,good,1,47,ICICI,1
28936.77,timeout,netbanking,bad,2,64,None,0
45227.55,soft_decline,upi,good,1,41,ICICI,0
40888.65,soft_decline,card,bad,3,5,None,0
37876.7,timeout,card,good,3,58,None,0
2874.72,timeout,card,medium,1,18,HDFC,1
443.21,soft_decline,card,bad,2,51,HDFC,1
10701.12,soft_decline,card,medium,3,60,Axis,1
33209.83,duplicate,card,bad,2,1,Axis,0
20618.75,timeout,netbanking,medium,1,22,Axis,1
20180.07,timeout,netbanking,medium,3,18,SBI,1
44240.89,soft_decline,upi,good,2,69,None,1
44788.59,soft_decline,netbanking,bad,1,49,Axis,0
45467.85,soft_decline,card,good,2,60,HDFC,0
15762.52,soft_decline,netbanking,good,3,18,None,1
34583.69,soft_decline,upi,bad,1,21,ICICI,0
13654.5,soft_decline,card,medium,1,2,None,1
9611.43,hard_decline,card,medium,2,4,HDFC,0
9313.16,soft_decline,card,bad,2,66,None,0
17171.17,timeout,card,medium,1,59,SBI,0
21554.89,soft_decline,card,medium,3,38,None,1
41564.36,hard_decline,card,bad,3,27,SBI,0
6082.57,soft_decline,card,medium,2,0,None,1
36772.8,hard_decline,card,good,2,21,None,1
26619.6,soft_decline,netbanking,medium,2,44,None,1
14468.47,duplicate,card,bad,3,50,None,0
24691.7,timeout,card,good,3,50,ICICI,1
15067.11,hard_decline,upi,medium,2,27,ICICI,0
29844.49,soft_decline,netbanking,medium,2,29,HDFC,0
21748.81,hard_decline,card,good,1,7,SBI,0
8303.84,timeout,netbanking,medium,1,40,SBI,0
5917.5,soft_decline,card,good,1,24,ICICI,0
27380.11,hard_decline,card,medium,1,58,HDFC,0
45130.41,timeout,card,medium,2,33,None,0
17263.49,timeout,upi,good,3,38,Axis,0
36676.71,timeout,card,good,3,70,ICICI,1
32967.2,timeout,upi,good,1,45,ICICI,0
46584.59,duplicate,card,good,3,37,ICICI,0
41066.95,hard_decline,upi,medium,1,32,None,0
28373.6,hard_decline,card,medium,2,21,ICICI,0
32885.82,timeout,card,good,1,26,None,1
44929.48,timeout,upi,medium,3,62,ICICI,0
20035.99,duplicate,upi,bad,3,26,None,0
16407.06,soft_decline,card,good,3,20,None,1
639.47,soft_decline,netbanking,medium,2,52,Axis,1
41344.9,soft_decline,upi,bad,1,34,None,0
40068.94,soft_decline,card,good,2,46,None,1
5312.28,soft_decline,netbanking,bad,2,49,HDFC,0
28885.18,timeout,upi,bad,1,9,None,1
23252.69,soft_decline,card,good,3,27,HDFC,1
6023.58,timeout,card,bad,3,36,SBI,0
49030.35,timeout,upi,medium,3,40,ICICI,0
10813.32,soft_decline,card,good,3,60,ICICI,0
3454.99,soft_decline,card,medium,2,50,None,0
29782.88,timeout,card,good,1,7,ICICI,0
36969.45,timeout,upi,medium,1,57,SBI,1
1718.93,timeout,card,good,1,60,ICICI,1
32970.01,timeout,netbanking,bad,2,32,None,1
26661.36,duplicate,card,medium,3,18,HDFC,0
5252.92,hard_decline,card,medium,3,29,HDFC,0
8708.94,duplicate,upi,good,1,13,HDFC,0
28441.92,timeout,upi,medium,3,35,None,0
14888.24,timeout,card,good,2,6,HDFC,1
46921.95,soft_decline,card,bad,3,33,SBI,0
40955.14,duplicate,card,good,3,49,None,0
49180.0,hard_decline,upi,medium,3,31,HDFC,0
13057.57,timeout,card,good,1,41,None,1
48489.21,soft_decline,upi,medium,2,32,ICICI,1
21618.57,soft_decline,upi,medium,1,13,None,0
17441.19,soft_decline,card,medium,2,27,None,1
2612.44,soft_decline,card,medium,1,38,ICICI,1
2732.99,soft_decline,card,medium,2,30,Axis,0
34631.36,timeout,card,bad,2,23,Axis,1
22950.66,soft_decline,upi,bad,1,3,SBI,0
11403.43,soft_decline,upi,medium,1,8,ICICI,0
30737.12,soft_decline,upi,bad,3,69,None,1
12717.62,hard_decline,card,bad,2,23,ICICI,0
28923.82,soft_decline,netbanking,medium,2,64,None,0
18024.52,soft_decline,card,good,2,16,ICICI,1
41195.26,hard_decline,card,medium,2,36,None,0
41052.74,timeout,upi,medium,2,49,ICICI,1
23919.78,soft_decline,netbanking,medium,3,44,None,1
17605.87,soft_decline,card,medium,3,19,Axis,0
18191.73,soft_decline,upi,medium,3,58,SBI,0
40305.15,duplicate,netbanking,medium,2,58,ICICI,0
16476.16,soft_decline,upi,medium,1,10,SBI,0
10532.06,hard_decline,card,good,1,54,HDFC,0
4325.95,soft_decline,netbanking,good,2,64,HDFC,0
23387.99,hard_decline,upi,medium,3,57,ICICI,0
24158.39,soft_decline,upi,medium,1,43,None,1
42061.34,soft_decline,upi,bad,1,13,SBI,1
11139.81,hard_decline,netbanking,good,3,51,SBI,0
19111.46,soft_decline,card,good,2,33,None,1
40439.45,soft_decline,card,medium,2,62,Axis,1
41198.82,timeout,card,medium,2,26,Axis,0
19292.09,duplicate,card,good,2,11,Axis,0
23010.29,soft_decline,card,medium,2,37,HDFC,1
15233.97,timeout,upi,good,1,55,ICICI,1
46634.49,duplicate,card,good,3,64,None,0
6020.32,timeout,upi,good,1,39,None,0
46694.1,hard_decline,netbanking,medium,1,20,SBI,0
34224.94,timeout,card,bad,1,31,HDFC,1
26625.45,soft_decline,netbanking,good,3,11,SBI,0
1729.69,hard_decline,card,good,1,25,ICICI,0
23832.25,soft_decline,netbanking,bad,1,35,HDFC,0
20446.63,soft_decline,netbanking,bad,2,15,ICICI,0
8144.82,hard_decline,card,good,3,33,HDFC,0
32854.84,soft_decline,card,medium,2,23,HDFC,1
48560.43,timeout,card,good,2,71,SBI,0
28153.22,hard_decline,netbanking,good,1,38,ICICI,0
35766.19,hard_decline,netbanking,medium,2,63,ICICI,0
3515.68,soft_decline,card,bad,1,28,ICICI,0
20941.58,soft_decline,upi,medium,2,30,SBI,1
5906.29,hard_decline,card,bad,3,62,None,0
30678.51,duplicate,card,medium,3,42,Axis,0
46930.26,soft_decline,netbanking,bad,2,18,None,0
33122.71,soft_decline,card,good,1,9,None,0
3932.47,timeout,netbanking,good,1,55,SBI,1
17797.84,soft_decline,netbanking,bad,1,59,None,0
27578.1,timeout,netbanking,medium,2,42,HDFC,1
20220.07,hard_decline,card,medium,1,47,ICICI,0
41698.84,hard_decline,card,medium,2,39,None,0
40752.08,soft_decline,card,medium,3,33,ICICI,0
30630.37,soft_decline,upi,medium,1,0,SBI,1
18735.55,soft_decline,upi,good,2,18,ICICI,1
12841.29,timeout,card,bad,1,0,ICICI,0
5383.13,timeout,upi,medium,2,24,HDFC,1
17809.39,timeout,card,medium,1,67,Axis,0
20717.31,timeout,card,good,3,27,HDFC,0
33823.56,soft_decline,card,bad,2,44,None,1
32942.18,timeout,card,medium,2,23,None,1
3598.4,hard_decline,card,good,3,43,ICICI,0
19823.44,timeout,card,good,3,1,SBI,0
9170.77,soft_decline,netbanking,good,1,22,Axis,1
7924.95,timeout,upi,medium,2,61,Axis,1
41382.38,timeout,card,medium,2,14,SBI,0
2191.57,hard_decline,upi,good,1,31,Axis,0
21017.23,soft_decline,upi,medium,1,3,None,0
8493.36,hard_decline,card,bad,2,30,None,0
43978.58,soft_decline,upi,good,3,58,ICICI,0
27896.32,timeout,upi,medium,1,70,Axis,0
11645.89,duplicate,upi,medium,2,0,ICICI,0
25171.12,hard_decline,upi,medium,1,68,ICICI,0
36601.17,hard_decline,upi,good,3,13,None,0
47910.09,timeout,card,good,2,22,HDFC,1
11100.26,soft_decline,netbanking,good,2,70,HDFC,1
44320.47,soft_decline,card,medium,2,15,Axis,1
46721.78,duplicate,netbanking,medium,3,8,None,0
45829.39,timeout,card,good,1,30,None,1
31807.18,soft_decline,card,medium,3,60,None,0
31528.05,soft_decline,upi,medium,3,44,None,1
20220.21,timeout,card,bad,3,6,None,1
37644.65,timeout,netbanking,good,2,56,SBI,1
26611.57,timeout,card,medium,3,63,SBI,1
33904.16,soft_decline,upi,bad,2,1,None,0
21480.05,duplicate,card,bad,2,5,None,0
36601.67,hard_decline,card,medium,1,60,ICICI,0
41241.13,timeout,card,good,1,33,HDFC,1
7407.17,hard_decline,upi,bad,3,16,ICICI,0
41663.19,soft_decline,upi,bad,2,25,SBI,0
27060.8,duplicate,upi,bad,2,19,SBI,0
42248.83,soft_decline,netbanking,good,1,40,ICICI,1
21621.96,soft_decline,upi,good,2,57,None,0
19014.12,timeout,netbanking,medium,3,53,SBI,1
45761.53,timeout,card,bad,2,28,HDFC,0
12633.35,timeout,card,bad,3,47,HDFC,1
42226.2,hard_decline,card,bad,1,21,HDFC,0
24252.63,soft_decline,card,medium,1,71,ICICI,1
25753.36,duplicate,upi,medium,2,70,ICICI,0
15492.57,soft_decline,upi,medium,2,4,ICICI,0
28694.81,timeout,upi,bad,1,51,None,1
16328.04,soft_decline,upi,medium,3,0,None,1
2059.54,timeout,netbanking,bad,3,44,SBI,0
13672.73,soft_decline,netbanking,medium,3,39,SBI,0
418.31,hard_decline,card,good,1,63,ICICI,0
48919.9,timeout,card,bad,1,10,HDFC,0
48290.79,hard_decline,card,good,1,51,None,0
19818.25,timeout,card,medium,2,6,ICICI,1
36445.71,timeout,upi,bad,1,50,None,1
17355.72,timeout,upi,medium,3,20,None,0
33587.55,duplicate,card,bad,3,38,HDFC,0
40290.96,hard_decline,upi,medium,1,43,ICICI,0
47343.14,soft_decline,upi,bad,1,56,SBI,1
20070.59,soft_decline,card,good,3,40,ICICI,1
39186.57,soft_decline,card,medium,1,38,SBI,0
13369.83,soft_decline,netbanking,medium,2,19,ICICI,1
49517.58,hard_decline,upi,medium,1,21,Axis,0
1385.9,soft_decline,card,medium,3,28,ICICI,1
30216.09,soft_decline,card,bad,3,45,ICICI,0
33009.35,soft_decline,card,bad,1,67,ICICI,0
34433.47,timeout,card,bad,3,2,None,1
6107.34,hard_decline,netbanking,medium,1,4,Axis,0
46932.64,soft_decline,card,medium,3,55,None,1
9141.05,timeout,card,good,3,66,ICICI,0
31175.39,soft_decline,card,bad,3,31,None,0
11211.54,duplicate,upi,good,1,40,SBI,0
15430.1,timeout,card,medium,1,28,HDFC,0
27368.28,soft_decline,card,good,1,65,SBI,1
20917.95,timeout,upi,medium,2,10,SBI,1
8095.26,timeout,card,bad,2,58,HDFC,1
8629.73,hard_decline,card,medium,2,3,Axis,0
20965.42,timeout,card,bad,3,53,None,1
37888.42,soft_decline,upi,medium,3,66,ICICI,1
44908.44,soft_decline,netbanking,bad,1,1,None,1
4297.97,soft_decline,card,medium,3,47,Axis,0
19715.88,soft_decline,card,medium,2,67,ICICI,1
5102.25,soft_decline,card,medium,2,43,ICICI,1
927.96,duplicate,upi,medium,1,61,None,0
33119.76,soft_decline,upi,good,3,18,ICICI,1
30162.23,hard_decline,upi,good,3,43,HDFC,0
8234.65,hard_decline,upi,good,2,30,HDFC,0
11767.26,timeout,netbanking,medium,1,61,None,1
1283.02,duplicate,netbanking,medium,2,14,Axis,0
41763.87,timeout,upi,medium,3,28,HDFC,1
48737.06,duplicate,card,bad,2,66,None,0
6859.43,timeout,card,bad,2,46,Axis,1
11650.61,duplicate,upi,medium,3,6,None,0
43433.64,timeout,upi,medium,3,67,SBI,1
46330.54,soft_decline,upi,good,3,0,SBI,0
21039.41,hard_decline,card,medium,2,70,ICICI,0
2626.06,timeout,upi,bad,2,21,HDFC,1
2065.65,soft_decline,card,good,2,56,None,1
28740.1,soft_decline,upi,good,1,57,ICICI,1
19705.47,hard_decline,card,medium,1,26,None,0
1529.76,duplicate,card,bad,3,37,None,0
29204.29,soft_decline,card,medium,1,12,None,1
664.0,timeout,netbanking,bad,3,14,SBI,1
39389.86,timeout,card,bad,2,47,HDFC,1
15391.0,duplicate,card,good,3,14,HDFC,0
2108.87,duplicate,card,good,2,39,ICICI,0
29458.78,timeout,upi,medium,3,29,None,1
19944.45,hard_decline,card,medium,1,22,None,0
48692.64,soft_decline,netbanking,medium,2,8,Axis,0
27255.51,hard_decline,upi,good,2,31,ICICI,0
13834.44,timeout,card,good,2,34,None,0
35501.0,timeout,upi,good,1,48,None,0
13647.45,timeout,card,bad,1,44,ICICI,1
45221.74,soft_decline,netbanking,bad,1,15,None,0
18798.63,hard_decline,card,good,2,31,HDFC,0
27538.44,soft_decline,netbanking,good,3,24,HDFC,0
2623.6,soft_decline,upi,good,3,36,HDFC,0
21363.45,soft_decline,netbanking,bad,1,36,None,0
41634.94,soft_decline,card,bad,3,34,ICICI,0
40301.88,timeout,card,good,2,44,Axis,1
11293.5,soft_decline,upi,medium,2,7,HDFC,0
11381.35,soft_decline,upi,medium,1,46,SBI,0
40883.54,duplicate,card,medium,1,35,HDFC,0
46526.88,soft_decline,card,medium,3,9,None,1
4858.51,soft_decline,card,medium,3,0,SBI,0
22557.93,soft_decline,upi,bad,3,67,None,0
16938.97,soft_decline,card,good,1,14,SBI,1
43547.35,soft_decline,card,bad,1,2,ICICI,0
4267.89,soft_decline,card,medium,1,31,SBI,1
10635.18,hard_decline,card,medium,2,19,ICICI,0
37648.17,soft_decline,card,bad,3,55,None,0
2659.56,soft_decline,netbanking,bad,1,41,ICICI,0
24677.52,timeout,card,bad,1,59,ICICI,1
22161.14,hard_decline,netbanking,bad,1,55,Axis,0
16786.62,duplicate,card,bad,3,46,HDFC,0
19789.16,hard_decline,card,medium,3,23,ICICI,0
26544.04,soft_decline,card,bad,2,40,SBI,0
8152.23,timeout,upi,bad,2,3,HDFC,0
28642.59,soft_decline,upi,medium,2,50,ICICI,1
40291.07,soft_decline,card,medium,2,0,Axis,1
38032.03,timeout,card,bad,1,13,ICICI,1
7779.61,hard_decline,netbanking,bad,2,9,Axis,0
7547.55,timeout,netbanking,medium,1,35,SBI,1
13481.9,duplicate,card,bad,1,41,None,0
18117.63,soft_decline,upi,bad,3,47,None,0
20481.93,hard_decline,card,good,1,17,HDFC,0
34016.89,hard_decline,card,bad,3,59,None,0
2928.35,duplicate,card,good,2,27,None,0
1830.17,timeout,card,good,2,52,SBI,0
19656.34,duplicate,netbanking,medium,3,8,Axis,0
34888.47,soft_decline,card,bad,3,23,None,0
9752.42,timeout,upi,good,2,19,SBI,1
32111.07,soft_decline,netbanking,bad,1,68,SBI,0
13065.42,soft_decline,card,medium,1,26,Axis,1
44315.7,duplicate,card,bad,3,39,HDFC,0
44794.93,soft_decline,upi,bad,1,70,Axis,0
14934.63,duplicate,card,bad,1,53,ICICI,0
11576.69,soft_decline,card,bad,2,14,HDFC,0
20624.07,timeout,card,bad,3,50,None,1
12102.53,soft_decline,card,good,2,68,ICICI,1
33651.95,soft_decline,netbanking,medium,1,39,SBI,1
41320.63,soft_decline,upi,good,1,68,ICICI,1
33687.3,hard_decline,card,bad,2,42,HDFC,0
41235.09,soft_decline,upi,good,1,63,SBI,1
19909.91,timeout,netbanking,good,1,6,None,1
7900.22,soft_decline,card,bad,2,1,None,0
36923.75,soft_decline,card,bad,1,29,None,0
18087.68,soft_decline,netbanking,bad,2,51,None,0
33596.41,hard_decline,netbanking,good,3,32,None,0
13605.13,timeout,card,medium,1,8,Axis,0
4153.36,timeout,card,good,1,10,HDFC,0
49629.83,soft_decline,card,good,2,9,None,1
7894.46,hard_decline,card,good,3,53,None,0
49422.21,timeout,upi,medium,1,19,SBI,1
48866.27,soft_decline,card,good,1,4,HDFC,1
39711.52,hard_decline,card,medium,3,23,HDFC,0
33005.21,hard_decline,card,medium,1,31,Axis,0
28932.57,soft_decline,netbanking,good,2,30,Axis,1
43318.47,soft_decline,card,bad,3,43,HDFC,0
14543.03,soft_decline,card,bad,3,18,None,1
23437.29,timeout,netbanking,bad,1,23,SBI,1
31007.56,soft_decline,upi,medium,3,11,Axis,0
20618.4,soft_decline,card,bad,3,49,Axis,0
21431.57,soft_decline,card,bad,3,24,ICICI,0
16581.2,soft_decline,card,medium,1,50,None,1
28255.17,soft_decline,upi,medium,3,13,HDFC,1
42543.67,duplicate,card,good,1,71,None,0
10156.27,soft_decline,card,bad,3,28,ICICI,1
46728.21,timeout,card,medium,2,24,HDFC,1
34485.47,soft_decline,card,bad,3,58,SBI,0
41181.33,timeout,upi,medium,3,56,HDFC,0
27853.92,hard_decline,card,bad,3,11,None,0
38997.88,soft_decline,card,bad,2,49,None,0
908.4,timeout,netbanking,bad,3,11,None,1
40937.18,hard_decline,upi,medium,2,47,None,0
2102.93,timeout,card,good,2,49,None,0
44506.68,hard_decline,upi,bad,2,18,Axis,0
49598.94,duplicate,card,bad,1,52,None,0
14773.97,timeout,upi,good,1,34,HDFC,1
10594.9,duplicate,upi,bad,2,26,ICICI,0
38291.63,hard_decline,upi,medium,1,66,ICICI,0
12726.01,hard_decline,upi,good,2,50,HDFC,0
43291.56,timeout,card,medium,1,18,HDFC,1
5231.85,timeout,upi,bad,1,42,SBI,0
6385.16,duplicate,card,medium,3,34,None,0
48959.66,soft_decline,card,bad,1,14,Axis,0
33724.56,timeout,netbanking,good,1,15,Axis,1
42359.67,soft_decline,upi,bad,3,68,None,0
16284.04,hard_decline,netbanking,bad,2,70,None,0
33856.54,soft_decline,card,medium,3,40,Axis,1
29752.67,soft_decline,card,medium,1,53,HDFC,0
30197.19,duplicate,card,medium,1,64,Axis,0
34158.37,soft_decline,upi,bad,2,29,Axis,0
28810.42,timeout,card,good,1,18,HDFC,1
21510.21,hard_decline,card,medium,3,45,ICICI,0
13868.54,soft_decline,card,good,2,59,ICICI,1
38452.21,soft_decline,upi,medium,3,23,None,0
11390.99,hard_decline,card,medium,1,35,ICICI,0
34648.48,soft_decline,netbanking,bad,2,48,SBI,0
11743.31,timeout,card,medium,1,58,None,0
31303.98,duplicate,card,medium,1,13,None,0
37379.21,soft_decline,card,bad,3,38,SBI,0
11013.82,soft_decline,netbanking,medium,1,7,Axis,0
3091.17,hard_decline,card,medium,3,47,HDFC,0
6635.59,timeout,card,bad,1,68,SBI,1
30339.25,soft_decline,upi,medium,3,40,Axis,1
42487.38,soft_decline,card,good,3,34,HDFC,0
2345.34,hard_decline,upi,medium,2,63,HDFC,0
36734.15,duplicate,card,medium,2,52,None,0
17131.8,soft_decline,card,good,1,53,HDFC,1
23978.57,hard_decline,card,bad,1,36,None,0
46450.09,duplicate,card,medium,2,51,ICICI,0
16665.38,timeout,upi,bad,3,17,ICICI,1
23320.31,timeout,upi,good,3,20,SBI,0
782.75,hard_decline,upi,bad,2,41,HDFC,0
4171.78,duplicate,netbanking,bad,2,64,Axis,0
13003.72,timeout,card,bad,1,7,SBI,1
1489.83,timeout,card,medium,3,38,None,0
31605.63,timeout,upi,medium,2,60,None,0
21377.28,timeout,upi,medium,3,59,None,1
27452.45,soft_decline,card,bad,3,68,HDFC,0
8814.89,soft_decline,upi,bad,2,58,ICICI,1
14867.01,timeout,card,good,3,9,ICICI,0
33224.84,soft_decline,upi,bad,1,62,None,0
48268.61,hard_decline,netbanking,bad,2,69,Axis,0
2615.8,soft_decline,upi,medium,3,6,HDFC,0
44530.18,timeout,card,good,2,34,SBI,1
28886.37,soft_decline,upi,bad,2,41,None,0
28239.59,timeout,upi,medium,3,28,None,0
25063.9,timeout,card,bad,1,26,None,1
3562.76,soft_decline,card,bad,2,37,None,0
4584.85,hard_decline,netbanking,good,3,1,None,0
30085.51,soft_decline,card,medium,2,24,None,1
17113.83,soft_decline,card,medium,2,65,Axis,1
45871.68,soft_decline,card,bad,3,37,Axis,0
20388.87,soft_decline,upi,good,1,58,None,0
7249.74,duplicate,netbanking,good,3,6,ICICI,0
35764.47,soft_decline,upi,bad,2,48,SBI,0
14738.34,timeout,card,good,1,67,None,1
26320.97,soft_decline,upi,medium,1,40,None,1
34921.86,timeout,upi,medium,1,50,None,1
45023.18,soft_decline,upi,medium,1,23,None,1
39630.34,timeout,card,medium,2,35,Axis,0
33850.42,timeout,upi,medium,3,9,HDFC,0
34013.7,timeout,card,bad,3,20,None,0
47301.64,soft_decline,card,good,1,26,HDFC,1
14861.62,timeout,upi,medium,1,54,HDFC,1
155.49,soft_decline,netbanking,medium,3,4,ICICI,0
13670.53,soft_decline,card,medium,1,58,HDFC,0
10972.78,hard_decline,netbanking,medium,3,35,Axis,0
33125.55,hard_decline,card,good,3,33,None,0
31722.21,hard_decline,upi,bad,1,51,None,0
29713.72,timeout,card,medium,3,5,HDFC,1
910.55,soft_decline,card,medium,3,13,None,0
36466.02,soft_decline,upi,medium,3,58,None,1
16244.17,soft_decline,upi,good,1,56,HDFC,1
33286.29,timeout,upi,good,2,36,SBI,1
27873.26,hard_decline,upi,good,2,57,Axis,0
17202.27,soft_decline,upi,good,2,31,SBI,1
6815.36,timeout,netbanking,good,2,19,None,0
4811.5,hard_decline,card,medium,2,60,SBI,0
41592.76,hard_decline,card,medium,1,56,HDFC,0
45928.04,hard_decline,card,medium,1,51,SBI,0
32524.42,timeout,card,good,2,47,Axis,1
5261.36,timeout,upi,bad,2,10,None,1
20161.16,soft_decline,card,bad,3,29,SBI,0
36474.07,soft_decline,card,bad,3,59,None,0
39013.06,soft_decline,card,medium,3,17,ICICI,0
5999.11,timeout,upi,medium,2,46,SBI,0
101.53,timeout,card,good,2,11,Axis,1
35635.64,hard_decline,card,bad,1,49,None,1
17894.15,soft_decline,upi,good,3,39,None,1
12798.62,timeout,upi,medium,3,63,HDFC,0
743.58,timeout,card,medium,1,18,HDFC,0
27060.94,timeout,upi,medium,1,26,HDFC,1
42572.42,timeout,card,medium,1,51,Axis,0
47885.82,timeout,netbanking,good,3,6,SBI,1
28330.67,soft_decline,card,medium,1,62,None,0
25771.62,soft_decline,netbanking,bad,2,54,None,0
4344.31,soft_decline,netbanking,bad,2,30,None,0
27488.75,timeout,upi,medium,2,10,HDFC,0
19060.96,soft_decline,card,medium,1,16,None,1
30396.05,hard_decline,upi,good,3,65,HDFC,0
19497.44,hard_decline,card,good,3,66,SBI,0
12090.93,soft_decline,netbanking,good,1,31,ICICI,1
4838.77,timeout,upi,medium,1,23,HDFC,0
15814.43,soft_decline,netbanking,bad,3,12,HDFC,0
4922.58,soft_decline,upi,medium,2,21,ICICI,0
8927.16,timeout,upi,good,2,18,HDFC,1
49368.07,soft_decline,upi,medium,3,52,HDFC,1
22260.77,timeout,card,good,1,38,None,0
26640.4,timeout,card,bad,2,20,Axis,1
43693.56,duplicate,upi,good,2,15,HDFC,0
49778.89,timeout,netbanking,medium,2,6,SBI,1
29177.45,soft_decline,upi,medium,1,25,Axis,1
40642.44,hard_decline,netbanking,good,1,30,HDFC,0
16414.36,soft_decline,netbanking,good,2,67,None,0
15356.62,soft_decline,upi,medium,1,39,None,1
20194.92,soft_decline,card,good,3,26,ICICI,0
33658.11,soft_decline,upi,medium,1,8,SBI,0
34141.37,timeout,card,bad,3,15,SBI,0
15830.45,soft_decline,card,medium,2,71,ICICI,0
6747.18,hard_decline,card,medium,2,12,None,0
31656.57,hard_decline,netbanking,bad,3,59,Axis,0
6503.46,hard_decline,card,medium,2,59,None,0
28966.78,duplicate,upi,bad,2,8,HDFC,0
34701.76,soft_decline,netbanking,good,2,52,Axis,1
35060.51,timeout,upi,bad,1,31,None,1
37698.26,hard_decline,upi,medium,1,54,None,0
43655.69,soft_decline,upi,bad,3,24,ICICI,0
25047.95,hard_decline,card,good,3,40,HDFC,0
36539.43,timeout,card,good,1,25,SBI,1
30996.72,soft_decline,netbanking,good,2,28,SBI,1
9413.33,soft_decline,card,bad,1,35,Axis,1
1381.91,soft_decline,upi,medium,2,2,HDFC,1
14298.62,timeout,upi,bad,3,58,ICICI,1
22207.38,timeout,card,good,3,33,None,1
30893.59,hard_decline,netbanking,good,3,5,Axis,0
42512.97,hard_decline,upi,good,1,30,SBI,0
9892.66,timeout,card,medium,1,31,ICICI,0
6364.93,timeout,netbanking,bad,2,41,ICICI,1
48177.65,timeout,upi,medium,3,56,None,0
5491.42,timeout,card,bad,2,45,SBI,1
23976.7,timeout,upi,good,2,55,ICICI,0
29319.63,hard_decline,card,medium,1,49,None,1
27114.58,timeout,upi,bad,1,29,ICICI,0
4393.0,duplicate,card,good,2,35,HDFC,0
2945.64,soft_decline,upi,good,2,25,SBI,1
5363.62,soft_decline,upi,medium,2,49,ICICI,0
29320.83,duplicate,netbanking,good,1,1,HDFC,0
27262.81,soft_decline,upi,bad,2,6,SBI,1
11763.67,timeout,card,bad,1,26,None,1
31924.93,soft_decline,netbanking,bad,3,48,Axis,1
41021.37,soft_decline,upi,bad,3,45,HDFC,0
2174.79,soft_decline,upi,good,2,25,ICICI,1
24956.68,soft_decline,card,good,1,64,ICICI,1
34496.59,soft_decline,netbanking,bad,3,1,Axis,0
12690.37,hard_decline,netbanking,medium,1,63,SBI,0
15457.77,timeout,upi,medium,1,63,HDFC,0
30720.53,duplicate,netbanking,bad,3,59,SBI,0
44906.97,hard_decline,card,medium,2,8,None,0
40515.23,hard_decline,netbanking,good,2,14,SBI,1
29198.2,hard_decline,card,bad,3,36,None,0
36538.06,hard_decline,card,medium,1,5,SBI,0
18304.64,hard_decline,upi,bad,2,42,None,0
32084.18,soft_decline,upi,medium,1,44,None,0
23362.46,soft_decline,card,good,3,70,None,0
9577.81,soft_decline,card,good,2,27,Axis,1
35116.74,soft_decline,card,bad,2,51,None,1
27867.59,timeout,card,medium,2,34,None,1
17995.22,soft_decline,card,medium,3,65,ICICI,0
45575.83,timeout,card,medium,3,25,Axis,0
1144.61,duplicate,card,medium,3,19,Axis,0
15857.08,duplicate,netbanking,good,1,61,ICICI,0
2938.38,duplicate,upi,medium,1,0,ICICI,0
38349.71,soft_decline,card,good,1,52,ICICI,0
35135.16,hard_decline,netbanking,medium,2,29,ICICI,1
16634.48,soft_decline,upi,medium,2,59,None,1
33815.58,timeout,card,good,2,9,None,1
19857.27,timeout,card,medium,3,21,None,0
37837.06,timeout,card,medium,3,28,None,1
22763.76,hard_decline,card,good,2,68,SBI,0
20672.76,timeout,card,bad,3,7,None,1
46743.02,soft_decline,upi,good,1,52,Axis,0
12618.87,soft_decline,upi,medium,1,10,SBI,1
6110.32,timeout,upi,good,3,25,HDFC,0
29268.7,hard_decline,card,bad,1,18,SBI,0
48469.16,duplicate,upi,bad,1,18,ICICI,0
18954.18,soft_decline,upi,medium,1,29,ICICI,1
3195.63,timeout,netbanking,bad,2,35,ICICI,1
17031.33,hard_decline,card,good,3,41,None,0
25345.99,timeout,netbanking,good,3,55,SBI,0
8179.96,timeout,netbanking,medium,2,8,None,1
32939.3,duplicate,upi,medium,1,6,None,0
49887.69,soft_decline,upi,medium,2,17,Axis,1
22641.8,duplicate,card,medium,1,8,SBI,0
17800.95,soft_decline,netbanking,medium,2,5,None,1
20095.14,soft_decline,card,bad,1,69,Axis,1
5845.79,hard_decline,upi,good,2,44,None,0
44175.35,timeout,card,good,2,21,ICICI,1
20799.8,hard_decline,card,medium,1,69,Axis,1
19424.99,timeout,upi,medium,1,31,ICICI,0
33018.54,timeout,netbanking,good,3,66,Axis,1
22157.47,soft_decline,card,good,3,15,Axis,1
32446.85,duplicate,netbanking,medium,2,1,Axis,0
3166.17,soft_decline,upi,good,2,66,Axis,1
40704.79,timeout,card,bad,3,40,ICICI,1
47031.15,soft_decline,card,good,3,50,HDFC,0
32473.39,hard_decline,upi,good,1,13,None,0
47732.84,hard_decline,card,medium,3,48,ICICI,0
7656.47,soft_decline,card,bad,2,48,None,0
23923.07,soft_decline,card,medium,3,26,SBI,0
30130.16,soft_decline,card,medium,3,38,SBI,0
29128.66,soft_decline,upi,good,3,35,Axis,0
20132.94,soft_decline,card,medium,3,9,Axis,1
16970.41,hard_decline,card,good,2,3,HDFC,0
6428.52,timeout,card,medium,3,1,ICICI,1
19647.95,hard_decline,card,medium,3,27,ICICI,0
8216.77,timeout,card,good,2,25,HDFC,1
36744.85,timeout,upi,good,3,29,HDFC,1
10520.66,timeout,upi,bad,2,8,Axis,1
3022.41,timeout,card,medium,3,0,SBI,1
27663.07,hard_decline,card,bad,3,55,None,0
29801.96,timeout,card,good,3,55,ICICI,1
43608.46,soft_decline,card,medium,1,60,None,1
28891.38,timeout,upi,good,3,44,HDFC,0
17339.49,timeout,card,good,2,12,None,1
40170.29,soft_decline,card,medium,1,13,None,0
27059.92,timeout,upi,bad,3,9,Axis,0
4056.09,soft_decline,card,medium,2,16,None,1
28335.94,soft_decline,upi,bad,3,16,None,0
45410.13,soft_decline,upi,medium,2,30,ICICI,1
19876.0,timeout,card,medium,3,45,HDFC,1
14886.66,timeout,upi,bad,2,48,Axis,1
7259.13,timeout,upi,medium,2,17,HDFC,1
7657.13,soft_decline,card,medium,1,10,Axis,0
21695.3,hard_decline,upi,medium,1,54,Axis,0
29824.42,timeout,netbanking,medium,2,2,Axis,1
4122.71,soft_decline,netbanking,bad,2,15,HDFC,0
46984.47,timeout,upi,good,1,8,HDFC,1
37781.17,soft_decline,netbanking,good,2,67,None,1
29372.53,soft_decline,card,bad,3,44,SBI,0
41439.09,hard_decline,upi,bad,3,1,ICICI,0
4101.32,timeout,card,medium,2,21,None,1
23894.26,soft_decline,card,good,2,68,None,0
31541.65,soft_decline,upi,medium,1,48,SBI,1
41449.78,soft_decline,upi,good,1,20,HDFC,1
39195.13,soft_decline,card,medium,2,54,Axis,1
13925.76,soft_decline,upi,good,3,3,None,1
47049.92,soft_decline,card,medium,1,57,None,0
6304.86,timeout,card,good,3,69,None,0
43769.17,hard_decline,card,medium,3,58,ICICI,0
48549.92,timeout,card,medium,3,25,ICICI,0
8939.96,timeout,card,medium,3,68,HDFC,0
36131.1,soft_decline,upi,good,1,38,None,0
2110.25,soft_decline,card,good,2,0,HDFC,1
20330.6,timeout,card,medium,2,56,SBI,1
25862.54,soft_decline,upi,medium,1,47,SBI,0
29074.2,soft_decline,upi,medium,3,71,ICICI,1
46803.27,soft_decline,card,good,2,20,HDFC,0
33645.31,timeout,card,bad,2,30,ICICI,0
24115.77,hard_decline,card,bad,2,57,Axis,0
40502.78,duplicate,upi,medium,3,46,None,0
47531.59,timeout,netbanking,medium,2,22,Axis,1
1201.1,hard_decline,upi,bad,1,6,None,0
49127.81,soft_decline,card,bad,2,48,Axis,0
4397.99,soft_decline,upi,bad,2,30,ICICI,0
40737.9,soft_decline,card,medium,1,46,SBI,1
14088.7,soft_decline,card,bad,3,67,None,0
6695.76,soft_decline,card,good,2,34,ICICI,1
22048.8,soft_decline,upi,medium,3,33,None,1
32233.43,soft_decline,upi,medium,3,57,None,1
19109.5,soft_decline,upi,medium,3,14,None,0
2822.81,duplicate,upi,medium,2,70,SBI,0
30013.11,hard_decline,card,good,2,41,ICICI,0
45129.92,duplicate,card,bad,1,17,SBI,0
19222.45,soft_decline,upi,medium,3,37,None,1
10895.01,hard_decline,upi,bad,1,63,None,0
22184.61,soft_decline,upi,good,2,28,ICICI,1
2513.3,soft_decline,card,medium,2,9,HDFC,1
41042.33,soft_decline,upi,medium,1,16,SBI,1
41334.41,duplicate,card,medium,1,31,HDFC,0
29441.22,duplicate,upi,bad,3,60,None,0
17719.83,soft_decline,card,good,2,45,HDFC,1
40009.19,soft_decline,netbanking,good,3,70,ICICI,0
27778.88,hard_decline,card,bad,3,55,HDFC,0
41314.02,soft_decline,upi,medium,2,60,ICICI,1
31609.79,soft_decline,upi,good,2,43,HDFC,1
39241.83,soft_decline,card,medium,3,37,Axis,0
29968.29,hard_decline,card,medium,1,49,Axis,0
20765.64,soft_decline,upi,medium,2,31,ICICI,0
47901.5,soft_decline,card,good,3,52,ICICI,1
27101.58,soft_decline,card,medium,1,47,ICICI,1
30293.97,hard_decline,netbanking,medium,3,0,None,0
11102.33,duplicate,upi,bad,2,29,HDFC,0
31319.97,soft_decline,card,bad,1,8,HDFC,0
28623.22,timeout,upi,medium,1,32,SBI,1
9323.44,timeout,upi,medium,1,25,None,0
3073.4,duplicate,netbanking,good,2,41,ICICI,0
30257.53,timeout,upi,medium,2,41,HDFC,1
38208.24,timeout,netbanking,good,3,38,SBI,1
26217.73,timeout,card,bad,3,60,None,0
11415.95,soft_decline,upi,bad,2,46,Axis,0
33359.45,hard_decline,card,medium,3,41,SBI,0
4097.28,duplicate,card,good,1,47,HDFC,0
22147.5,timeout,upi,good,2,51,ICICI,0
8252.0,duplicate,card,bad,2,32,None,0
9304.51,timeout,upi,bad,3,26,ICICI,1
10194.47,timeout,netbanking,good,2,42,Axis,1
19396.68,timeout,card,medium,1,28,None,0
2652.4,timeout,card,good,2,18,SBI,0
19949.89,hard_decline,upi,good,1,27,SBI,0
25634.2,duplicate,netbanking,good,2,9,HDFC,0
24216.38,timeout,upi,medium,2,66,None,0
19200.93,timeout,upi,good,2,15,HDFC,0
41973.42,timeout,card,good,3,0,SBI,1
7351.8,soft_decline,card,good,3,3,HDFC,0
25334.27,soft_decline,upi,medium,1,68,ICICI,0
3195.87,duplicate,card,medium,3,3,None,0
3650.67,hard_decline,netbanking,good,2,19,Axis,0
28735.91,soft_decline,card,bad,3,62,HDFC,0
28344.32,soft_decline,upi,good,3,34,None,0
43913.87,timeout,upi,medium,1,44,None,1
27937.9,timeout,upi,good,2,56,None,1
47993.57,timeout,upi,good,1,23,None,1
2529.87,timeout,netbanking,good,3,19,None,0
4990.58,soft_decline,netbanking,good,2,27,Axis,0
2298.89,soft_decline,netbanking,bad,1,37,SBI,0
9345.31,soft_decline,netbanking,medium,1,23,ICICI,0
27109.38,timeout,upi,bad,2,23,SBI,0
32314.05,soft_decline,upi,good,1,69,HDFC,1
2374.7,timeout,card,medium,1,24,None,0
47303.95,hard_decline,card,good,1,68,None,0
42124.05,hard_decline,card,bad,3,16,Axis,0
14900.96,duplicate,card,bad,1,57,None,0
3951.66,soft_decline,card,bad,3,19,HDFC,0
8577.36,timeout,card,good,1,1,None,1
6434.53,soft_decline,netbanking,medium,1,8,None,0
6251.86,soft_decline,netbanking,good,1,62,None,0
25976.23,hard_decline,card,good,1,67,Axis,0
12367.79,soft_decline,card,good,2,5,None,1
17971.17,timeout,netbanking,good,3,10,None,0
49476.32,hard_decline,netbanking,medium,2,20,None,1
34247.28,soft_decline,netbanking,medium,2,62,SBI,1
47454.14,soft_decline,netbanking,medium,2,29,None,0
7213.57,timeout,netbanking,bad,2,20,ICICI,1
19168.76,timeout,card,good,1,22,ICICI,0
27781.12,hard_decline,card,good,1,60,ICICI,0
3930.23,hard_decline,upi,medium,2,29,HDFC,0
308.95,timeout,card,medium,2,45,Axis,1
33554.67,timeout,netbanking,good,3,59,Axis,0
32126.79,soft_decline,upi,bad,2,17,None,0
20598.36,timeout,upi,medium,1,61,Axis,1
24533.24,timeout,card,medium,3,44,None,0
20830.61,timeout,upi,medium,2,60,Axis,1
1297.85,timeout,upi,medium,3,58,Axis,1
16835.04,duplicate,netbanking,medium,2,34,ICICI,0
8936.4,soft_decline,card,medium,3,21,None,0
5011.37,duplicate,netbanking,good,3,23,Axis,0
47840.35,hard_decline,netbanking,bad,1,50,Axis,1
30008.05,timeout,upi,medium,3,64,None,0
36459.95,soft_decline,upi,medium,2,14,SBI,0
15836.65,soft_decline,upi,medium,3,27,HDFC,1
19718.04,timeout,card,medium,2,41,ICICI,0
11922.51,timeout,card,good,2,19,None,1
4938.59,soft_decline,netbanking,bad,1,42,None,0
9033.68,hard_decline,upi,bad,3,68,HDFC,0
39895.95,soft_decline,card,good,1,62,HDFC,0
33909.54,duplicate,upi,good,2,42,Axis,0
27391.75,timeout,card,bad,3,1,None,1
23806.98,soft_decline,card,bad,3,22,HDFC,1
46129.47,timeout,upi,medium,2,11,SBI,1
3729.47,duplicate,card,medium,1,45,None,0
14101.98,soft_decline,card,bad,1,32,SBI,0
17561.9,timeout,card,good,3,43,ICICI,1
39143.05,hard_decline,upi,medium,1,24,None,1
49626.48,timeout,card,medium,3,34,None,0
12109.46,soft_decline,card,bad,1,34,None,1
43727.94,soft_decline,card,good,2,64,None,1
41548.08,hard_decline,card,medium,2,42,HDFC,0
11310.4,soft_decline,card,medium,2,67,ICICI,1
20026.7,timeout,card,bad,3,61,None,0
20542.68,soft_decline,card,medium,3,30,Axis,1
48913.21,hard_decline,netbanking,bad,2,27,Axis,0
9126.51,timeout,card,bad,2,10,None,1
39977.98,hard_decline,card,medium,1,31,Axis,0
16776.22,hard_decline,card,good,2,65,Axis,0
36570.43,duplicate,card,medium,2,59,HDFC,0
21058.55,timeout,upi,bad,2,50,SBI,1
28960.15,soft_decline,card,good,3,58,Axis,0
41647.33,hard_decline,card,medium,3,16,None,1
40227.86,duplicate,card,good,2,67,SBI,0
43334.52,soft_decline,upi,good,1,37,HDFC,1
3074.9,soft_decline,card,medium,1,63,ICICI,1
34633.32,soft_decline,upi,medium,2,2,SBI,0
7085.37,soft_decline,card,medium,3,53,None,0
20849.35,timeout,card,bad,2,43,HDFC,1
27474.56,timeout,upi,good,1,29,ICICI,1
20196.7,duplicate,upi,good,3,53,SBI,0
26028.62,timeout,upi,bad,3,47,Axis,0
49826.66,soft_decline,card,medium,3,34,None,1
6847.34,soft_decline,upi,good,2,67,None,1
33805.26,duplicate,card,bad,2,25,ICICI,0
19860.45,soft_decline,upi,bad,2,71,Axis,0
6737.19,soft_decline,upi,medium,1,55,ICICI,0
8020.96,duplicate,card,bad,3,68,None,0
47468.73,hard_decline,upi,good,3,63,HDFC,0
43992.11,soft_decline,upi,good,1,28,HDFC,0
45361.39,timeout,card,bad,1,58,HDFC,0
49577.49,duplicate,netbanking,medium,3,24,SBI,0
10494.94,soft_decline,netbanking,good,3,71,HDFC,1
17836.42,timeout,card,medium,1,26,HDFC,1
33494.03,soft_decline,netbanking,medium,2,21,ICICI,1
24241.75,hard_decline,card,good,2,70,None,0
20977.64,duplicate,upi,medium,2,46,HDFC,0
17954.78,duplicate,netbanking,good,1,54,ICICI,0
29729.65,soft_decline,upi,medium,3,8,SBI,0
28822.11,soft_decline,card,medium,1,53,None,1
8156.75,soft_decline,netbanking,good,2,63,SBI,1
23639.82,hard_decline,card,good,2,38,SBI,0
27718.24,soft_decline,card,bad,2,7,ICICI,0
28557.32,hard_decline,card,medium,1,26,Axis,1
10584.35,soft_decline,netbanking,medium,1,68,HDFC,1
37139.34,hard_decline,netbanking,good,2,32,None,0
1357.43,soft_decline,card,medium,2,9,SBI,0
17806.11,timeout,netbanking,medium,3,15,HDFC,1
39032.61,soft_decline,card,good,1,10,Axis,0
28238.26,soft_decline,netbanking,medium,3,18,SBI,1
13132.01,timeout,upi,medium,2,63,ICICI,1
34778.16,timeout,card,medium,2,51,ICICI,1
28412.81,soft_decline,card,good,2,14,ICICI,1
39832.56,soft_decline,card,good,3,41,HDFC,0
36777.76,timeout,card,bad,1,37,SBI,0
30544.39,soft_decline,upi,bad,1,48,None,0
24460.07,timeout,card,medium,3,48,None,0
6745.79,hard_decline,netbanking,bad,1,70,None,0
13140.52,soft_decline,upi,medium,3,54,Axis,0
21013.06,hard_decline,upi,good,3,21,Axis,0
30005.03,timeout,card,good,1,42,ICICI,0
25734.02,duplicate,netbanking,medium,1,49,None,0
14480.41,soft_decline,upi,medium,3,18,SBI,1
422.57,hard_decline,netbanking,medium,1,71,ICICI,0
24862.34,soft_decline,netbanking,bad,1,17,None,0
14352.74,hard_decline,card,bad,3,9,None,0
36756.95,timeout,card,bad,2,49,SBI,0
1294.92,soft_decline,netbanking,bad,3,48,HDFC,0
29282.91,duplicate,netbanking,bad,1,40,HDFC,0
47079.56,timeout,upi,medium,2,14,HDFC,0
8803.02,duplicate,card,good,1,22,None,0
23635.31,timeout,upi,medium,3,26,None,0
4661.96,soft_decline,card,medium,3,5,ICICI,0
31321.53,soft_decline,card,medium,3,23,SBI,0
27571.53,soft_decline,card,bad,2,8,None,0
20427.54,soft_decline,card,bad,1,61,ICICI,0
26116.71,hard_decline,card,medium,2,66,SBI,0
44839.08,hard_decline,netbanking,medium,3,69,None,0
9895.09,duplicate,netbanking,bad,1,41,ICICI,0
1225.97,hard_decline,netbanking,good,3,59,None,1
43097.08,timeout,netbanking,good,1,47,SBI,0
28898.14,duplicate,card,bad,2,55,ICICI,0
44543.86,timeout,netbanking,bad,2,4,None,0
29887.57,soft_decline,netbanking,medium,2,53,HDFC,0
40527.04,hard_decline,netbanking,bad,2,37,Axis,0
21540.7,soft_decline,upi,medium,1,18,HDFC,1
37518.01,soft_decline,card,medium,1,68,None,1
45660.77,soft_decline,card,medium,2,70,Axis,1
28648.94,timeout,card,good,2,23,ICICI,1
9121.18,hard_decline,netbanking,good,1,9,SBI,0
13513.0,hard_decline,card,bad,3,20,HDFC,0
10012.36,duplicate,netbanking,good,2,14,ICICI,0
12418.17,soft_decline,card,good,1,63,None,1
15390.13,hard_decline,upi,medium,2,12,None,0
27801.18,timeout,card,good,1,70,Axis,0
29440.78,soft_decline,card,bad,2,39,None,0
21382.34,timeout,card,good,2,7,Axis,1
30809.5,soft_decline,upi,medium,3,37,HDFC,0
4170.59,timeout,card,medium,3,51,None,0
4480.63,soft_decline,upi,bad,3,1,Axis,0
8674.29,soft_decline,card,medium,3,21,SBI,1
25952.07,hard_decline,netbanking,medium,2,3,HDFC,0
10778.33,soft_decline,card,bad,2,51,Axis,0
14235.89,soft_decline,upi,good,3,6,SBI,0
20075.61,hard_decline,card,medium,3,0,Axis,0
40612.12,soft_decline,upi,bad,2,57,ICICI,0
791.72,hard_decline,card,medium,1,61,HDFC,1
32504.0,hard_decline,upi,bad,3,65,ICICI,0
33476.94,hard_decline,netbanking,good,1,54,None,0
39952.92,timeout,card,good,2,12,HDFC,1
46644.37,soft_decline,card,good,1,27,SBI,1
1104.88,soft_decline,upi,bad,3,13,ICICI,1
7773.81,timeout,upi,bad,3,2,None,1
44319.95,timeout,card,medium,3,15,HDFC,1
22980.08,soft_decline,card,good,3,45,ICICI,1
28273.07,hard_decline,card,good,3,2,SBI,0
33185.06,hard_decline,card,medium,2,2,ICICI,0
33985.42,hard_decline,card,medium,1,40,None,0
46593.85,timeout,netbanking,bad,2,28,ICICI,1
49847.78,soft_decline,card,bad,2,39,None,1
36035.86,timeout,upi,bad,2,18,Axis,1
14432.34,soft_decline,netbanking,medium,1,19,SBI,1
43999.64,hard_decline,card,bad,1,20,ICICI,0
2556.12,timeout,upi,bad,2,19,ICICI,1
11630.93,hard_decline,netbanking,medium,1,46,ICICI,0
44879.55,soft_decline,card,medium,2,43,HDFC,1
12883.96,duplicate,card,good,2,1,None,0
11110.49,timeout,netbanking,medium,3,42,SBI,0
6992.45,timeout,netbanking,bad,1,56,SBI,1
42969.68,hard_decline,card,medium,3,18,ICICI,0
25052.91,soft_decline,card,bad,2,63,SBI,1
33777.17,duplicate,card,good,2,45,None,0
12029.41,hard_decline,card,bad,2,40,None,0
37926.22,timeout,card,bad,3,66,Axis,0
38024.28,soft_decline,upi,medium,3,13,SBI,1
15698.64,soft_decline,netbanking,bad,2,19,ICICI,0
20593.06,duplicate,card,medium,3,34,Axis,0
10563.54,hard_decline,netbanking,good,2,24,None,0
48830.4,soft_decline,card,good,2,3,ICICI,1
32315.57,soft_decline,card,medium,3,56,SBI,0
46733.74,hard_decline,upi,bad,1,1,HDFC,0
15238.94,soft_decline,card,good,2,65,None,1
39116.36,hard_decline,card,medium,2,20,HDFC,1
38316.35,hard_decline,netbanking,bad,3,51,None,0
34613.62,timeout,card,good,3,14,HDFC,1
48285.38,soft_decline,upi,good,3,45,None,0
19738.41,duplicate,card,medium,2,30,Axis,0
6622.79,soft_decline,card,good,1,61,Axis,1
33618.27,hard_decline,upi,good,1,33,Axis,0
36492.56,soft_decline,netbanking,good,1,35,ICICI,1
28795.52,timeout,card,good,2,43,Axis,1
10420.21,duplicate,upi,medium,3,62,ICICI,0
25272.35,timeout,netbanking,medium,1,17,ICICI,1
15678.27,hard_decline,upi,bad,1,44,HDFC,0
21430.58,hard_decline,card,medium,1,38,Axis,0
32296.41,timeout,upi,bad,2,25,None,1
37286.22,duplicate,upi,bad,3,23,ICICI,0
11688.01,duplicate,upi,bad,3,57,ICICI,0
20325.74,soft_decline,card,medium,3,49,None,0
13531.16,duplicate,card,bad,3,71,Axis,0
10011.72,soft_decline,upi,bad,1,38,None,0
39191.02,soft_decline,card,medium,3,71,HDFC,1
45471.71,soft_decline,upi,good,1,30,SBI,1
18574.59,soft_decline,netbanking,medium,2,35,None,0
37588.82,timeout,netbanking,good,2,38,Axis,1
44860.06,timeout,card,good,2,20,SBI,1
42321.6,timeout,card,medium,3,22,SBI,1
9222.39,timeout,upi,medium,3,53,None,1
47818.96,hard_decline,upi,bad,1,35,None,0
18896.15,timeout,netbanking,medium,3,14,HDFC,1
17028.11,soft_decline,upi,medium,2,1,HDFC,1
3215.32,timeout,card,medium,3,69,SBI,1
24360.07,timeout,upi,medium,1,37,HDFC,1
5539.78,timeout,upi,medium,2,64,ICICI,1
12502.14,hard_decline,upi,bad,2,49,None,0
15915.44,timeout,upi,medium,1,0,ICICI,1
40460.43,soft_decline,card,medium,2,20,SBI,1
43786.88,soft_decline,card,medium,1,56,HDFC,1
15193.07,timeout,card,bad,1,18,Axis,1
42949.04,hard_decline,card,bad,3,28,HDFC,0
42875.82,timeout,card,medium,2,49,Axis,1
38256.08,soft_decline,netbanking,medium,3,33,None,1
7420.09,soft_decline,card,bad,3,53,None,0
34547.11,timeout,netbanking,bad,1,31,Axis,0
47256.7,hard_decline,card,medium,1,3,ICICI,0
34158.77,hard_decline,card,good,3,29,None,0
16647.68,soft_decline,card,medium,1,17,Axis,0
25078.91,soft_decline,card,medium,2,68,ICICI,0
32321.68,timeout,netbanking,medium,2,28,ICICI,1
25577.46,soft_decline,card,good,3,11,ICICI,0
6085.65,timeout,card,good,2,14,HDFC,1
15672.0,timeout,netbanking,medium,3,52,HDFC,0
40139.56,soft_decline,card,bad,2,34,HDFC,0
43084.76,timeout,card,bad,1,51,ICICI,0
6951.27,timeout,card,medium,2,52,SBI,1
47624.1,soft_decline,card,bad,1,13,HDFC,0
16508.25,soft_decline,card,good,3,17,None,1
33149.46,hard_decline,card,medium,2,37,HDFC,0
37616.07,timeout,netbanking,good,1,37,None,1
40616.12,timeout,netbanking,bad,1,54,HDFC,1
47292.91,hard_decline,card,bad,3,10,None,0
15714.69,timeout,card,bad,3,66,ICICI,1
42939.47,timeout,card,medium,2,52,None,0
6671.18,timeout,upi,bad,2,43,SBI,1
35281.54,timeout,card,bad,2,24,HDFC,0
37124.69,soft_decline,netbanking,good,1,61,ICICI,0
33918.39,timeout,upi,bad,3,13,None,1
12690.51,timeout,card,good,2,46,ICICI,1
43664.85,timeout,upi,bad,2,54,ICICI,1
8526.04,hard_decline,card,good,1,11,HDFC,0
2776.38,soft_decline,card,good,2,6,ICICI,0
35901.5,hard_decline,card,bad,1,48,ICICI,0
23826.24,soft_decline,card,good,1,13,None,0
42469.99,timeout,upi,good,3,28,SBI,1
19231.52,hard_decline,upi,medium,1,46,HDFC,0
8497.1,timeout,card,bad,3,13,None,1
41838.47,timeout,netbanking,good,1,50,Axis,1
27490.59,timeout,card,bad,3,13,ICICI,0
9540.87,soft_decline,card,bad,1,7,ICICI,0
36047.16,duplicate,card,medium,2,64,None,0
25604.57,timeout,upi,medium,3,36,Axis,1
30255.22,timeout,netbanking,good,3,67,None,0
23098.83,soft_decline,upi,medium,1,15,ICICI,1
41452.58,hard_decline,netbanking,good,2,19,Axis,0
41495.18,soft_decline,card,good,2,66,HDFC,1
35498.5,hard_decline,card,medium,3,70,Axis,0
5359.53,soft_decline,upi,medium,2,31,ICICI,1
41958.81,hard_decline,upi,bad,2,68,Axis,0
33583.55,timeout,card,medium,1,29,None,0
34881.51,soft_decline,netbanking,bad,2,19,SBI,0
18212.84,hard_decline,card,good,2,57,ICICI,0
43976.05,timeout,card,good,2,28,HDFC,0
36296.04,soft_decline,upi,medium,2,23,Axis,1
5718.26,timeout,upi,good,1,0,Axis,1
20448.12,soft_decline,card,bad,1,26,SBI,0
44330.38,soft_decline,card,medium,2,20,None,1
2455.12,soft_decline,card,medium,1,16,None,0
48074.69,timeout,upi,medium,3,31,None,1
33990.21,hard_decline,upi,medium,1,43,HDFC,0
31605.66,timeout,upi,medium,1,21,None,1
13600.91,hard_decline,card,good,1,41,ICICI,0
12514.71,soft_decline,netbanking,good,3,61,HDFC,0
47108.71,timeout,netbanking,medium,3,47,ICICI,1
14983.8,soft_decline,card,good,3,7,None,0
38797.71,timeout,card,bad,1,1,ICICI,0
19716.78,soft_decline,card,good,3,4,ICICI,1
7048.78,soft_decline,card,good,3,27,ICICI,0
634.69,timeout,netbanking,good,1,3,HDFC,0
27258.44,duplicate,upi,medium,2,52,Axis,0
48791.36,soft_decline,netbanking,good,1,0,Axis,1
18519.9,timeout,card,good,1,5,None,1
17923.9,soft_decline,upi,medium,1,54,SBI,1
17270.17,timeout,card,medium,2,51,HDFC,1
26075.14,timeout,card,bad,1,23,Axis,1
22089.18,soft_decline,upi,bad,1,61,None,0
44007.74,soft_decline,card,good,2,55,HDFC,1
25325.49,soft_decline,upi,good,1,23,HDFC,1
25437.12,soft_decline,upi,medium,1,19,ICICI,0
7004.74,soft_decline,netbanking,bad,1,33,Axis,0
49138.7,timeout,card,bad,2,14,SBI,1
12573.65,duplicate,upi,good,1,50,None,0
3760.87,soft_decline,netbanking,medium,2,3,HDFC,0
33191.0,hard_decline,netbanking,bad,2,52,None,0
29808.78,hard_decline,upi,bad,3,13,None,1
20815.77,duplicate,upi,good,1,64,HDFC,0
21167.39,hard_decline,card,medium,1,32,SBI,0
39274.69,hard_decline,upi,good,3,49,None,0
9866.06,hard_decline,upi,good,3,62,SBI,1
41030.64,soft_decline,upi,medium,1,49,Axis,0
32472.48,soft_decline,upi,good,1,35,None,1
21006.59,hard_decline,card,bad,3,70,SBI,0
22955.63,soft_decline,card,bad,1,49,ICICI,0
12906.7,hard_decline,upi,bad,1,40,None,0
37630.51,soft_decline,card,medium,1,69,ICICI,0
25692.45,hard_decline,card,good,3,26,ICICI,0
16110.64,soft_decline,card,good,3,29,ICICI,0
29842.9,duplicate,card,medium,2,31,HDFC,0
49787.15,timeout,netbanking,medium,2,21,None,1
21819.59,soft_decline,upi,medium,1,68,Axis,1
46042.5,soft_decline,card,medium,1,20,None,1
17316.34,timeout,card,medium,2,55,None,1
2831.16,soft_decline,card,good,2,30,HDFC,1
10291.68,soft_decline,card,medium,2,58,ICICI,1
20992.89,soft_decline,card,medium,1,69,ICICI,0
11059.78,duplicate,netbanking,bad,1,42,SBI,0
111.33,timeout,card,medium,2,53,None,1
45758.58,hard_decline,upi,good,3,17,Axis,0
42209.58,hard_decline,netbanking,medium,2,54,None,0
37140.38,duplicate,netbanking,bad,3,28,None,0
8473.95,duplicate,card,good,3,60,HDFC,0
6106.14,duplicate,upi,bad,1,50,None,0
3473.48,soft_decline,card,good,3,11,None,1
36229.06,soft_decline,card,medium,3,60,Axis,1
46447.52,timeout,card,bad,2,70,ICICI,1
21583.74,hard_decline,netbanking,medium,2,15,ICICI,0
6045.12,soft_decline,card,medium,3,11,ICICI,1
25668.4,soft_decline,upi,good,2,61,ICICI,1
17506.71,timeout,upi,good,2,67,SBI,1
18803.76,timeout,netbanking,medium,2,59,Axis,1
31104.4,soft_decline,upi,medium,2,27,ICICI,0
35964.03,timeout,card,medium,3,63,ICICI,1
5619.12,hard_decline,card,bad,3,71,HDFC,0
1875.95,timeout,card,medium,3,49,HDFC,0
49717.08,hard_decline,upi,medium,3,25,None,0
11713.14,soft_decline,upi,medium,3,39,HDFC,1
2786.14,hard_decline,upi,medium,1,54,HDFC,0
9574.78,hard_decline,card,medium,2,30,ICICI,0
2044.0,hard_decline,upi,medium,1,70,None,0
19651.36,soft_decline,upi,bad,3,4,Axis,0
40139.85,duplicate,netbanking,medium,2,12,Axis,0
17128.1,soft_decline,upi,medium,3,17,Axis,0
22264.75,soft_decline,card,medium,1,49,ICICI,0
33811.78,hard_decline,card,good,3,35,ICICI,0
25493.81,hard_decline,card,bad,2,51,SBI,0
43086.14,hard_decline,upi,medium,3,32,Axis,0
43315.18,timeout,upi,medium,3,63,HDFC,1
594.54,hard_decline,card,bad,2,70,None,0
38924.51,timeout,card,bad,1,68,ICICI,1
23090.61,timeout,card,medium,1,29,Axis,1
49443.14,soft_decline,netbanking,bad,2,67,SBI,0
24213.28,hard_decline,card,good,2,21,Axis,0
49346.11,timeout,card,medium,1,58,SBI,1
37753.01,soft_decline,card,good,2,7,SBI,1
12505.38,hard_decline,card,good,1,65,None,0
26965.91,duplicate,upi,good,3,36,SBI,0
49607.57,soft_decline,netbanking,medium,1,55,None,1
42890.78,hard_decline,card,good,2,60,ICICI,0
4958.61,duplicate,upi,medium,3,64,None,0
35347.96,soft_decline,card,medium,2,41,ICICI,1
17344.42,soft_decline,netbanking,bad,1,48,None,0
448.41,timeout,card,good,3,67,None,1
20233.7,timeout,card,good,1,8,None,0
11814.25,hard_decline,upi,medium,3,7,ICICI,0
40961.58,hard_decline,card,medium,2,57,ICICI,0
16932.8,timeout,card,good,1,53,HDFC,1
41393.43,timeout,upi,bad,3,47,None,0
129.84,soft_decline,upi,good,3,53,HDFC,1
15460.18,soft_decline,card,bad,3,27,Axis,0
12134.14,hard_decline,upi,good,1,65,ICICI,1
11755.01,timeout,upi,bad,2,30,HDFC,1
3502.51,timeout,upi,medium,2,12,HDFC,1
9437.5,duplicate,upi,bad,3,58,None,0
27821.92,timeout,upi,medium,2,30,None,1
14638.92,hard_decline,card,good,1,32,ICICI,0
20928.0,hard_decline,card,medium,2,52,HDFC,0
18905.66,timeout,card,medium,2,35,None,1
43807.66,timeout,card,good,1,68,HDFC,1
45274.42,hard_decline,upi,good,1,33,HDFC,0
24698.55,soft_decline,card,bad,2,60,None,0
16574.78,duplicate,card,good,2,59,None,0
5429.36,hard_decline,card,medium,2,2,ICICI,0
47674.8,soft_decline,card,medium,3,5,HDFC,1
3105.32,timeout,upi,medium,1,19,HDFC,1
14952.75,timeout,card,good,3,3,SBI,0
14973.5,soft_decline,upi,medium,3,52,SBI,1
16088.02,timeout,card,good,3,70,HDFC,1
8297.91,soft_decline,netbanking,good,3,61,None,0
39179.76,soft_decline,netbanking,medium,2,37,Axis,0
6212.64,hard_decline,upi,bad,1,35,None,1
31781.84,timeout,netbanking,good,2,33,HDFC,0
6279.92,duplicate,upi,good,1,5,None,0
3619.73,timeout,netbanking,medium,3,65,None,1
45480.53,duplicate,netbanking,medium,1,17,ICICI,0
9587.43,soft_decline,netbanking,medium,1,26,HDFC,1
41080.38,soft_decline,upi,bad,1,38,HDFC,0
27277.08,hard_decline,upi,bad,1,50,SBI,1
3985.04,soft_decline,upi,medium,2,18,HDFC,1
47776.86,timeout,card,medium,3,33,HDFC,0
12423.36,timeout,card,bad,2,23,HDFC,1
42996.3,duplicate,netbanking,good,3,24,None,0
8523.62,soft_decline,card,medium,2,69,SBI,0
42711.75,hard_decline,upi,medium,2,29,HDFC,0
760.12,hard_decline,card,good,2,53,ICICI,0
25637.84,soft_decline,card,bad,1,24,Axis,0
38495.18,hard_decline,netbanking,bad,1,4,ICICI,0
46746.3,hard_decline,netbanking,medium,1,1,Axis,0
45469.19,hard_decline,upi,bad,1,62,None,0
40999.28,soft_decline,card,medium,2,53,ICICI,1
44420.75,soft_decline,card,bad,2,37,ICICI,1
10041.06,hard_decline,card,good,3,16,HDFC,1
14280.8,soft_decline,card,good,1,30,None,1
14519.53,soft_decline,card,good,1,0,Axis,1
18914.99,soft_decline,upi,medium,1,5,None,1
19726.7,soft_decline,card,good,1,69,HDFC,0
27273.31,soft_decline,upi,good,1,35,None,1
8078.0,soft_decline,card,bad,1,7,None,1
34593.21,hard_decline,card,bad,2,9,HDFC,0
8461.57,timeout,card,medium,1,23,SBI,1
15584.39,timeout,netbanking,bad,1,62,Axis,1
25216.92,timeout,upi,bad,2,39,HDFC,0
39842.38,hard_decline,card,medium,3,1,None,0
36999.51,hard_decline,upi,medium,2,19,None,0
32312.16,timeout,netbanking,bad,1,32,HDFC,0
7873.09,hard_decline,upi,medium,2,13,None,1
27397.56,timeout,upi,good,1,53,SBI,1
4463.58,hard_decline,card,medium,2,54,SBI,0
18930.42,hard_decline,upi,medium,3,36,None,0
20734.47,timeout,upi,bad,1,5,Axis,1
2086.59,soft_decline,upi,medium,2,32,ICICI,1
13772.01,soft_decline,netbanking,bad,2,49,None,0
47786.91,soft_decline,card,bad,2,69,HDFC,0
47686.27,soft_decline,card,medium,1,71,Axis,1
17681.12,soft_decline,netbanking,bad,2,50,None,0
2250.7,hard_decline,upi,good,1,65,ICICI,0
9036.84,timeout,card,medium,1,60,None,1
19671.67,timeout,card,bad,3,27,Axis,0
47394.21,soft_decline,netbanking,medium,3,43,HDFC,0
7145.83,duplicate,card,bad,2,11,None,0
38199.44,hard_decline,card,good,1,56,None,0
5523.26,soft_decline,card,bad,2,25,Axis,0
49064.75,timeout,netbanking,good,1,24,ICICI,1
19142.66,timeout,netbanking,medium,1,14,SBI,1
38784.2,timeout,upi,medium,2,52,None,1
17195.3,soft_decline,upi,medium,1,64,ICICI,1
31420.68,hard_decline,card,good,2,53,SBI,1
9681.6,timeout,card,medium,1,38,ICICI,1
7386.45,hard_decline,netbanking,medium,2,50,ICICI,0
46909.4,timeout,card,medium,2,19,HDFC,1
45890.6,hard_decline,card,medium,3,63,None,0
44384.7,timeout,upi,medium,3,10,HDFC,0
31309.13,soft_decline,card,bad,1,51,SBI,0
40432.58,hard_decline,upi,bad,2,53,HDFC,0
3544.94,soft_decline,upi,medium,2,68,None,1
16805.97,timeout,upi,medium,2,6,None,1
15753.79,timeout,card,medium,2,11,Axis,0
31818.7,soft_decline,card,good,2,1,HDFC,1
17862.29,timeout,upi,medium,1,20,SBI,1
7510.49,hard_decline,netbanking,good,3,68,SBI,0
29863.71,soft_decline,card,good,2,35,ICICI,0
40737.76,hard_decline,netbanking,medium,2,20,HDFC,1
19167.96,soft_decline,upi,medium,2,52,ICICI,1
6700.21,hard_decline,netbanking,good,1,18,Axis,0
9914.74,soft_decline,card,bad,3,2,SBI,0
11950.42,timeout,card,bad,3,59,Axis,0
15064.89,timeout,card,bad,2,33,Axis,1
32175.47,timeout,card,medium,1,28,ICICI,0
30087.18,soft_decline,netbanking,good,3,56,HDFC,1
34834.39,duplicate,card,good,3,39,SBI,0
18188.85,timeout,upi,good,1,49,None,0
41217.48,soft_decline,card,good,3,18,None,0
10283.97,timeout,upi,bad,1,21,None,1
23505.13,soft_decline,card,bad,3,50,ICICI,0
40066.84,hard_decline,card,bad,1,48,Axis,0
9089.92,hard_decline,card,bad,2,51,ICICI,0
5582.17,hard_decline,upi,medium,3,21,Axis,0
44195.83,timeout,card,bad,3,61,SBI,0
17212.19,hard_decline,card,bad,3,59,ICICI,0
34225.12,soft_decline,card,medium,1,6,Axis,0
1364.9,duplicate,netbanking,good,3,52,None,0
34533.34,duplicate,upi,good,3,30,ICICI,0
15873.46,timeout,upi,medium,1,3,SBI,1
2881.47,hard_decline,upi,medium,3,6,SBI,0
30529.66,soft_decline,card,bad,3,2,ICICI,1
12116.11,timeout,upi,medium,1,24,SBI,1
19401.68,soft_decline,card,medium,1,33,HDFC,1
4120.98,soft_decline,card,good,1,32,SBI,0
7443.45,hard_decline,upi,medium,3,37,None,0
14969.06,soft_decline,upi,medium,2,3,ICICI,1
4579.0,soft_decline,card,bad,1,47,None,0
45550.23,hard_decline,card,medium,3,60,None,0
401.75,soft_decline,upi,bad,2,64,None,0
24244.62,soft_decline,upi,medium,2,70,SBI,1
6250.05,soft_decline,card,medium,1,60,SBI,0
15453.19,soft_decline,card,bad,1,0,Axis,1
46310.37,timeout,netbanking,bad,1,5,Axis,1
8168.56,timeout,upi,good,1,20,None,0
48295.03,hard_decline,netbanking,bad,1,66,None,0
10369.14,hard_decline,card,good,3,27,ICICI,0
37104.15,soft_decline,card,medium,3,65,HDFC,0
27379.2,soft_decline,card,good,1,26,None,1
44235.49,soft_decline,upi,medium,3,31,HDFC,1
27744.26,hard_decline,card,medium,1,11,Axis,0
26774.51,timeout,card,medium,1,64,HDFC,0
9853.35,timeout,card,medium,2,45,None,1
8394.85,soft_decline,upi,medium,1,39,None,1
45832.81,soft_decline,card,good,2,8,None,1
16459.13,timeout,upi,bad,3,61,None,0
18666.9,soft_decline,netbanking,medium,1,15,None,1
38015.2,timeout,upi,medium,2,67,ICICI,0
17007.29,hard_decline,card,bad,2,39,HDFC,1
47607.92,timeout,netbanking,good,3,34,Axis,1
36922.6,duplicate,card,medium,2,59,None,0
29911.72,duplicate,card,medium,1,69,HDFC,0
44056.67,hard_decline,netbanking,good,1,2,SBI,0
2575.33,hard_decline,card,medium,2,52,None,0
12927.43,soft_decline,upi,bad,1,58,Axis,0
23305.31,duplicate,card,good,1,35,Axis,0
11426.23,hard_decline,upi,medium,2,65,SBI,1
37220.87,soft_decline,upi,medium,3,36,None,0
45968.48,hard_decline,card,medium,3,43,ICICI,0
21246.13,soft_decline,upi,bad,1,63,ICICI,0
17172.42,hard_decline,upi,bad,2,50,SBI,0
48081.38,hard_decline,card,medium,1,5,Axis,0
22298.14,soft_decline,card,bad,1,68,SBI,0
24503.52,soft_decline,card,bad,2,20,None,0
17647.33,duplicate,netbanking,medium,3,56,None,0
45486.47,timeout,upi,bad,1,27,HDFC,1
28490.88,timeout,netbanking,bad,3,23,Axis,0
38132.51,soft_decline,card,good,1,62,None,1
40609.16,timeout,card,medium,2,21,Axis,1
17158.27,hard_decline,card,bad,2,33,Axis,0
21741.35,soft_decline,card,medium,3,36,None,1
42438.74,soft_decline,upi,bad,1,40,None,0
18226.44,soft_decline,netbanking,medium,2,42,HDFC,1
39717.36,soft_decline,card,medium,1,21,ICICI,1
47055.52,duplicate,netbanking,good,1,14,None,0
31198.2,soft_decline,card,medium,3,20,Axis,1
37107.2,hard_decline,netbanking,medium,1,51,Axis,1
40274.36,hard_decline,card,bad,1,3,None,0
42267.48,soft_decline,netbanking,medium,3,46,None,0
19813.16,hard_decline,card,good,2,17,None,0
2658.05,soft_decline,netbanking,medium,1,70,HDFC,1
20153.63,timeout,card,medium,1,34,None,1
33720.44,soft_decline,card,bad,2,6,ICICI,0
22572.48,hard_decline,card,bad,3,40,HDFC,0
37473.26,timeout,card,medium,2,9,SBI,1
17913.42,timeout,upi,good,1,61,None,1
31773.73,timeout,netbanking,good,1,64,None,1
9402.35,timeout,upi,good,3,11,None,1
37493.53,soft_decline,upi,bad,3,27,ICICI,0
27330.23,hard_decline,card,good,2,57,Axis,0
10282.81,timeout,upi,medium,3,55,HDFC,1
14666.37,timeout,card,medium,2,17,None,1
37455.57,soft_decline,netbanking,bad,2,64,SBI,1
24181.8,soft_decline,card,bad,1,56,None,0
10879.97,timeout,upi,bad,2,49,ICICI,1
48366.83,hard_decline,card,bad,2,44,None,0
35784.74,soft_decline,card,bad,3,61,HDFC,0
47861.03,hard_decline,card,bad,3,64,ICICI,0
21412.54,timeout,card,bad,1,54,ICICI,1
23807.51,duplicate,card,bad,1,37,Axis,0
44907.97,hard_decline,card,medium,1,3,ICICI,0
26299.96,soft_decline,netbanking,medium,2,14,SBI,1
35393.22,soft_decline,card,medium,3,20,SBI,0
12683.43,soft_decline,netbanking,medium,2,20,HDFC,1
22391.65,hard_decline,card,bad,1,50,Axis,1
6260.15,hard_decline,card,bad,3,34,Axis,0
10378.4,soft_decline,upi,medium,2,3,None,1
147.08,timeout,upi,medium,3,31,HDFC,0
2059.33,timeout,card,bad,2,11,HDFC,1
48866.46,soft_decline,upi,good,1,53,HDFC,1
12193.45,soft_decline,card,good,2,29,SBI,0
33199.2,duplicate,upi,bad,2,8,ICICI,0
41971.07,soft_decline,upi,good,1,18,ICICI,1
27577.96,timeout,card,medium,1,29,None,0
7741.91,hard_decline,netbanking,good,2,64,ICICI,0
36433.01,timeout,upi,good,2,44,SBI,1
30052.55,timeout,card,medium,2,22,Axis,1
36589.4,timeout,netbanking,medium,1,4,ICICI,1
38510.36,timeout,netbanking,medium,1,66,Axis,1
48772.98,duplicate,upi,good,1,65,SBI,0
28720.81,hard_decline,card,bad,3,42,ICICI,0
17147.89,soft_decline,netbanking,medium,3,1,None,1
32458.38,soft_decline,card,medium,1,47,None,0
3515.19,timeout,card,good,3,57,None,1
44880.13,timeout,card,medium,3,39,ICICI,1
6057.11,soft_decline,upi,medium,2,52,None,1
16459.36,soft_decline,netbanking,medium,2,58,None,1
40805.69,timeout,upi,bad,2,67,ICICI,1
29905.89,soft_decline,netbanking,bad,3,62,HDFC,0
19742.41,hard_decline,card,medium,3,35,None,0
23724.44,timeout,card,good,2,39,None,0
42741.91,hard_decline,upi,medium,2,5,ICICI,0
17066.22,soft_decline,netbanking,good,1,13,ICICI,0
43495.52,soft_decline,upi,bad,3,32,ICICI,1
4497.91,soft_decline,card,medium,2,18,None,1
38862.24,soft_decline,card,bad,2,42,ICICI,0
42392.63,hard_decline,card,bad,2,53,Axis,0
9172.7,hard_decline,card,medium,3,60,None,0
21574.29,soft_decline,card,medium,2,12,ICICI,1
8358.44,soft_decline,netbanking,medium,2,41,HDFC,1
35359.55,soft_decline,upi,good,2,17,None,1
26813.85,duplicate,upi,bad,2,71,HDFC,0
31802.64,hard_decline,card,medium,2,64,None,0
9904.7,timeout,card,good,1,47,ICICI,0
10666.12,timeout,upi,bad,2,35,None,1
2170.72,hard_decline,netbanking,good,1,44,SBI,1
16171.17,timeout,upi,good,3,9,ICICI,0
28031.26,soft_decline,netbanking,medium,3,8,None,0
42910.95,timeout,netbanking,medium,3,45,None,0
33379.68,soft_decline,card,medium,3,16,HDFC,1
21826.28,timeout,card,medium,3,66,None,0
47660.69,soft_decline,upi,good,2,32,SBI,1
35990.34,timeout,card,medium,2,64,HDFC,1
46515.24,soft_decline,card,medium,3,19,None,1
26426.64,timeout,card,bad,2,65,SBI,1
13019.32,soft_decline,card,good,1,15,Axis,1
2736.05,timeout,netbanking,good,1,13,Axis,1
36331.63,hard_decline,card,bad,2,0,HDFC,0
6153.02,soft_decline,card,bad,3,34,None,0
15208.48,timeout,upi,bad,3,0,HDFC,0
26670.3,duplicate,upi,good,1,42,Axis,0
28264.39,soft_decline,upi,medium,2,68,HDFC,1
30069.1,duplicate,netbanking,medium,1,54,None,0
8396.14,timeout,upi,bad,2,15,HDFC,1
19048.9,timeout,upi,good,3,66,SBI,1
30897.99,soft_decline,card,good,1,62,HDFC,1
48493.96,hard_decline,card,medium,2,71,SBI,0
36408.79,timeout,upi,good,3,21,HDFC,1
46137.93,hard_decline,netbanking,medium,2,55,SBI,0
38134.38,hard_decline,netbanking,bad,3,51,Axis,0
29626.68,soft_decline,upi,bad,2,26,HDFC,0
9681.97,soft_decline,upi,medium,1,63,Axis,1
33367.61,timeout,card,bad,2,44,SBI,1
31206.64,timeout,card,good,1,66,ICICI,1
30163.21,hard_decline,card,good,1,25,Axis,0
24540.31,soft_decline,card,medium,1,12,None,0
26479.96,hard_decline,card,good,3,29,None,0
16788.68,soft_decline,card,good,1,29,None,0
26013.7,hard_decline,upi,medium,1,43,HDFC,0
9958.04,timeout,upi,bad,1,47,ICICI,1
40278.2,timeout,upi,bad,3,8,None,1
9370.27,soft_decline,card,medium,2,47,HDFC,1
4339.82,timeout,card,good,3,55,ICICI,0
21868.68,hard_decline,netbanking,good,3,67,Axis,0
32949.54,timeout,card,medium,2,5,None,1
21942.07,soft_decline,netbanking,good,2,64,ICICI,0
13910.03,timeout,card,good,1,66,None,1
27952.74,soft_decline,upi,medium,1,20,Axis,1
17415.42,hard_decline,card,medium,2,29,Axis,0
46650.1,soft_decline,card,good,2,56,None,1
46139.99,soft_decline,card,bad,3,54,ICICI,0
25168.35,soft_decline,upi,bad,3,1,ICICI,0
16461.41,soft_decline,card,medium,3,47,Axis,0
36882.91,soft_decline,upi,good,2,21,SBI,1
1931.98,timeout,card,bad,1,12,None,1
23790.97,soft_decline,card,medium,3,42,None,1
16882.54,timeout,netbanking,good,3,48,SBI,0
46034.74,soft_decline,netbanking,medium,2,36,ICICI,1
698.95,duplicate,upi,medium,3,34,None,0
27685.46,duplicate,card,medium,2,18,None,0
37059.11,soft_decline,card,medium,1,27,Axis,0
24302.4,timeout,netbanking,medium,3,56,HDFC,1
4361.61,soft_decline,card,bad,3,60,SBI,0
48625.82,duplicate,netbanking,medium,3,42,HDFC,0
25948.72,hard_decline,card,good,2,59,Axis,0
30747.89,soft_decline,netbanking,good,2,9,ICICI,1
11906.83,soft_decline,card,medium,1,66,None,1
24226.55,soft_decline,card,medium,2,23,None,1
21514.56,soft_decline,upi,good,3,43,ICICI,1
3837.3,timeout,netbanking,medium,3,29,None,0
5397.4,hard_decline,netbanking,good,2,44,SBI,0
41889.88,soft_decline,upi,bad,1,59,ICICI,0
12067.02,soft_decline,upi,bad,2,52,None,0
9828.42,soft_decline,upi,good,2,24,None,1
25295.08,soft_decline,upi,medium,3,3,SBI,1
38460.48,timeout,netbanking,bad,3,30,Axis,1
3191.13,soft_decline,card,good,3,18,HDFC,0
28882.72,hard_decline,upi,bad,2,1,ICICI,1
6048.6,soft_decline,upi,medium,2,3,None,0
1919.41,soft_decline,upi,medium,1,37,ICICI,1
2731.92,timeout,netbanking,good,3,32,None,0
41724.79,hard_decline,card,bad,1,17,Axis,0
5986.83,hard_decline,card,medium,3,31,None,1
2353.05,hard_decline,card,bad,1,32,HDFC,1
21951.2,hard_decline,card,bad,3,33,SBI,0
42215.27,soft_decline,card,medium,2,50,ICICI,1
13194.18,hard_decline,netbanking,good,3,62,None,0
21143.46,timeout,upi,good,1,46,ICICI,0
2092.13,soft_decline,netbanking,good,1,65,Axis,0
22509.02,hard_decline,card,bad,3,12,None,0
28922.89,soft_decline,netbanking,good,2,51,ICICI,1
28588.26,soft_decline,upi,medium,3,51,HDFC,0
16688.09,hard_decline,card,medium,2,42,SBI,0
15845.11,timeout,upi,bad,3,60,Axis,0
5420.52,timeout,netbanking,medium,2,2,None,1
18403.24,soft_decline,card,bad,3,67,SBI,0
5064.78,hard_decline,upi,bad,3,58,HDFC,0
38353.14,hard_decline,netbanking,bad,2,53,SBI,0
48317.09,soft_decline,card,good,2,68,HDFC,1
48506.72,timeout,upi,good,3,1,HDFC,1
43267.05,timeout,card,good,1,67,ICICI,1
30079.53,duplicate,card,medium,2,43,None,0
35073.2,soft_decline,upi,bad,1,37,None,1
14331.77,soft_decline,card,good,1,59,Axis,1
31575.44,timeout,upi,good,1,26,None,0
22836.91,timeout,card,medium,1,14,SBI,0
24152.67,timeout,card,good,3,38,ICICI,1
37913.05,soft_decline,upi,medium,2,37,Axis,0
14167.73,hard_decline,card,good,3,53,None,0
15970.18,hard_decline,card,medium,3,62,HDFC,0
46239.63,soft_decline,netbanking,medium,3,57,None,1
2905.59,hard_decline,netbanking,medium,3,61,None,0
24333.15,timeout,netbanking,good,3,17,Axis,1
45648.76,soft_decline,upi,good,2,28,Axis,1
30557.11,soft_decline,netbanking,bad,3,70,ICICI,0
27365.71,timeout,netbanking,bad,3,56,None,0
12562.23,hard_decline,card,medium,3,23,None,0
17229.45,timeout,card,medium,1,37,None,1
42617.22,soft_decline,card,good,3,5,HDFC,1
28004.98,soft_decline,card,bad,2,19,None,0
25785.64,duplicate,netbanking,bad,2,41,Axis,0
5069.03,duplicate,upi,medium,2,21,None,0
899.81,soft_decline,upi,bad,1,32,ICICI,0
48187.89,timeout,card,good,2,45,None,1
18911.61,soft_decline,card,medium,1,53,ICICI,1
30200.33,soft_decline,card,bad,2,41,None,0
4077.78,soft_decline,netbanking,medium,1,50,SBI,0
34187.4,soft_decline,card,good,2,67,Axis,1
46635.08,timeout,netbanking,bad,3,55,HDFC,1
28825.7,timeout,card,good,2,41,Axis,1
6393.15,duplicate,upi,bad,2,12,Axis,0
29127.9,timeout,upi,good,2,53,None,1
38340.73,hard_decline,netbanking,medium,3,11,ICICI,0
20380.19,timeout,card,medium,1,34,None,1
44003.9,duplicate,card,good,1,8,None,0
32469.28,timeout,card,bad,3,12,None,0
44972.52,timeout,netbanking,bad,3,21,ICICI,1
31212.92,duplicate,card,medium,1,39,None,0
6651.27,soft_decline,card,good,1,35,ICICI,1
15553.62,timeout,upi,bad,1,40,None,1
10169.57,timeout,upi,bad,1,6,ICICI,1
45450.44,duplicate,netbanking,bad,1,54,HDFC,0
38043.96,soft_decline,netbanking,medium,3,12,SBI,0
33852.28,hard_decline,upi,good,1,19,HDFC,0
15118.22,timeout,netbanking,bad,1,57,Axis,1
9283.83,soft_decline,upi,bad,2,22,Axis,1
37846.91,timeout,card,medium,3,52,SBI,1
23760.48,soft_decline,netbanking,medium,3,36,Axis,0
11366.9,soft_decline,upi,medium,1,19,None,1
30869.44,hard_decline,card,bad,2,18,ICICI,0
2112.66,hard_decline,upi,bad,2,17,SBI,0
16375.9,hard_decline,card,bad,1,67,ICICI,1
23480.99,hard_decline,card,medium,2,60,HDFC,1
7483.12,soft_decline,upi,medium,1,71,ICICI,0
49234.26,soft_decline,netbanking,bad,3,45,ICICI,0
10533.96,soft_decline,upi,good,2,47,SBI,1
6604.62,soft_decline,card,medium,1,19,ICICI,0
10256.39,hard_decline,netbanking,medium,1,71,SBI,1
38476.15,timeout,card,bad,1,68,ICICI,1
21332.73,soft_decline,card,good,3,33,SBI,1
28314.26,soft_decline,card,good,2,6,HDFC,0
1148.36,timeout,card,good,3,49,HDFC,0
1818.12,soft_decline,card,medium,3,52,Axis,0
22346.69,duplicate,upi,good,2,10,Axis,0
40851.1,timeout,netbanking,medium,3,7,HDFC,0
44273.42,soft_decline,netbanking,bad,1,31,ICICI,0
4426.66,soft_decline,netbanking,medium,2,62,ICICI,1
26964.32,hard_decline,card,good,3,54,None,0
45670.16,soft_decline,upi,bad,2,58,ICICI,0
19459.84,soft_decline,netbanking,medium,3,62,SBI,0
41495.33,soft_decline,card,good,1,16,Axis,1
6771.41,timeout,upi,medium,3,25,ICICI,0
46776.19,hard_decline,card,bad,2,50,ICICI,1
37596.02,soft_decline,card,bad,3,32,None,0
47072.59,timeout,upi,medium,1,25,None,1
33863.2,hard_decline,upi,good,1,21,Axis,0
18233.86,hard_decline,upi,bad,1,66,Axis,0
46915.24,soft_decline,card,medium,3,62,HDFC,1
13850.78,hard_decline,upi,bad,2,16,SBI,0
16675.41,duplicate,netbanking,medium,3,40,ICICI,0
35070.34,soft_decline,netbanking,good,3,38,None,1
38289.28,soft_decline,card,good,3,32,Axis,0
46477.23,soft_decline,card,good,2,31,ICICI,1
10319.64,soft_decline,upi,good,1,20,SBI,0
39920.1,soft_decline,card,good,1,52,SBI,1
36953.45,timeout,card,medium,1,63,HDFC,1
3283.35,duplicate,card,medium,2,65,None,0
19422.43,soft_decline,netbanking,medium,3,48,None,1
14210.0,hard_decline,upi,medium,3,70,None,0
15294.07,timeout,card,bad,3,30,None,1
49149.05,hard_decline,card,bad,2,40,None,0
32174.59,hard_decline,upi,good,3,71,HDFC,0
35912.04,soft_decline,card,medium,2,70,None,1
48833.22,hard_decline,upi,good,1,35,ICICI,1
18922.37,hard_decline,card,good,1,38,HDFC,0
40111.82,timeout,card,medium,2,40,SBI,1
21783.1,timeout,card,medium,1,40,Axis,1
43489.73,soft_decline,upi,bad,2,4,SBI,0
9114.81,soft_decline,upi,medium,3,5,Axis,0
47389.54,duplicate,card,good,1,61,None,0
11016.71,hard_decline,card,bad,1,15,HDFC,0
16378.4,timeout,card,good,3,18,Axis,0
37833.99,soft_decline,upi,good,3,36,HDFC,1
19748.38,hard_decline,card,good,2,63,SBI,0
30449.75,hard_decline,card,bad,1,58,HDFC,0
22284.22,timeout,upi,medium,3,68,SBI,0
37144.26,soft_decline,upi,medium,1,6,HDFC,1
11493.73,soft_decline,card,bad,1,41,None,0
3017.05,hard_decline,card,medium,1,24,None,0
15066.48,timeout,netbanking,bad,1,55,HDFC,1
23768.0,duplicate,netbanking,medium,2,46,None,0
8484.2,duplicate,card,bad,3,49,HDFC,0
17804.38,duplicate,netbanking,bad,1,32,SBI,0
20059.15,soft_decline,upi,medium,3,25,Axis,0
2963.85,soft_decline,netbanking,medium,3,16,SBI,0
29207.03,soft_decline,card,bad,2,20,HDFC,0
44228.74,soft_decline,upi,medium,2,1,ICICI,1
7671.97,timeout,upi,medium,1,43,SBI,1
29930.62,timeout,card,bad,1,65,ICICI,1
33270.49,soft_decline,upi,medium,2,70,Axis,1
21024.8,timeout,card,good,3,35,None,0
35084.77,duplicate,card,medium,3,45,Axis,0
20595.5,hard_decline,card,medium,2,49,Axis,0
25281.4,soft_decline,netbanking,good,1,66,HDFC,1
466.92,hard_decline,upi,medium,1,2,ICICI,1
34616.83,soft_decline,upi,bad,1,32,SBI,0
33101.0,hard_decline,upi,good,2,44,None,0
2016.2,hard_decline,card,good,2,24,ICICI,0
18475.68,soft_decline,card,bad,3,36,ICICI,0
48953.69,duplicate,upi,medium,2,35,Axis,0
21094.75,hard_decline,netbanking,good,1,34,None,0
25147.08,hard_decline,card,bad,3,18,SBI,0
45505.51,duplicate,card,medium,1,44,HDFC,0
35891.37,soft_decline,card,medium,1,17,HDFC,1
29145.3,soft_decline,card,medium,3,26,None,1
39910.45,timeout,card,good,1,30,Axis,1
43231.88,soft_decline,upi,bad,3,38,ICICI,0
22898.71,timeout,card,medium,1,66,None,0
23807.91,soft_decline,card,medium,1,21,None,0
19363.94,soft_decline,upi,bad,3,51,None,1
48338.64,hard_decline,netbanking,good,1,9,None,0
34888.6,soft_decline,card,good,1,7,HDFC,1
4252.83,timeout,upi,good,3,33,None,1
43161.69,timeout,card,good,3,52,None,0
24079.94,duplicate,netbanking,medium,3,17,HDFC,0
3530.82,timeout,upi,medium,2,11,HDFC,1
27530.89,soft_decline,netbanking,good,1,63,SBI,0
20916.5,timeout,card,good,3,56,HDFC,0
43899.7,timeout,upi,good,1,1,None,1
10279.33,timeout,upi,bad,3,16,Axis,0
41340.58,timeout,card,medium,1,51,None,1
27928.67,hard_decline,card,medium,1,70,None,0
2825.05,hard_decline,upi,medium,3,1,None,0
48595.08,timeout,upi,medium,3,26,ICICI,1
25679.5,soft_decline,card,good,2,25,ICICI,1
14614.76,soft_decline,upi,bad,3,24,None,0
23523.4,timeout,card,bad,3,11,ICICI,1
42907.1,soft_decline,card,medium,3,16,Axis,1
15314.67,soft_decline,upi,medium,2,64,None,1
9714.55,soft_decline,card,medium,1,39,SBI,1
6540.66,timeout,card,good,2,4,Axis,1
14963.18,soft_decline,card,good,1,27,None,1
39024.4,timeout,upi,medium,3,71,SBI,1
23634.16,soft_decline,card,good,3,51,ICICI,0
11451.33,hard_decline,netbanking,good,3,13,ICICI,0
8392.63,hard_decline,card,medium,2,5,HDFC,0
16703.2,timeout,upi,bad,2,17,ICICI,1
47002.23,soft_decline,card,bad,3,36,Axis,0
17217.03,duplicate,upi,good,2,63,HDFC,0
49407.39,duplicate,upi,good,3,34,ICICI,0
24313.0,timeout,card,medium,2,16,HDFC,1
9040.28,duplicate,card,bad,3,9,SBI,0
44567.89,hard_decline,card,bad,2,50,HDFC,0
23071.73,hard_decline,card,bad,1,51,None,1
35512.6,timeout,card,medium,3,63,None,1
49187.21,timeout,upi,good,2,32,HDFC,1
2603.75,timeout,upi,good,2,16,ICICI,0
4925.06,timeout,card,good,3,48,HDFC,1
36050.79,duplicate,card,medium,2,6,HDFC,0
14163.07,soft_decline,card,good,1,64,ICICI,1
9296.64,timeout,card,bad,1,61,ICICI,0
2064.16,timeout,upi,bad,2,9,ICICI,1
1190.15,timeout,upi,good,3,30,SBI,1
38746.83,soft_decline,card,bad,2,24,None,0
6808.23,timeout,card,medium,2,56,None,0
23439.26,duplicate,netbanking,bad,1,64,SBI,0
30334.25,soft_decline,card,bad,2,42,None,0
21474.75,timeout,card,good,3,2,Axis,1
1452.62,soft_decline,upi,medium,1,54,None,1
39196.72,duplicate,upi,good,2,47,SBI,0
624.61,hard_decline,card,bad,3,64,SBI,0
38118.31,soft_decline,netbanking,medium,1,70,SBI,1
44675.89,soft_decline,card,bad,3,59,SBI,0
21698.71,timeout,upi,good,3,13,SBI,1
26823.57,soft_decline,card,medium,3,13,None,0
23901.47,timeout,upi,bad,2,8,ICICI,1
19521.51,duplicate,netbanking,medium,1,44,ICICI,0
44382.48,timeout,card,good,2,1,HDFC,1
44707.28,soft_decline,upi,medium,1,31,None,0
16857.24,duplicate,netbanking,good,3,7,None,0
30791.98,timeout,card,good,3,35,ICICI,0
46352.69,soft_decline,upi,medium,2,36,HDFC,0
48106.72,soft_decline,netbanking,good,3,14,None,1
25497.06,soft_decline,upi,bad,3,33,SBI,0
22695.96,timeout,card,medium,3,20,HDFC,1
14006.85,soft_decline,card,bad,1,8,ICICI,0
47947.71,soft_decline,card,good,1,39,None,1
7226.43,timeout,card,good,2,25,HDFC,1
29033.5,hard_decline,upi,good,1,21,SBI,1
14199.26,timeout,card,good,3,12,SBI,1
14022.51,timeout,card,medium,3,24,Axis,1
20307.93,soft_decline,card,medium,3,70,HDFC,0
49939.77,timeout,card,bad,2,14,None,0
2842.82,soft_decline,upi,medium,3,44,HDFC,1
28969.24,hard_decline,upi,good,3,20,Axis,0
4220.35,timeout,card,good,2,39,ICICI,0
7810.59,soft_decline,card,bad,1,46,HDFC,0
22034.19,duplicate,card,medium,1,60,SBI,0
25571.96,hard_decline,card,bad,1,13,HDFC,1
13013.74,soft_decline,card,good,2,71,Axis,1
15891.21,duplicate,upi,good,2,66,HDFC,0
4439.65,hard_decline,card,good,3,46,SBI,0
15230.67,timeout,netbanking,bad,3,15,ICICI,1
48331.27,hard_decline,card,good,2,70,None,0
47240.9,timeout,card,medium,2,17,None,1
16810.43,soft_decline,upi,medium,3,44,None,0
28585.61,soft_decline,upi,medium,3,22,None,0
45488.81,hard_decline,upi,good,3,25,Axis,0
408.57,soft_decline,netbanking,medium,1,65,HDFC,1
40553.11,timeout,card,good,1,1,None,1
47423.64,soft_decline,netbanking,bad,3,21,Axis,0
4657.15,soft_decline,card,good,2,37,None,1
8156.24,soft_decline,netbanking,good,1,41,SBI,1
48041.24,timeout,card,medium,3,27,ICICI,1
26923.25,timeout,card,bad,1,62,SBI,1
808.41,soft_decline,upi,good,2,16,ICICI,1
12955.84,hard_decline,card,medium,2,58,HDFC,0
22552.19,soft_decline,card,good,2,1,Axis,0
34676.15,timeout,card,good,3,49,None,1
36684.7,soft_decline,upi,medium,3,14,HDFC,1
49771.53,hard_decline,netbanking,good,1,17,ICICI,0
14446.81,timeout,upi,medium,3,37,Axis,0
26957.18,duplicate,netbanking,bad,3,7,ICICI,0
26712.85,soft_decline,upi,bad,3,19,None,0
20341.7,timeout,card,good,1,59,HDFC,1
8541.18,hard_decline,card,medium,3,25,None,0
48875.08,duplicate,upi,bad,2,34,None,0
42680.53,soft_decline,card,bad,3,25,None,0
24966.82,soft_decline,card,good,3,17,HDFC,0
30201.95,timeout,card,medium,2,43,ICICI,0
11440.33,soft_decline,upi,bad,1,6,ICICI,0
27234.97,soft_decline,card,medium,3,34,None,0
34779.01,soft_decline,netbanking,bad,3,11,None,0
25806.83,timeout,upi,medium,3,43,HDFC,0
49515.23,soft_decline,upi,good,3,40,HDFC,1
30605.95,timeout,netbanking,good,2,53,SBI,1
18611.59,hard_decline,card,good,3,0,HDFC,1
38630.39,soft_decline,upi,good,1,24,SBI,1
8606.08,hard_decline,netbanking,bad,2,14,None,0
19287.34,soft_decline,upi,medium,2,2,SBI,1
17413.25,timeout,upi,bad,1,44,None,1
21647.17,timeout,card,medium,3,44,ICICI,0
39110.81,hard_decline,upi,medium,3,50,ICICI,0
24260.23,soft_decline,card,good,3,41,Axis,1
39721.32,timeout,netbanking,bad,1,38,None,1
28866.8,timeout,netbanking,medium,2,19,SBI,1
17169.26,timeout,netbanking,medium,3,17,HDFC,1
40517.94,timeout,upi,bad,1,38,ICICI,1
11990.65,soft_decline,card,medium,1,28,Axis,1
11296.71,timeout,card,bad,3,19,HDFC,0
25274.7,soft_decline,netbanking,bad,1,41,HDFC,0
13116.38,soft_decline,card,good,3,11,HDFC,1
553.44,timeout,card,good,3,55,ICICI,0
32450.05,duplicate,upi,bad,3,11,ICICI,0
25603.58,timeout,card,medium,2,52,HDFC,1
22331.34,soft_decline,upi,good,1,7,HDFC,1
48351.73,soft_decline,card,medium,2,57,ICICI,0
28602.84,hard_decline,upi,medium,3,23,SBI,0
43185.24,timeout,netbanking,bad,1,60,SBI,1
7058.57,soft_decline,card,bad,3,0,ICICI,0
28503.4,timeout,card,bad,1,69,None,1
43412.18,soft_decline,card,bad,3,44,SBI,0
29196.98,timeout,netbanking,good,1,8,Axis,0
35928.91,duplicate,card,bad,3,0,None,0
18664.97,hard_decline,card,good,3,23,None,1
4713.23,soft_decline,upi,good,2,59,None,0
22949.22,timeout,card,bad,2,47,SBI,0
19784.52,hard_decline,netbanking,medium,1,38,Axis,0
43366.3,timeout,netbanking,bad,1,17,ICICI,1
12275.37,timeout,upi,good,2,51,None,1
48340.04,soft_decline,upi,bad,3,1,ICICI,0
47911.09,timeout,card,good,3,35,None,1
12456.82,soft_decline,upi,good,1,47,SBI,1
17467.79,duplicate,upi,medium,1,34,ICICI,0
44788.23,soft_decline,card,medium,3,69,ICICI,1
48334.45,timeout,card,medium,2,71,Axis,0
22227.61,soft_decline,netbanking,bad,1,41,None,0
16117.75,soft_decline,card,medium,3,37,HDFC,1
26352.09,soft_decline,upi,good,1,25,None,1
34419.68,timeout,card,good,2,30,None,1
13746.38,hard_decline,card,medium,1,51,Axis,0
36850.01,timeout,netbanking,medium,3,59,HDFC,0
2677.7,soft_decline,card,medium,2,7,None,0
2559.8,timeout,upi,good,3,60,Axis,0
19375.76,timeout,card,bad,2,34,SBI,0
17738.31,soft_decline,card,good,3,33,None,1
15850.1,hard_decline,netbanking,medium,1,9,Axis,0
24601.89,hard_decline,upi,medium,2,39,ICICI,0
16104.61,soft_decline,netbanking,good,2,51,HDFC,0
9693.67,soft_decline,netbanking,bad,2,11,None,0
15542.53,timeout,netbanking,medium,1,26,ICICI,1
48747.72,soft_decline,netbanking,medium,2,18,ICICI,1
20614.56,timeout,card,medium,1,56,SBI,1
22291.17,duplicate,netbanking,bad,1,53,None,0
28869.59,hard_decline,card,medium,2,14,None,0
49168.7,timeout,card,medium,3,36,ICICI,1
12155.9,soft_decline,card,good,2,60,None,1
34095.98,timeout,card,good,3,17,Axis,1
35827.64,soft_decline,upi,good,3,43,None,0
30405.49,timeout,card,bad,2,20,None,0
4520.06,duplicate,card,medium,2,28,ICICI,0
33875.93,hard_decline,card,bad,3,14,Axis,0
3298.33,timeout,card,good,2,67,None,1
29847.52,hard_decline,upi,medium,2,63,Axis,0
37005.1,soft_decline,card,bad,1,13,SBI,0
10627.4,timeout,card,good,3,36,ICICI,1
42096.94,soft_decline,card,medium,1,53,HDFC,1
1614.65,timeout,card,bad,2,58,None,1
42206.26,soft_decline,upi,bad,2,58,Axis,0
23070.42,timeout,card,bad,1,54,ICICI,1
10957.64,soft_decline,card,bad,1,42,HDFC,1
6775.53,hard_decline,card,medium,2,51,None,0
47670.03,hard_decline,card,good,3,38,None,0
3726.01,hard_decline,netbanking,bad,1,18,SBI,0
10034.76,soft_decline,card,bad,3,55,None,0
17456.34,hard_decline,netbanking,medium,2,35,ICICI,1
31049.72,soft_decline,upi,good,3,51,None,0
27285.57,hard_decline,card,medium,3,43,ICICI,0
6369.61,soft_decline,netbanking,medium,2,45,ICICI,1
14557.43,hard_decline,upi,good,2,39,Axis,0
12013.71,soft_decline,upi,bad,2,52,HDFC,1
10755.79,duplicate,card,medium,3,56,ICICI,0
20616.1,hard_decline,upi,medium,1,18,HDFC,0
35231.17,soft_decline,card,medium,2,43,ICICI,1
10950.9,hard_decline,card,good,2,19,None,0
18397.28,timeout,netbanking,medium,1,43,None,1
19606.78,soft_decline,netbanking,medium,2,42,HDFC,0
48825.18,timeout,card,medium,2,6,ICICI,1
47737.85,hard_decline,upi,good,1,41,HDFC,0
40026.87,soft_decline,upi,medium,3,61,None,1
12158.78,timeout,card,medium,3,1,HDFC,0
3495.06,soft_decline,card,bad,3,45,None,0
15913.52,soft_decline,card,bad,2,37,HDFC,0
13413.05,timeout,upi,bad,1,0,ICICI,1
25345.7,timeout,netbanking,medium,3,46,ICICI,1
38908.62,timeout,card,medium,1,12,ICICI,1
42930.31,timeout,upi,good,3,59,Axis,1
42258.72,timeout,upi,bad,3,63,ICICI,1
18047.81,timeout,upi,medium,2,67,SBI,1
34392.99,soft_decline,card,bad,3,54,HDFC,0
15710.43,timeout,upi,medium,3,30,SBI,0
3139.19,timeout,netbanking,good,1,13,None,1
35108.11,soft_decline,card,good,2,4,ICICI,0
590.39,hard_decline,card,bad,2,53,None,0
20518.21,soft_decline,netbanking,good,3,52,HDFC,1
16536.03,timeout,card,good,2,36,None,0
34699.54,hard_decline,netbanking,bad,1,56,Axis,1
38335.65,duplicate,card,medium,2,2,SBI,0
15274.32,soft_decline,card,good,3,10,HDFC,0
40600.19,timeout,card,good,2,41,HDFC,0
14766.45,soft_decline,card,good,2,54,SBI,0
22371.69,timeout,card,medium,3,37,None,0
36378.22,timeout,upi,bad,2,23,None,1
34676.72,timeout,card,good,2,8,None,1
49369.69,timeout,netbanking,bad,3,12,ICICI,0
11335.54,timeout,upi,good,3,17,ICICI,1
33149.66,soft_decline,card,good,1,9,None,0
30523.13,soft_decline,card,bad,3,11,None,0
45763.41,timeout,upi,good,3,46,HDFC,1
7902.47,hard_decline,card,bad,2,9,ICICI,0
37614.73,soft_decline,card,bad,3,0,None,0
28456.6,hard_decline,netbanking,good,2,56,SBI,0
13805.83,hard_decline,card,medium,3,70,None,0
23774.3,soft_decline,card,medium,1,10,HDFC,1
16755.45,timeout,upi,bad,1,52,None,1
29007.74,hard_decline,upi,medium,2,3,ICICI,0
44461.13,soft_decline,card,medium,2,60,Axis,1
28508.32,soft_decline,netbanking,good,2,9,ICICI,0
31622.95,timeout,upi,medium,1,4,Axis,0
25985.52,duplicate,upi,good,1,60,None,0
2653.16,timeout,card,good,3,29,SBI,0
11719.64,soft_decline,netbanking,bad,3,56,None,0
24650.89,duplicate,card,good,2,32,HDFC,0
15580.74,timeout,upi,good,1,36,Axis,1
9170.0,timeout,card,medium,3,67,None,0
25256.23,timeout,upi,bad,1,22,None,1
16208.21,soft_decline,card,good,1,69,Axis,1
12979.57,hard_decline,card,good,2,6,None,0
23252.87,soft_decline,netbanking,good,1,18,HDFC,1
6750.88,soft_decline,card,good,2,14,SBI,1
46394.51,timeout,card,medium,3,31,None,1
43398.33,timeout,upi,medium,1,58,None,0
35410.27,timeout,upi,medium,2,69,Axis,1
5400.07,hard_decline,card,medium,1,69,HDFC,0
38816.27,soft_decline,card,bad,1,5,HDFC,0
40417.07,soft_decline,netbanking,medium,3,65,None,1
38411.45,soft_decline,upi,bad,2,3,None,1
5786.9,hard_decline,card,medium,1,69,ICICI,0
32231.01,timeout,netbanking,bad,1,56,None,1
41732.81,soft_decline,upi,medium,3,60,HDFC,1
28909.93,duplicate,card,medium,1,55,ICICI,0
32355.73,soft_decline,card,bad,2,13,Axis,0
22972.34,timeout,card,good,2,6,HDFC,1
26482.5,hard_decline,netbanking,medium,2,53,None,1
1815.41,soft_decline,card,bad,1,57,ICICI,0
31984.25,timeout,card,bad,1,60,ICICI,1
4164.22,timeout,netbanking,medium,2,71,SBI,0
21807.23,hard_decline,card,medium,1,27,None,0
14703.49,hard_decline,upi,good,3,54,HDFC,0
27316.85,soft_decline,card,bad,2,52,Axis,0
6757.48,timeout,upi,medium,3,43,HDFC,1
34613.01,duplicate,card,bad,3,27,HDFC,0
39771.08,soft_decline,card,good,1,45,HDFC,0
8251.39,soft_decline,upi,good,1,48,SBI,1
5305.22,duplicate,upi,medium,2,66,SBI,0
7361.22,soft_decline,upi,medium,1,26,ICICI,0
43868.67,timeout,upi,medium,3,38,SBI,1
26456.64,hard_decline,upi,good,1,26,SBI,0
23416.32,hard_decline,upi,good,2,34,SBI,1
5424.92,hard_decline,upi,good,1,46,HDFC,0
32512.84,soft_decline,upi,good,3,51,None,0
43413.18,soft_decline,upi,good,3,68,Axis,0
41426.47,timeout,upi,bad,2,65,HDFC,1
31340.13,timeout,card,medium,2,40,ICICI,1
3856.41,timeout,card,medium,1,49,None,1
5708.61,timeout,card,bad,1,44,None,1
2560.52,soft_decline,netbanking,medium,2,19,None,1
12948.21,soft_decline,upi,bad,3,70,None,0
6869.51,timeout,upi,good,1,35,Axis,0
13076.4,hard_decline,card,medium,2,71,ICICI,0
19314.4,soft_decline,card,medium,2,69,ICICI,1
47154.84,soft_decline,netbanking,medium,3,23,SBI,1
30557.77,soft_decline,netbanking,medium,2,35,ICICI,1
41765.19,soft_decline,card,good,1,4,None,1
35546.54,timeout,upi,bad,1,19,None,1
5713.91,duplicate,card,medium,2,52,None,0
36822.43,timeout,card,good,2,39,SBI,0
13827.43,duplicate,upi,medium,3,49,None,0
31991.48,duplicate,upi,bad,3,66,None,0
17114.0,hard_decline,upi,good,2,34,None,0
49883.85,soft_decline,card,good,1,63,Axis,1
13251.22,timeout,card,bad,3,36,ICICI,1
14028.61,soft_decline,card,bad,2,44,ICICI,0
46540.55,soft_decline,card,good,3,37,ICICI,0
1329.76,soft_decline,upi,bad,3,26,Axis,0
34864.78,hard_decline,card,medium,3,64,None,0
36293.79,soft_decline,card,bad,3,2,SBI,0
41835.29,soft_decline,card,medium,3,58,Axis,0
48724.52,hard_decline,upi,bad,3,29,None,0
48782.54,timeout,upi,bad,1,15,None,1
3357.31,hard_decline,upi,good,3,28,Axis,0
41109.78,timeout,card,good,2,69,Axis,1
32350.87,soft_decline,card,medium,2,23,None,0
32402.37,soft_decline,card,good,3,6,None,0
6504.66,hard_decline,card,medium,3,48,None,1
32544.34,hard_decline,card,bad,2,62,None,0
49125.88,timeout,card,good,3,45,None,1
45599.75,timeout,upi,medium,2,47,SBI,0
22012.62,timeout,netbanking,medium,2,24,None,1
2093.4,duplicate,card,medium,1,42,None,0
18178.45,soft_decline,netbanking,good,1,54,SBI,1
41336.88,soft_decline,card,good,2,33,None,1
35104.81,hard_decline,upi,bad,3,64,ICICI,0
23021.25,soft_decline,upi,bad,2,27,ICICI,0
2849.57,soft_decline,netbanking,bad,2,40,Axis,0
21402.05,soft_decline,card,bad,3,28,HDFC,0
23504.34,soft_decline,card,medium,1,31,HDFC,1
46434.92,soft_decline,card,bad,2,68,None,0
32090.2,soft_decline,card,medium,1,33,ICICI,0
15651.48,timeout,netbanking,good,3,58,HDFC,1
26313.38,timeout,upi,medium,1,60,SBI,1
3396.16,timeout,upi,good,3,51,None,0
48631.15,timeout,upi,medium,3,62,ICICI,0
18066.99,soft_decline,netbanking,good,1,25,SBI,1
23945.58,soft_decline,card,medium,2,11,HDFC,1
17828.67,soft_decline,card,medium,2,21,ICICI,1
34157.34,timeout,netbanking,bad,3,55,None,1
33145.38,timeout,card,medium,1,5,None,1
35794.58,soft_decline,card,bad,1,35,None,1
13480.35,soft_decline,card,good,1,58,None,1
15851.86,duplicate,upi,medium,1,58,Axis,0
6350.04,hard_decline,upi,medium,3,67,HDFC,0
32809.95,timeout,card,bad,1,51,HDFC,1
2085.88,soft_decline,upi,medium,1,67,SBI,0
29924.35,soft_decline,upi,medium,2,50,Axis,0
43497.82,timeout,netbanking,good,3,67,None,0
44552.52,timeout,upi,good,1,25,SBI,1
22506.98,timeout,upi,medium,1,40,None,1
23019.25,hard_decline,upi,bad,3,4,None,0
3940.76,hard_decline,card,good,3,52,None,0
33571.17,timeout,card,good,2,37,ICICI,1
41080.85,soft_decline,card,good,3,52,None,1
12308.29,soft_decline,card,good,1,55,SBI,1
21122.91,timeout,card,bad,2,18,HDFC,0
41958.08,soft_decline,card,bad,1,64,HDFC,0
43868.31,hard_decline,card,medium,3,68,HDFC,0
12234.68,timeout,card,good,3,52,ICICI,0
27573.47,duplicate,card,bad,3,18,Axis,0
9705.41,hard_decline,upi,good,2,65,None,0
5183.75,hard_decline,netbanking,medium,1,47,ICICI,0
45564.91,timeout,upi,bad,1,65,SBI,1
41043.32,timeout,card,medium,2,17,SBI,1
38025.74,timeout,card,good,3,38,HDFC,1
2533.44,hard_decline,card,good,1,50,None,0
42202.07,soft_decline,card,bad,3,22,SBI,0
21958.4,timeout,upi,good,3,32,None,0
17185.52,timeout,card,medium,1,59,None,1
27369.17,timeout,upi,bad,3,58,ICICI,1
4658.53,soft_decline,upi,bad,1,25,ICICI,0
37856.66,hard_decline,card,medium,1,16,SBI,0
29163.51,hard_decline,upi,good,2,52,HDFC,0
9410.85,duplicate,card,medium,1,42,ICICI,0
9492.79,timeout,card,good,2,47,None,1
9294.01,hard_decline,upi,good,3,19,HDFC,0
2944.42,soft_decline,netbanking,bad,2,34,SBI,0
29431.14,hard_decline,netbanking,good,3,32,ICICI,0
42033.37,soft_decline,netbanking,good,2,1,ICICI,1
973.16,timeout,card,medium,3,33,None,1
2545.33,timeout,card,medium,1,31,None,1
28681.24,hard_decline,card,bad,2,20,ICICI,0
40992.83,hard_decline,card,bad,1,4,None,0
16404.27,timeout,card,medium,1,27,HDFC,1
17545.76,soft_decline,upi,medium,3,47,ICICI,0
29857.69,soft_decline,upi,medium,3,68,HDFC,1
13783.22,duplicate,netbanking,good,3,69,SBI,0
1427.76,timeout,netbanking,medium,3,39,Axis,1
36787.9,timeout,card,medium,2,5,HDFC,1
31319.93,soft_decline,netbanking,good,1,13,ICICI,0
29079.72,soft_decline,card,good,3,66,ICICI,1
37110.04,soft_decline,card,medium,1,10,Axis,0
33794.02,soft_decline,upi,medium,2,38,ICICI,1
10373.51,timeout,card,medium,3,40,Axis,0
17688.8,soft_decline,netbanking,bad,2,23,ICICI,0
6392.9,timeout,upi,medium,2,42,ICICI,1
6579.86,soft_decline,netbanking,bad,1,25,None,0
33842.17,soft_decline,netbanking,medium,1,28,ICICI,0
42944.15,duplicate,upi,medium,2,1,None,0
48140.36,soft_decline,card,good,2,29,ICICI,1
31454.52,soft_decline,card,medium,3,56,SBI,0
9286.66,soft_decline,card,bad,1,58,HDFC,0
5371.95,soft_decline,card,medium,2,18,Axis,0
40661.26,hard_decline,netbanking,good,2,53,None,0
28979.95,soft_decline,card,medium,1,69,None,0
30952.42,timeout,netbanking,good,2,22,None,1
39094.96,timeout,upi,medium,3,32,ICICI,0
35193.53,hard_decline,card,medium,2,65,Axis,0
41739.47,soft_decline,card,medium,2,10,Axis,1
2905.07,timeout,card,bad,1,17,HDFC,1
37401.28,soft_decline,card,medium,1,64,HDFC,1
42557.55,timeout,upi,medium,3,31,ICICI,0
14378.14,timeout,card,medium,2,3,None,1
32058.32,soft_decline,upi,bad,3,35,ICICI,0
15776.69,timeout,card,bad,2,56,None,1
47902.76,duplicate,upi,good,2,32,Axis,0
1767.84,timeout,netbanking,medium,1,13,SBI,0
29031.66,soft_decline,card,medium,3,47,SBI,1
8408.53,hard_decline,card,good,2,36,ICICI,0
35639.79,duplicate,upi,good,2,4,None,0
8876.93,soft_decline,netbanking,good,1,49,HDFC,1
11845.62,timeout,card,bad,1,60,None,1
24769.1,soft_decline,card,medium,1,68,Axis,1
45750.26,soft_decline,card,medium,3,37,None,1
10664.55,timeout,card,medium,3,45,None,1
7297.58,timeout,card,bad,2,14,HDFC,1
37972.94,timeout,card,medium,3,36,Axis,1
25080.91,duplicate,upi,medium,1,26,None,0
45598.08,soft_decline,card,good,1,0,None,1
7416.07,soft_decline,card,medium,3,28,None,1
32331.8,duplicate,card,medium,2,71,None,0
11720.67,soft_decline,netbanking,medium,2,6,None,1
7922.35,timeout,card,medium,2,28,None,0
34203.13,hard_decline,netbanking,medium,2,30,None,0
29724.86,soft_decline,upi,medium,1,37,SBI,1
37765.89,soft_decline,card,medium,3,7,None,0
15542.18,hard_decline,card,good,1,36,HDFC,0
22453.79,timeout,upi,medium,2,58,ICICI,1
20333.04,timeout,upi,bad,2,53,None,1
49206.06,timeout,upi,bad,1,57,None,1
14683.22,hard_decline,upi,bad,2,25,HDFC,0
14811.38,soft_decline,upi,good,1,47,Axis,0
17791.96,soft_decline,card,good,1,10,None,1
28273.24,hard_decline,netbanking,medium,1,22,SBI,1
12690.9,soft_decline,upi,good,1,33,ICICI,0
45772.97,soft_decline,card,good,2,32,HDFC,0
13357.71,hard_decline,upi,medium,2,1,None,0
44801.21,hard_decline,upi,good,2,60,ICICI,0
5263.41,soft_decline,card,good,3,3,ICICI,1
32862.48,hard_decline,card,bad,1,11,Axis,0
45358.58,hard_decline,card,good,3,28,SBI,0
8520.6,soft_decline,card,good,1,41,SBI,0
48419.52,duplicate,card,good,1,56,HDFC,0
22698.88,soft_decline,card,bad,2,49,None,0
47291.18,timeout,card,bad,1,65,ICICI,1
33873.32,soft_decline,card,good,3,6,HDFC,0
15149.18,timeout,netbanking,good,2,56,Axis,0
9496.3,soft_decline,card,bad,2,45,None,0
15256.38,timeout,card,good,1,21,HDFC,1
4741.57,soft_decline,card,bad,2,10,ICICI,0
7279.01,timeout,upi,medium,3,32,HDFC,1
5322.56,hard_decline,card,good,1,53,None,1
21204.88,soft_decline,card,bad,3,19,HDFC,0
39799.36,timeout,card,medium,2,4,ICICI,1
7155.04,soft_decline,netbanking,good,3,67,None,0
6602.99,duplicate,upi,medium,3,13,None,0
32207.1,soft_decline,card,bad,2,2,ICICI,0
9939.43,hard_decline,card,good,1,57,None,0
4970.74,timeout,card,medium,1,26,SBI,1
8425.74,soft_decline,card,good,2,3,ICICI,1
46194.2,soft_decline,upi,bad,1,66,SBI,0
41091.42,timeout,card,medium,3,63,None,1
17767.82,timeout,upi,good,2,41,HDFC,0
32825.46,duplicate,card,medium,2,28,SBI,0
26910.06,soft_decline,upi,bad,1,34,HDFC,0
33888.5,hard_decline,card,bad,1,18,None,1
34165.29,soft_decline,card,medium,2,68,None,0
31473.83,soft_decline,upi,bad,2,30,Axis,0
13378.46,timeout,card,medium,2,42,None,1
2046.42,soft_decline,upi,good,2,20,ICICI,0
22832.78,hard_decline,netbanking,bad,3,64,HDFC,0
44559.6,hard_decline,card,medium,3,33,None,0
28517.91,timeout,netbanking,medium,2,60,SBI,1
41636.31,duplicate,card,bad,2,35,SBI,0
49582.05,timeout,card,medium,2,40,HDFC,1
8264.45,hard_decline,upi,good,3,33,Axis,0
34619.7,timeout,upi,bad,1,24,Axis,1
33747.25,timeout,card,good,3,56,SBI,0
48999.78,soft_decline,upi,medium,2,64,None,1
49281.48,soft_decline,netbanking,good,2,21,None,0
34365.26,soft_decline,card,good,2,59,HDFC,1
12256.38,hard_decline,netbanking,medium,2,53,SBI,0
39947.94,timeout,upi,medium,3,21,None,1
5440.75,soft_decline,netbanking,medium,1,60,HDFC,0
39056.9,soft_decline,card,bad,2,65,Axis,0
45518.79,duplicate,upi,medium,2,44,ICICI,0
19203.39,timeout,card,medium,2,71,ICICI,1
31568.7,timeout,netbanking,bad,1,68,HDFC,1
21564.12,soft_decline,upi,bad,3,63,Axis,0
21944.48,soft_decline,card,medium,1,9,None,0
15587.51,soft_decline,card,medium,3,66,None,0
38130.27,soft_decline,netbanking,medium,2,10,None,1
46815.21,soft_decline,upi,medium,1,27,None,1
47043.47,hard_decline,card,medium,1,4,ICICI,0
8821.59,soft_decline,card,medium,2,11,ICICI,0
43749.71,soft_decline,netbanking,good,1,43,None,0
36897.83,soft_decline,card,bad,2,28,None,0
12716.59,timeout,card,bad,2,35,HDFC,0
3457.5,timeout,netbanking,good,3,34,HDFC,1
13473.06,hard_decline,card,good,3,7,SBI,0
45619.19,soft_decline,card,bad,2,15,Axis,0
31695.62,soft_decline,card,bad,2,42,None,0
36080.63,soft_decline,netbanking,bad,1,68,HDFC,0
12931.9,soft_decline,card,good,2,15,None,0
35997.47,timeout,upi,good,2,55,Axis,0
1503.26,duplicate,netbanking,bad,1,40,HDFC,0
18828.54,timeout,card,good,2,7,None,1
31374.99,duplicate,netbanking,bad,2,53,None,0
7390.22,timeout,card,good,3,4,ICICI,0
41167.88,soft_decline,upi,bad,2,8,HDFC,0
11828.06,duplicate,card,good,2,65,None,0
32648.83,soft_decline,upi,medium,1,70,HDFC,0
20319.34,timeout,card,medium,3,29,None,1
29842.58,soft_decline,card,bad,3,64,ICICI,0
5461.78,soft_decline,netbanking,good,2,29,SBI,1
943.95,timeout,card,good,3,46,ICICI,1
45487.26,hard_decline,netbanking,good,3,30,HDFC,0
13554.54,soft_decline,card,bad,3,59,ICICI,1
41001.88,soft_decline,card,medium,1,8,SBI,0
49967.58,soft_decline,netbanking,medium,1,53,HDFC,0
10650.42,duplicate,card,good,3,60,None,0
13332.02,timeout,netbanking,medium,3,63,None,0
33176.7,hard_decline,card,medium,2,5,None,0
48275.89,soft_decline,card,medium,3,44,Axis,0
45799.14,timeout,upi,bad,1,64,SBI,1
25193.49,soft_decline,card,good,2,36,None,1
39776.0,soft_decline,card,medium,1,16,None,1
6873.72,soft_decline,upi,bad,1,24,ICICI,0
48874.17,timeout,card,bad,1,49,SBI,0
48221.23,soft_decline,card,bad,1,70,ICICI,0
8270.07,soft_decline,netbanking,good,1,30,ICICI,1
15041.21,hard_decline,netbanking,medium,2,31,ICICI,0
5097.73,soft_decline,card,good,1,47,None,1
13658.71,hard_decline,upi,good,3,16,ICICI,0
40816.19,hard_decline,upi,medium,2,60,SBI,0
18977.95,hard_decline,upi,bad,3,56,Axis,0
4511.01,soft_decline,card,good,2,56,None,1
17177.05,soft_decline,netbanking,good,3,69,HDFC,0
49071.03,timeout,card,medium,1,32,SBI,1
31521.21,timeout,upi,good,3,18,ICICI,1
20866.43,soft_decline,netbanking,medium,1,14,None,1
8410.27,soft_decline,upi,good,2,34,HDFC,1
49310.22,soft_decline,netbanking,good,1,48,ICICI,0
41060.37,timeout,card,medium,3,35,ICICI,1
14145.72,timeout,card,bad,1,53,HDFC,1
3596.43,soft_decline,netbanking,medium,1,35,ICICI,1
2925.62,timeout,card,bad,2,52,None,1
6106.87,timeout,upi,good,1,59,ICICI,1
29080.35,duplicate,card,bad,2,43,None,0
46445.29,soft_decline,upi,medium,3,32,SBI,1
24887.5,soft_decline,upi,bad,2,43,ICICI,0
42162.98,soft_decline,card,medium,3,54,ICICI,0
22349.74,timeout,card,good,3,43,HDFC,0
35458.32,timeout,upi,good,1,50,ICICI,1
36620.45,hard_decline,card,medium,2,50,None,0
8780.79,soft_decline,upi,good,3,6,None,0
18124.68,soft_decline,upi,bad,1,0,ICICI,0
31901.38,soft_decline,card,good,1,12,Axis,1
3627.76,hard_decline,upi,medium,3,47,HDFC,0
18140.86,soft_decline,card,good,1,46,HDFC,1
26786.49,soft_decline,card,good,2,46,None,1
49811.6,timeout,card,medium,3,9,None,1
23779.22,soft_decline,upi,medium,3,25,HDFC,0
40821.23,hard_decline,netbanking,bad,1,49,None,0
21660.16,soft_decline,card,good,3,46,HDFC,1
39839.9,timeout,card,bad,3,43,None,1
29811.2,hard_decline,card,medium,3,0,None,0
44341.11,duplicate,upi,bad,2,62,HDFC,0
20606.03,hard_decline,card,good,2,16,HDFC,0
30254.79,duplicate,upi,bad,2,16,None,0
31537.93,timeout,card,medium,2,38,ICICI,1
20927.41,hard_decline,netbanking,medium,1,42,SBI,0
7301.17,duplicate,upi,good,3,40,ICICI,0
4768.61,soft_decline,netbanking,medium,2,14,None,1
931.91,soft_decline,card,good,1,0,ICICI,0
43689.36,soft_decline,upi,medium,2,57,SBI,0
11900.1,hard_decline,upi,medium,1,53,None,0
10654.19,timeout,upi,bad,2,4,None,1
36828.17,timeout,card,bad,2,61,ICICI,0
16068.8,soft_decline,netbanking,good,3,70,HDFC,1
25351.63,hard_decline,card,medium,2,45,None,0
8209.3,soft_decline,card,medium,2,64,HDFC,1
47991.31,timeout,card,bad,1,27,None,1
42593.91,soft_decline,upi,bad,3,40,Axis,0
43203.1,duplicate,upi,bad,3,22,Axis,0
20398.01,soft_decline,card,bad,1,31,None,1
38141.82,soft_decline,card,bad,2,57,ICICI,1
7279.42,timeout,upi,bad,1,38,HDFC,0
530.09,hard_decline,card,medium,2,32,None,0
1096.65,soft_decline,netbanking,bad,2,57,SBI,0
29371.43,hard_decline,netbanking,bad,3,31,SBI,1
22824.21,soft_decline,card,good,2,49,HDFC,1
25948.97,duplicate,card,good,3,50,None,0
472.41,hard_decline,netbanking,good,3,18,None,1
21192.06,soft_decline,card,bad,1,2,HDFC,0
35931.6,hard_decline,card,medium,2,16,ICICI,0
22190.42,soft_decline,card,good,1,42,HDFC,1
36637.74,timeout,card,bad,1,28,None,1
11727.65,duplicate,netbanking,good,1,43,ICICI,0
40675.79,timeout,upi,bad,1,51,None,1
29462.72,soft_decline,netbanking,bad,3,27,Axis,0
10617.08,soft_decline,card,bad,3,33,SBI,1
11912.35,soft_decline,card,good,3,53,HDFC,1
31438.72,timeout,netbanking,bad,3,1,HDFC,1
41513.99,hard_decline,netbanking,medium,2,16,HDFC,1
20839.83,hard_decline,upi,medium,3,17,HDFC,0
12989.19,duplicate,card,medium,2,27,ICICI,0
43363.88,soft_decline,upi,medium,1,27,HDFC,1
33496.49,soft_decline,card,bad,2,51,Axis,0
22459.47,soft_decline,upi,medium,3,15,ICICI,0
24446.22,soft_decline,upi,bad,3,32,None,0
10292.4,soft_decline,upi,good,3,4,HDFC,0
31377.45,hard_decline,upi,medium,1,44,ICICI,0
18001.25,soft_decline,upi,medium,1,36,None,1
49782.69,soft_decline,card,medium,3,51,Axis,1
24061.16,timeout,card,bad,1,63,HDFC,1
24345.69,soft_decline,upi,bad,2,61,None,0
28336.0,timeout,card,medium,2,4,None,1
45846.12,soft_decline,card,bad,2,10,Axis,0
40060.82,hard_decline,card,medium,2,2,ICICI,0
22611.39,duplicate,card,good,3,50,HDFC,0
35963.09,soft_decline,netbanking,medium,3,59,ICICI,1
29353.15,hard_decline,card,medium,2,65,ICICI,0
24669.12,timeout,upi,bad,2,56,HDFC,1
9696.56,hard_decline,upi,good,3,16,None,0
23250.42,soft_decline,card,medium,1,2,SBI,1
12366.35,soft_decline,netbanking,good,2,2,None,1
45750.62,timeout,card,good,1,39,HDFC,0
16836.8,timeout,netbanking,medium,3,62,ICICI,0
47617.97,soft_decline,card,good,2,50,ICICI,1
26699.46,soft_decline,card,bad,2,0,None,0
31614.06,soft_decline,card,medium,1,50,SBI,1
27192.73,soft_decline,card,good,1,3,HDFC,1
6556.09,soft_decline,netbanking,medium,1,3,ICICI,1
18853.48,soft_decline,card,good,1,46,None,1
5047.39,soft_decline,upi,bad,2,38,Axis,0
31185.41,soft_decline,card,good,3,48,HDFC,0
22399.02,duplicate,netbanking,good,1,56,HDFC,0
38921.45,soft_decline,upi,medium,1,38,ICICI,0
11101.48,soft_decline,card,bad,3,67,Axis,1
8311.85,soft_decline,card,bad,2,16,ICICI,0
20375.98,duplicate,upi,good,3,14,None,0
46336.61,timeout,card,good,3,27,Axis,1
35550.05,timeout,card,medium,1,15,ICICI,1
21004.29,soft_decline,upi,bad,3,5,ICICI,0
25911.88,timeout,netbanking,medium,3,31,ICICI,0
4302.23,hard_decline,netbanking,medium,2,24,ICICI,0
49230.34,soft_decline,upi,good,1,38,Axis,1
33353.72,hard_decline,upi,good,1,16,ICICI,0
14341.66,timeout,netbanking,medium,1,45,ICICI,1
29331.84,timeout,upi,good,2,52,HDFC,1
5563.17,timeout,card,good,2,50,ICICI,1
48295.25,duplicate,netbanking,good,2,17,HDFC,0
8821.77,soft_decline,card,medium,2,19,HDFC,1
32436.71,hard_decline,card,good,1,4,Axis,0
12348.18,soft_decline,upi,medium,1,61,HDFC,0
35906.31,timeout,card,bad,3,11,HDFC,0
38863.39,soft_decline,card,good,2,29,HDFC,1
33703.64,timeout,card,medium,3,15,HDFC,1
30763.52,soft_decline,upi,bad,2,1,None,0
44634.21,soft_decline,netbanking,medium,3,2,HDFC,0
4023.47,soft_decline,card,good,1,7,None,1
16612.65,soft_decline,card,good,1,36,Axis,1
12489.55,timeout,card,medium,2,52,SBI,1
49401.9,soft_decline,upi,medium,1,54,None,0
19530.55,hard_decline,upi,good,2,48,None,0
36657.37,soft_decline,card,bad,3,58,SBI,0
34267.79,soft_decline,card,bad,2,59,HDFC,0
10682.85,soft_decline,upi,good,3,45,None,1
12025.98,soft_decline,upi,bad,3,62,HDFC,0
14136.1,timeout,card,good,2,31,ICICI,1
20615.25,hard_decline,card,medium,1,65,SBI,0
11792.82,soft_decline,card,good,3,3,HDFC,1
1080.61,hard_decline,netbanking,medium,1,28,Axis,0
43981.71,soft_decline,netbanking,good,3,48,ICICI,0
48283.93,soft_decline,upi,medium,3,22,ICICI,0
17144.36,hard_decline,netbanking,good,3,2,Axis,0
16991.49,soft_decline,upi,bad,3,53,ICICI,1
453.88,timeout,netbanking,good,2,20,ICICI,1
34044.51,hard_decline,card,good,3,43,HDFC,0
41289.45,timeout,card,good,1,19,None,0
7415.75,duplicate,upi,good,1,56,None,0
8067.35,soft_decline,upi,bad,2,68,HDFC,0
39525.15,soft_decline,card,bad,3,70,ICICI,0
30852.91,soft_decline,card,bad,2,51,None,0
2338.54,soft_decline,card,bad,1,16,None,0
31165.09,timeout,card,good,3,65,Axis,1
15514.99,timeout,card,good,1,11,None,1
18499.39,hard_decline,upi,medium,2,57,None,0
38509.6,hard_decline,netbanking,bad,2,4,ICICI,0
40565.67,soft_decline,upi,medium,1,71,HDFC,0
20077.8,hard_decline,netbanking,medium,3,55,None,0
47362.93,timeout,netbanking,good,3,45,HDFC,0
20382.49,hard_decline,card,good,1,71,ICICI,0
38614.62,soft_decline,card,medium,1,17,ICICI,1
24245.48,timeout,card,bad,3,43,ICICI,1
44886.86,soft_decline,netbanking,good,1,42,SBI,1
45397.29,hard_decline,card,bad,2,21,SBI,0
4462.1,hard_decline,upi,bad,3,59,SBI,0
46831.02,soft_decline,card,bad,3,62,HDFC,1
41294.19,timeout,netbanking,bad,2,23,Axis,1
39586.4,timeout,card,good,1,64,None,0
10125.48,soft_decline,netbanking,bad,3,28,SBI,0
40275.45,duplicate,card,medium,3,0,None,0
42521.62,hard_decline,card,bad,3,0,SBI,1
14528.6,timeout,upi,good,1,20,Axis,1
47617.78,timeout,netbanking,medium,3,27,HDFC,0
2588.02,hard_decline,upi,good,1,17,HDFC,1
7580.47,timeout,netbanking,good,2,51,None,1
26925.3,soft_decline,upi,bad,1,65,ICICI,0
28832.04,soft_decline,upi,bad,1,61,HDFC,1
32292.99,timeout,card,medium,2,18,Axis,1
946.76,timeout,card,medium,1,1,HDFC,0
48022.3,timeout,card,bad,2,69,Axis,0
2324.95,timeout,netbanking,medium,3,54,Axis,1
7238.79,hard_decline,netbanking,bad,2,56,SBI,0
799.32,soft_decline,upi,medium,2,10,Axis,1
28386.24,duplicate,card,medium,3,15,None,0
46620.12,soft_decline,card,bad,3,61,HDFC,0
33330.76,timeout,netbanking,medium,1,26,Axis,0
41150.61,hard_decline,card,medium,1,21,Axis,0
762.73,timeout,netbanking,bad,1,2,HDFC,1
27146.56,soft_decline,card,bad,3,2,None,0
23032.19,duplicate,card,bad,3,20,None,0
24998.5,hard_decline,netbanking,medium,3,42,HDFC,0
3703.44,duplicate,card,medium,1,69,ICICI,0
34253.32,soft_decline,card,good,3,36,None,0
25210.7,hard_decline,netbanking,good,3,55,HDFC,0
38280.93,timeout,upi,bad,2,38,ICICI,1
24316.0,timeout,upi,good,2,19,Axis,1
7554.14,duplicate,upi,medium,3,64,None,0
32448.02,soft_decline,card,bad,1,34,ICICI,0
8702.08,soft_decline,card,bad,2,42,None,0
43632.49,hard_decline,card,good,3,20,ICICI,0
30694.5,soft_decline,card,medium,2,9,ICICI,0
7944.47,duplicate,card,bad,2,44,None,0
48120.67,soft_decline,upi,medium,1,2,None,1
25966.44,hard_decline,card,bad,3,42,ICICI,0
3737.63,soft_decline,upi,bad,3,51,HDFC,0
31378.96,hard_decline,card,medium,1,40,HDFC,0
12734.63,soft_decline,card,medium,1,40,SBI,1
40204.3,soft_decline,card,medium,1,8,ICICI,0
40909.32,soft_decline,netbanking,medium,3,45,ICICI,1
48949.47,soft_decline,card,medium,2,15,SBI,1
25143.29,duplicate,upi,bad,3,46,None,0
22802.35,soft_decline,upi,bad,3,27,HDFC,1
37698.43,hard_decline,card,good,1,27,SBI,0
6710.29,duplicate,upi,bad,1,10,HDFC,0
27391.08,timeout,netbanking,medium,1,28,Axis,0
27357.76,duplicate,upi,bad,3,55,HDFC,0
4564.71,duplicate,card,good,1,71,None,0
20957.41,hard_decline,upi,good,1,56,None,1
42678.91,timeout,upi,medium,2,52,None,1
42822.07,soft_decline,card,medium,2,58,HDFC,1
5051.96,hard_decline,card,good,1,34,None,0
4626.97,timeout,card,bad,2,51,SBI,0
13208.5,hard_decline,card,medium,3,35,Axis,0
43750.83,timeout,card,bad,2,57,HDFC,1
6532.24,timeout,card,medium,1,1,ICICI,1
36027.84,soft_decline,card,good,3,27,ICICI,1
5148.16,timeout,netbanking,medium,3,69,SBI,0
31194.58,hard_decline,upi,bad,2,62,HDFC,1
17867.76,soft_decline,netbanking,medium,1,51,Axis,1
39466.81,timeout,upi,good,1,59,Axis,1
11761.15,hard_decline,card,bad,2,35,ICICI,1
31996.17,timeout,card,good,2,61,None,1
11860.56,hard_decline,netbanking,medium,2,42,HDFC,0
35711.65,soft_decline,card,medium,1,38,ICICI,0
43696.53,timeout,card,medium,2,4,ICICI,1
6427.41,hard_decline,card,good,2,49,Axis,0
43343.12,soft_decline,card,bad,2,15,None,0
29719.41,soft_decline,card,bad,1,51,Axis,0
6442.81,timeout,card,medium,3,68,HDFC,1
21434.34,soft_decline,card,good,1,70,None,0
8126.93,timeout,upi,good,1,2,ICICI,1
35047.36,soft_decline,card,good,3,9,HDFC,1
37967.52,timeout,upi,medium,1,50,SBI,1
5379.25,duplicate,upi,medium,3,68,None,0
25356.38,soft_decline,upi,good,3,31,HDFC,0
40749.79,hard_decline,card,medium,3,4,Axis,0
46814.54,timeout,upi,bad,3,42,ICICI,1
25724.54,timeout,card,bad,1,11,Axis,1
47518.93,hard_decline,card,medium,3,30,ICICI,0
26830.88,timeout,upi,bad,2,21,None,1
19770.11,timeout,card,medium,3,58,HDFC,0
42425.34,timeout,card,medium,3,51,HDFC,1
24699.84,timeout,card,bad,1,46,HDFC,0
23647.94,soft_decline,card,bad,2,48,None,0
24566.59,duplicate,card,medium,3,55,HDFC,0
42354.57,hard_decline,netbanking,medium,2,30,ICICI,0
41613.88,soft_decline,card,bad,3,58,ICICI,0
20235.65,soft_decline,card,medium,1,69,ICICI,1
16731.66,soft_decline,upi,medium,2,42,None,1
24647.21,soft_decline,upi,bad,2,4,None,0
28681.35,soft_decline,netbanking,good,1,3,None,1
11993.03,soft_decline,netbanking,medium,1,14,None,1
39718.36,timeout,upi,bad,1,1,SBI,1
24375.49,soft_decline,netbanking,medium,1,48,None,0
16768.87,soft_decline,card,good,2,55,None,1
5430.37,soft_decline,upi,medium,1,7,ICICI,1
12018.37,soft_decline,netbanking,good,2,15,ICICI,1
47469.13,soft_decline,upi,medium,3,63,SBI,1
15324.47,hard_decline,netbanking,good,3,23,None,0
8526.08,duplicate,card,medium,1,54,HDFC,0
23087.57,timeout,card,medium,1,53,None,1
15423.68,timeout,netbanking,medium,2,68,HDFC,0
1854.45,soft_decline,card,medium,2,59,SBI,0
16224.95,soft_decline,upi,good,3,30,ICICI,1
27251.02,soft_decline,card,medium,2,19,SBI,0
27630.45,timeout,upi,medium,1,53,None,1
17892.29,soft_decline,netbanking,good,3,8,Axis,0
22420.41,hard_decline,card,bad,3,33,ICICI,0
48279.34,soft_decline,card,bad,1,64,Axis,1
18929.69,soft_decline,card,good,2,15,SBI,0
12985.52,duplicate,netbanking,good,1,69,None,0
12249.01,timeout,upi,good,2,5,ICICI,1
22942.45,timeout,card,medium,3,34,Axis,1
38000.06,hard_decline,card,good,1,2,None,0
10378.81,timeout,netbanking,good,3,20,None,1
35493.88,timeout,netbanking,medium,3,6,None,0
1155.38,duplicate,card,bad,1,29,None,0
21004.76,soft_decline,card,medium,3,21,SBI,0
38815.67,hard_decline,upi,bad,2,13,None,0
17002.77,timeout,upi,good,1,54,HDFC,1
28230.48,soft_decline,netbanking,good,2,66,Axis,0
10328.46,timeout,card,good,2,4,HDFC,1
37125.57,duplicate,upi,bad,2,68,ICICI,0
2708.73,hard_decline,upi,medium,1,58,Axis,0
42641.88,soft_decline,netbanking,medium,2,8,HDFC,1
9990.0,hard_decline,card,medium,1,47,ICICI,0
43732.46,timeout,card,bad,2,36,HDFC,1
17691.21,timeout,card,medium,1,67,None,1
36161.91,soft_decline,netbanking,medium,2,19,SBI,1
16029.34,hard_decline,card,bad,3,49,None,0
45304.99,soft_decline,card,medium,2,23,ICICI,1
6419.19,timeout,upi,medium,3,70,SBI,1
9008.14,soft_decline,card,medium,3,48,SBI,0
24702.2,hard_decline,card,bad,2,7,None,0
4188.73,timeout,card,good,2,5,ICICI,1
9879.41,soft_decline,upi,good,3,39,HDFC,0
47193.94,soft_decline,upi,bad,1,53,Axis,0
48826.83,soft_decline,netbanking,medium,2,16,None,1
18875.34,soft_decline,netbanking,bad,3,50,Axis,0
46171.97,soft_decline,card,medium,1,1,ICICI,0
27286.75,duplicate,upi,medium,2,29,Axis,0
13560.15,timeout,card,good,1,31,None,1
35149.7,timeout,card,bad,3,49,Axis,1
32979.2,duplicate,card,medium,2,70,ICICI,0
49457.35,soft_decline,card,medium,1,15,ICICI,0
13325.86,soft_decline,card,good,2,54,None,1
33635.77,soft_decline,card,bad,1,56,None,0
2695.99,timeout,upi,medium,1,44,ICICI,1
5770.94,timeout,card,good,2,51,ICICI,0
295.53,soft_decline,upi,bad,2,70,None,1
49973.09,soft_decline,card,bad,2,46,None,0
40133.46,hard_decline,card,medium,3,32,SBI,0
39357.48,hard_decline,card,bad,2,23,ICICI,0
25535.33,timeout,card,good,1,34,ICICI,1
15073.35,soft_decline,card,good,2,63,None,1
7648.09,duplicate,upi,medium,3,59,Axis,0
14305.27,hard_decline,upi,good,3,28,Axis,0
18860.96,timeout,card,bad,2,17,HDFC,1
37839.87,duplicate,card,bad,1,57,HDFC,0
27029.12,duplicate,netbanking,medium,3,47,HDFC,0
3966.43,soft_decline,card,bad,1,10,None,1
999.65,soft_decline,card,good,3,2,ICICI,0
5206.38,hard_decline,upi,medium,3,41,None,0
20583.89,hard_decline,upi,bad,1,17,None,0
46666.33,timeout,upi,bad,1,15,Axis,1
31906.38,duplicate,upi,medium,3,40,SBI,0
40111.11,soft_decline,card,good,1,64,HDFC,1
23372.09,hard_decline,card,good,2,42,ICICI,1
18147.14,soft_decline,card,medium,2,42,ICICI,1
5509.18,timeout,upi,medium,3,30,Axis,0
43809.06,duplicate,netbanking,good,2,27,None,0
39179.69,hard_decline,card,medium,3,50,None,0
8489.09,soft_decline,card,bad,1,26,None,0
25661.8,timeout,card,medium,1,8,HDFC,1
24420.0,timeout,card,good,2,37,Axis,0
31292.07,soft_decline,card,bad,1,35,HDFC,1
47314.73,timeout,upi,good,2,59,None,1
29030.59,duplicate,netbanking,bad,3,56,SBI,0
27056.84,hard_decline,card,good,2,46,Axis,0
2611.11,hard_decline,card,medium,2,67,ICICI,0
3239.08,soft_decline,card,medium,1,50,ICICI,1
9448.6,hard_decline,card,medium,1,57,Axis,0
1720.29,hard_decline,card,medium,1,47,None,0
37193.31,soft_decline,upi,good,2,58,HDFC,1
36194.18,soft_decline,card,medium,1,46,None,1
6889.21,soft_decline,netbanking,medium,3,14,ICICI,0
41820.34,soft_decline,upi,good,2,71,HDFC,1
7823.82,hard_decline,upi,bad,2,1,None,0
15128.66,timeout,card,bad,2,60,HDFC,0
12523.95,timeout,upi,bad,3,39,None,0
18678.12,soft_decline,card,medium,3,42,SBI,0
12807.72,hard_decline,card,good,1,47,HDFC,0
24498.65,timeout,card,medium,1,71,HDFC,0
20429.65,hard_decline,netbanking,bad,2,68,None,0
49329.82,duplicate,card,good,1,56,None,0
2890.72,hard_decline,card,medium,3,67,Axis,1
7194.85,timeout,card,medium,1,11,None,1
2736.01,soft_decline,card,good,1,67,None,1
31329.48,timeout,card,medium,2,50,SBI,1
2820.01,timeout,card,bad,3,28,HDFC,0
41838.34,duplicate,upi,bad,3,28,ICICI,0
25645.74,duplicate,card,good,3,12,None,0
26397.68,soft_decline,upi,medium,1,56,SBI,1
28123.57,hard_decline,upi,good,3,45,None,0
8623.6,hard_decline,card,medium,1,19,None,0
9964.75,hard_decline,upi,bad,2,58,None,0
16008.98,soft_decline,upi,medium,3,35,HDFC,0
29715.47,timeout,upi,bad,2,0,ICICI,0
10584.88,duplicate,upi,medium,1,2,None,0
5904.95,hard_decline,upi,medium,3,43,Axis,0
48508.83,soft_decline,card,medium,1,54,None,1
1196.89,soft_decline,upi,bad,3,59,ICICI,1
40154.6,timeout,card,medium,1,2,None,1
39422.95,soft_decline,upi,bad,1,62,HDFC,0
14930.98,duplicate,card,bad,1,30,ICICI,0
6867.77,timeout,netbanking,bad,2,60,Axis,0
7366.87,timeout,card,bad,3,48,None,1
34901.84,hard_decline,upi,good,1,43,None,0
32176.05,soft_decline,upi,medium,3,51,SBI,0
39159.01,duplicate,netbanking,medium,1,30,None,0
46880.31,timeout,upi,medium,3,71,Axis,0
34627.18,duplicate,card,bad,1,48,None,0
7876.99,hard_decline,netbanking,good,1,45,None,1
12247.79,timeout,upi,good,2,53,SBI,1
42125.47,soft_decline,upi,bad,3,10,None,1
10544.37,timeout,netbanking,good,2,64,Axis,1
3718.86,timeout,card,good,1,16,HDFC,1
35193.67,timeout,card,medium,2,27,None,1
20186.07,timeout,upi,bad,2,8,ICICI,1
46010.0,soft_decline,upi,medium,2,33,None,0
32547.73,duplicate,card,bad,2,19,ICICI,0
4611.91,duplicate,upi,good,3,2,None,0
47398.04,soft_decline,card,bad,2,0,Axis,0
13002.01,duplicate,upi,good,1,59,ICICI,0
16926.9,soft_decline,netbanking,good,1,49,None,1
20172.79,timeout,card,medium,2,7,Axis,1
2656.09,soft_decline,upi,good,2,17,None,0
24876.12,duplicate,upi,medium,2,29,None,0
6253.59,soft_decline,card,medium,1,21,HDFC,1
20108.42,hard_decline,card,good,2,8,ICICI,0
17600.42,hard_decline,card,bad,3,21,SBI,1
38664.72,soft_decline,upi,medium,2,9,None,1
40178.21,timeout,card,bad,3,66,HDFC,0
7755.3,soft_decline,card,bad,2,8,HDFC,1
18390.9,timeout,card,good,1,46,Axis,1
18730.32,duplicate,card,medium,1,39,Axis,0
7655.38,timeout,upi,medium,2,35,HDFC,1
39942.83,timeout,upi,bad,3,18,None,0
35390.69,soft_decline,card,bad,1,1,HDFC,0
9600.05,soft_decline,upi,medium,1,44,HDFC,1
18399.42,hard_decline,upi,good,1,32,Axis,1
5379.67,soft_decline,card,medium,2,63,SBI,1
31447.51,duplicate,card,bad,2,25,HDFC,0
6156.46,soft_decline,netbanking,bad,2,33,None,0
49298.12,duplicate,upi,bad,3,62,HDFC,0
39056.04,soft_decline,upi,medium,2,27,HDFC,1
19572.9,timeout,card,good,3,5,None,1
28970.34,soft_decline,netbanking,bad,2,10,ICICI,0
45575.96,soft_decline,upi,bad,3,45,None,0
27749.55,timeout,netbanking,good,3,19,HDFC,1
8807.47,soft_decline,netbanking,good,2,35,HDFC,0
18997.3,timeout,netbanking,medium,3,15,ICICI,1
42172.93,hard_decline,netbanking,bad,1,69,None,0
32246.23,soft_decline,card,medium,1,71,Axis,1
32571.15,duplicate,netbanking,good,2,44,ICICI,0
43354.39,hard_decline,card,medium,1,47,Axis,0
44709.26,timeout,netbanking,medium,2,3,Axis,1
45997.65,hard_decline,card,medium,3,47,Axis,1
4832.97,timeout,upi,medium,1,66,None,1
27251.89,soft_decline,card,bad,3,27,None,0
37051.43,soft_decline,upi,medium,2,29,None,1
37870.65,hard_decline,card,medium,2,28,SBI,0
30375.14,hard_decline,card,medium,3,20,Axis,0
8422.69,soft_decline,netbanking,medium,2,41,HDFC,0
39891.29,timeout,upi,medium,1,49,ICICI,0
36033.56,timeout,card,medium,2,2,SBI,1
4398.18,soft_decline,card,medium,1,64,None,1
23244.11,soft_decline,card,bad,2,22,ICICI,0
8781.47,hard_decline,upi,bad,1,4,SBI,0
16940.1,soft_decline,netbanking,medium,2,24,None,1
1002.25,soft_decline,upi,bad,2,34,ICICI,0
20076.46,soft_decline,card,bad,3,64,Axis,0
27538.86,duplicate,card,bad,3,38,HDFC,0
31017.17,timeout,netbanking,good,1,17,SBI,1
33208.17,soft_decline,card,bad,3,24,ICICI,0
41830.94,soft_decline,upi,medium,3,0,HDFC,1
10851.6,timeout,card,bad,1,61,Axis,0
6112.04,hard_decline,upi,good,3,8,ICICI,0
42591.7,timeout,netbanking,medium,1,40,ICICI,1
7914.98,duplicate,card,medium,1,21,None,0
48740.53,hard_decline,upi,bad,1,65,ICICI,0
42142.66,soft_decline,upi,bad,1,44,SBI,1
25093.74,timeout,card,good,2,51,None,1
49072.93,duplicate,card,good,2,19,HDFC,0
4959.1,hard_decline,upi,bad,1,11,None,0
15222.98,timeout,card,medium,3,63,ICICI,1
31947.4,soft_decline,netbanking,medium,1,31,None,1
17565.34,soft_decline,card,bad,1,61,ICICI,1
46425.79,timeout,card,bad,3,4,SBI,0
3374.74,duplicate,card,good,1,43,SBI,0
27515.65,timeout,card,medium,2,28,None,1
29584.23,timeout,card,bad,1,32,Axis,1
32671.13,soft_decline,card,bad,2,12,ICICI,0
12857.74,soft_decline,upi,good,3,49,Axis,1
18291.86,hard_decline,netbanking,good,3,1,None,0
42199.66,soft_decline,upi,good,3,27,ICICI,1
9827.64,timeout,card,bad,2,17,ICICI,1
41360.71,soft_decline,netbanking,medium,1,65,Axis,0
28176.51,timeout,card,medium,3,45,None,0
38133.16,timeout,card,good,3,16,SBI,1
35709.01,hard_decline,card,good,3,32,Axis,0
10454.82,soft_decline,card,medium,1,32,HDFC,1
28483.76,timeout,netbanking,medium,1,29,None,1
43399.39,duplicate,card,medium,2,21,ICICI,0
21662.6,timeout,upi,good,2,52,ICICI,1
48332.88,soft_decline,card,medium,1,45,None,1
22665.53,soft_decline,upi,bad,1,43,None,0
7225.0,soft_decline,upi,good,3,33,ICICI,0
19532.79,soft_decline,card,bad,3,27,None,0
47589.95,timeout,upi,good,2,34,None,1
16054.07,timeout,upi,good,3,67,Axis,0
43418.1,soft_decline,upi,medium,1,8,HDFC,0
44074.41,soft_decline,upi,bad,1,21,None,0
17574.31,soft_decline,upi,medium,2,60,SBI,1
4254.56,duplicate,card,medium,1,24,ICICI,0
36255.44,hard_decline,upi,medium,2,40,None,0
15644.46,timeout,card,good,3,6,None,1
39167.89,hard_decline,card,good,2,58,None,0
22188.48,timeout,netbanking,bad,1,71,None,0
24314.81,soft_decline,card,good,3,66,ICICI,0
38917.68,soft_decline,card,medium,1,32,ICICI,1
19179.93,timeout,card,bad,1,64,Axis,1
22212.05,hard_decline,card,good,3,59,None,0
18871.9,soft_decline,card,medium,1,57,None,1
18430.29,soft_decline,netbanking,good,1,43,None,0
26344.73,soft_decline,card,good,3,47,ICICI,1
40459.09,hard_decline,upi,good,1,36,SBI,0
18152.24,timeout,card,medium,2,24,ICICI,1
26260.31,duplicate,upi,bad,1,24,ICICI,0
33569.29,soft_decline,netbanking,medium,1,56,None,1
13545.03,soft_decline,card,bad,3,12,HDFC,1
13948.39,soft_decline,netbanking,good,2,11,HDFC,1
46677.32,hard_decline,netbanking,medium,1,62,SBI,0
36204.38,hard_decline,upi,medium,3,61,ICICI,0
28901.62,timeout,card,good,1,27,None,1
32421.23,soft_decline,upi,good,1,54,ICICI,0
1562.04,hard_decline,netbanking,medium,1,41,ICICI,0
30943.34,timeout,card,bad,2,60,HDFC,1
25524.49,duplicate,card,bad,3,37,None,0
27332.91,duplicate,card,good,2,4,ICICI,0
18035.25,timeout,card,bad,1,47,ICICI,1
4165.55,duplicate,netbanking,bad,2,34,Axis,0
9747.63,soft_decline,card,medium,1,47,HDFC,1
47542.16,soft_decline,card,good,2,13,None,0
20494.11,soft_decline,upi,bad,3,53,None,0
23387.49,timeout,card,medium,2,25,ICICI,1
2730.22,duplicate,card,bad,3,42,ICICI,0
1974.55,soft_decline,upi,medium,1,41,Axis,1
35887.35,timeout,card,medium,3,17,None,1
26950.92,timeout,card,good,1,54,Axis,0
25484.43,duplicate,card,bad,2,49,ICICI,0
12231.91,timeout,upi,good,2,20,SBI,0
37263.06,duplicate,netbanking,good,3,33,SBI,0
8495.01,soft_decline,netbanking,medium,2,39,SBI,0
9577.74,soft_decline,card,medium,2,29,SBI,1
23089.54,hard_decline,upi,good,1,69,ICICI,1
14385.37,soft_decline,netbanking,medium,2,24,None,0
12448.4,soft_decline,card,medium,1,68,ICICI,1
32297.36,timeout,netbanking,medium,3,28,SBI,0
32583.49,timeout,netbanking,good,2,66,ICICI,1
41243.4,timeout,card,medium,3,56,SBI,0
20943.66,soft_decline,card,good,2,46,Axis,1
3746.95,hard_decline,card,good,3,16,None,0
13755.95,soft_decline,card,bad,3,48,None,0
49002.27,soft_decline,netbanking,medium,1,49,None,0
29853.3,hard_decline,netbanking,good,2,4,SBI,0
35515.88,soft_decline,card,medium,3,12,HDFC,1
467.16,soft_decline,upi,good,1,62,SBI,1
25958.47,timeout,upi,good,3,38,HDFC,1
1972.68,soft_decline,card,medium,3,67,None,1
28504.59,duplicate,upi,bad,3,44,ICICI,0
46046.47,hard_decline,netbanking,bad,2,16,SBI,1
48424.11,duplicate,card,medium,2,58,HDFC,0
27073.58,soft_decline,card,medium,3,58,None,1
22964.42,hard_decline,card,bad,3,7,SBI,0
47256.35,soft_decline,card,good,3,29,ICICI,0
33713.13,timeout,card,good,2,2,HDFC,1
3338.47,soft_decline,card,medium,3,16,Axis,0
23339.71,soft_decline,upi,medium,3,50,SBI,0
12088.23,timeout,upi,bad,3,23,ICICI,0
23543.24,soft_decline,card,good,3,63,HDFC,0
22827.73,soft_decline,card,medium,2,70,HDFC,0
29149.03,soft_decline,netbanking,bad,1,48,Axis,0
17902.85,timeout,netbanking,medium,1,19,SBI,1
8297.1,soft_decline,card,medium,3,28,None,0
25235.6,hard_decline,card,good,1,9,None,0
41527.12,soft_decline,netbanking,good,1,8,Axis,1
33234.21,hard_decline,card,good,2,70,Axis,0
16984.56,timeout,card,medium,3,62,None,1
46782.6,hard_decline,card,bad,2,32,None,0
45619.16,hard_decline,card,bad,1,23,ICICI,0
10546.49,soft_decline,card,medium,1,31,HDFC,1
2066.94,soft_decline,card,bad,3,3,None,0
37091.3,soft_decline,upi,medium,3,61,ICICI,1
41397.75,hard_decline,netbanking,medium,2,21,None,0
48396.44,hard_decline,netbanking,good,3,22,Axis,0
44502.84,duplicate,card,medium,1,25,ICICI,0
30066.68,soft_decline,card,good,2,48,None,1
26549.61,hard_decline,upi,medium,2,43,Axis,0
1489.27,hard_decline,upi,bad,3,21,SBI,0
12408.16,hard_decline,card,good,3,66,ICICI,0
23034.78,timeout,card,good,1,41,None,1
31462.34,soft_decline,card,good,2,51,None,0
27906.87,soft_decline,card,medium,2,16,HDFC,0
37157.54,timeout,card,good,2,13,None,1
14060.37,soft_decline,netbanking,medium,2,63,HDFC,1
28291.14,soft_decline,card,medium,1,44,ICICI,1
4498.3,soft_decline,netbanking,medium,1,63,None,1
20741.91,soft_decline,netbanking,good,1,29,None,0
37533.03,timeout,card,bad,3,12,Axis,0
34700.7,soft_decline,upi,medium,1,25,Axis,0
49533.07,hard_decline,upi,bad,1,31,HDFC,0
13966.77,hard_decline,card,bad,1,45,ICICI,0
24959.65,hard_decline,card,medium,1,50,ICICI,0
16543.57,duplicate,upi,good,3,33,HDFC,0
22086.1,soft_decline,upi,medium,2,27,None,1
42861.81,duplicate,upi,medium,2,18,ICICI,0
34242.03,hard_decline,card,medium,3,47,Axis,1
44133.82,timeout,card,good,1,71,HDFC,0
10255.2,hard_decline,card,good,2,33,HDFC,0
43680.72,hard_decline,card,medium,2,15,HDFC,0
3082.14,timeout,upi,good,2,70,None,0
44441.1,timeout,netbanking,bad,2,26,Axis,1
16520.78,soft_decline,upi,good,1,50,ICICI,1
15797.92,soft_decline,upi,medium,2,53,SBI,0
25653.22,hard_decline,upi,bad,3,16,Axis,0
47040.44,duplicate,upi,bad,3,71,None,0
2484.29,soft_decline,upi,medium,2,67,None,1
17676.33,timeout,card,good,1,0,HDFC,1
42842.94,timeout,netbanking,good,2,13,ICICI,1
19863.12,timeout,card,medium,2,6,SBI,1
10037.93,hard_decline,card,medium,2,63,HDFC,0
21297.23,hard_decline,card,medium,3,71,Axis,0
19339.07,duplicate,card,good,3,7,None,0
45779.27,timeout,upi,bad,1,53,ICICI,1
38120.53,timeout,card,good,2,23,None,0
25305.27,soft_decline,netbanking,medium,2,54,ICICI,0
49419.69,timeout,card,bad,2,0,SBI,1
23317.35,soft_decline,card,medium,2,71,ICICI,1
3006.07,soft_decline,card,medium,3,68,ICICI,0
13187.49,timeout,upi,good,1,31,ICICI,1
21859.92,hard_decline,netbanking,bad,3,0,HDFC,0
7929.44,timeout,card,good,2,65,SBI,1
47383.5,soft_decline,card,medium,3,41,None,0
38365.76,hard_decline,netbanking,bad,1,8,None,0
13487.53,hard_decline,card,good,2,23,ICICI,0
29581.15,hard_decline,card,bad,2,18,Axis,0
36100.31,soft_decline,card,bad,3,50,None,1
47069.82,timeout,card,medium,3,1,None,0
44093.6,timeout,card,medium,3,9,SBI,1
25808.09,soft_decline,card,bad,1,68,HDFC,0
38755.17,soft_decline,netbanking,medium,1,5,Axis,0
28151.02,timeout,upi,bad,1,61,None,1
27679.92,timeout,netbanking,medium,2,65,None,1
5825.62,timeout,upi,good,2,7,None,0
6394.27,timeout,upi,good,3,67,HDFC,1
26523.73,soft_decline,upi,good,2,58,None,1
13516.19,soft_decline,netbanking,good,1,49,HDFC,1
1149.74,soft_decline,card,good,2,35,None,1
36169.68,soft_decline,card,medium,3,7,ICICI,0
1721.08,timeout,upi,good,3,16,Axis,0
29804.31,soft_decline,netbanking,bad,3,58,ICICI,0
27005.77,duplicate,netbanking,bad,3,7,HDFC,0
48443.85,timeout,upi,medium,2,42,ICICI,1
24262.24,timeout,card,medium,3,62,SBI,1
3273.71,duplicate,card,good,2,11,None,0
27629.23,hard_decline,netbanking,medium,3,55,ICICI,0
42070.7,timeout,card,medium,3,48,HDFC,1
49842.78,soft_decline,card,bad,2,51,HDFC,1
21574.12,soft_decline,netbanking,good,1,10,ICICI,1
16082.91,timeout,card,bad,1,26,HDFC,0
45342.0,soft_decline,upi,bad,1,61,ICICI,0
9642.98,duplicate,upi,medium,1,8,ICICI,0
30809.9,timeout,card,good,3,35,None,0
20345.15,timeout,card,medium,2,45,ICICI,1
2150.01,soft_decline,card,medium,1,28,Axis,1
17429.69,timeout,upi,medium,3,67,None,0
13334.9,soft_decline,card,medium,2,40,SBI,0
34335.95,timeout,card,good,3,27,Axis,1
47444.65,soft_decline,netbanking,good,1,63,None,1
13475.55,timeout,card,good,2,23,ICICI,1
40592.15,soft_decline,card,good,2,15,HDFC,0
2862.45,soft_decline,card,good,3,21,SBI,1
26952.24,hard_decline,card,good,3,46,SBI,0
3620.45,soft_decline,netbanking,good,2,16,Axis,0
46708.25,timeout,card,bad,1,0,None,1
38340.93,soft_decline,card,bad,1,30,None,0
32931.7,soft_decline,netbanking,medium,2,11,SBI,1
41212.43,hard_decline,upi,medium,2,19,HDFC,0
32411.24,soft_decline,card,bad,1,18,SBI,1
48450.33,soft_decline,netbanking,medium,1,4,HDFC,0
35726.5,timeout,upi,good,3,14,HDFC,1
46240.46,soft_decline,card,bad,3,24,HDFC,0
25904.88,soft_decline,upi,medium,1,34,None,1
5941.51,soft_decline,netbanking,medium,2,54,None,1
26456.07,hard_decline,card,bad,2,62,HDFC,0
6430.95,hard_decline,upi,medium,3,46,None,0
29665.42,soft_decline,netbanking,bad,2,66,None,0
24176.4,timeout,upi,medium,2,63,None,1
31166.51,soft_decline,card,medium,2,21,HDFC,1
601.34,hard_decline,card,medium,2,68,HDFC,0
9822.54,soft_decline,upi,bad,3,1,HDFC,0
24617.39,timeout,card,good,2,24,None,1
47530.13,duplicate,netbanking,medium,1,60,Axis,0
19242.09,hard_decline,card,bad,3,4,HDFC,0
21276.16,duplicate,card,medium,2,27,None,0
35763.33,soft_decline,upi,good,2,65,SBI,0
30229.26,soft_decline,upi,good,2,14,None,1
15016.41,soft_decline,card,medium,3,54,Axis,0
20599.74,soft_decline,card,bad,2,37,Axis,0
10963.22,soft_decline,upi,medium,3,22,SBI,0
48304.47,soft_decline,netbanking,medium,1,13,ICICI,0
6618.66,hard_decline,upi,good,2,31,HDFC,0
18654.66,soft_decline,card,medium,3,43,HDFC,0
1389.36,soft_decline,card,medium,1,69,None,1
11166.8,soft_decline,netbanking,medium,3,57,None,1
39045.51,timeout,netbanking,bad,2,3,Axis,0
10138.64,soft_decline,card,bad,3,61,ICICI,1
4095.16,timeout,upi,good,2,59,HDFC,0
23775.21,timeout,card,medium,3,58,SBI,0
597.46,hard_decline,upi,good,1,28,Axis,0
4329.83,soft_decline,netbanking,good,2,18,ICICI,1
40400.53,soft_decline,card,good,1,16,ICICI,1
38596.52,hard_decline,upi,medium,2,3,SBI,0
45765.43,soft_decline,card,medium,3,43,SBI,1
42740.32,soft_decline,card,medium,1,3,None,1
34190.46,soft_decline,upi,bad,2,58,SBI,0
2711.41,timeout,card,good,1,11,None,0
39164.15,hard_decline,upi,medium,1,46,SBI,0
42290.99,timeout,card,medium,2,6,HDFC,0
39974.2,hard_decline,upi,good,3,11,HDFC,0
25473.1,timeout,card,bad,1,70,None,1
11721.8,hard_decline,upi,medium,2,53,SBI,1
42281.97,hard_decline,upi,bad,1,57,SBI,0
36385.42,duplicate,netbanking,medium,1,62,None,0
49039.98,timeout,netbanking,good,3,14,Axis,0
7869.06,soft_decline,card,good,2,36,HDFC,0
11360.66,soft_decline,card,bad,2,55,SBI,1
10668.73,timeout,upi,good,1,30,Axis,1
39647.73,timeout,upi,bad,3,14,HDFC,1
9426.67,hard_decline,card,medium,3,1,ICICI,0
3426.33,hard_decline,card,good,3,12,None,0
49928.18,timeout,upi,medium,2,4,None,1
1338.38,hard_decline,netbanking,good,2,47,ICICI,0
41778.68,timeout,netbanking,good,1,32,ICICI,1
18331.81,soft_decline,card,bad,3,31,ICICI,0
42096.61,duplicate,card,medium,3,52,None,0
27775.56,timeout,card,medium,2,20,SBI,1
45091.4,timeout,card,good,1,65,None,0
46317.03,soft_decline,upi,good,2,60,None,1
554.0,soft_decline,upi,medium,2,53,SBI,0
3863.07,hard_decline,card,medium,1,40,None,0
12592.9,timeout,card,bad,3,37,ICICI,1
33498.84,timeout,card,medium,3,32,ICICI,1
44424.78,soft_decline,netbanking,bad,1,7,HDFC,0
23051.1,timeout,card,good,3,35,ICICI,0
30387.96,timeout,card,good,1,32,None,1
9506.14,soft_decline,upi,good,1,28,SBI,0
40267.85,hard_decline,upi,bad,2,56,HDFC,0
48369.67,timeout,netbanking,bad,3,71,HDFC,1
13503.09,hard_decline,card,good,3,60,SBI,0
24791.81,timeout,upi,good,1,54,SBI,1
4397.19,hard_decline,card,medium,2,51,None,0
28000.92,duplicate,netbanking,bad,2,42,None,0
25188.89,soft_decline,upi,bad,3,25,HDFC,0
7307.38,hard_decline,netbanking,good,1,1,ICICI,0
22159.1,soft_decline,card,medium,3,54,Axis,1
16771.82,soft_decline,upi,bad,3,17,HDFC,0
26139.36,soft_decline,card,good,2,49,None,0
29324.15,soft_decline,card,medium,2,44,Axis,1
523.93,duplicate,card,medium,2,14,SBI,0
38074.2,duplicate,upi,good,2,6,Axis,0
35679.41,soft_decline,card,bad,1,26,HDFC,1
18377.69,timeout,netbanking,bad,3,39,SBI,0
2741.5,hard_decline,upi,medium,2,16,SBI,0
37771.13,timeout,card,good,3,31,SBI,0
47763.24,timeout,upi,bad,1,15,ICICI,0
12083.56,soft_decline,card,good,2,62,SBI,1
16243.88,timeout,card,good,1,59,None,0
9272.26,timeout,upi,medium,2,51,ICICI,1
28889.11,hard_decline,netbanking,medium,3,48,HDFC,1
7826.59,duplicate,card,good,1,48,ICICI,0
17874.08,duplicate,netbanking,medium,2,25,SBI,0
34880.95,hard_decline,upi,good,3,50,SBI,0
28049.79,timeout,card,bad,3,42,SBI,0
19384.48,duplicate,upi,bad,3,69,None,0
21070.46,soft_decline,upi,bad,2,70,None,0
28149.33,soft_decline,card,medium,3,8,SBI,1
392.65,soft_decline,netbanking,good,3,43,HDFC,0
4017.64,timeout,upi,bad,2,63,SBI,1
44074.78,timeout,card,bad,1,1,HDFC,1
3986.16,soft_decline,netbanking,good,3,35,ICICI,1
35369.5,duplicate,card,medium,2,2,None,0
46009.9,timeout,netbanking,medium,1,53,SBI,0
13607.11,timeout,card,medium,3,20,None,1
18587.52,soft_decline,upi,medium,2,66,None,1
28489.18,hard_decline,card,bad,2,8,SBI,0
44097.28,timeout,upi,good,3,11,None,1
47101.09,hard_decline,card,medium,1,71,Axis,0
37004.21,timeout,card,bad,1,36,HDFC,1
4422.33,timeout,card,medium,1,36,SBI,0
33490.79,soft_decline,netbanking,bad,3,66,Axis,0
20574.16,timeout,card,good,3,55,None,1
23587.98,soft_decline,upi,bad,1,62,None,0
2552.5,soft_decline,netbanking,good,1,25,Axis,1
9634.0,soft_decline,netbanking,bad,1,45,HDFC,0
39546.63,soft_decline,card,good,1,52,HDFC,1
22752.55,soft_decline,netbanking,medium,2,59,ICICI,1
15152.95,timeout,card,medium,3,31,ICICI,0
19262.55,timeout,upi,medium,1,61,ICICI,1
42734.54,hard_decline,upi,good,2,46,Axis,0
37475.05,timeout,card,bad,1,60,SBI,1
13688.54,soft_decline,card,medium,1,3,Axis,0
5963.34,soft_decline,card,medium,2,1,ICICI,1
12674.71,timeout,card,good,1,22,ICICI,0
46045.75,timeout,netbanking,bad,1,54,Axis,1
29121.28,timeout,card,medium,2,40,HDFC,0
26720.66,hard_decline,netbanking,bad,2,67,None,0
29860.04,timeout,card,medium,2,36,Axis,1
18364.81,timeout,netbanking,good,2,10,HDFC,1
40374.64,duplicate,upi,medium,2,35,Axis,0
26211.98,soft_decline,netbanking,bad,1,14,HDFC,1
5925.72,hard_decline,card,medium,3,66,SBI,0
6540.35,timeout,upi,bad,2,29,ICICI,1
26889.27,duplicate,card,good,3,56,None,0
46834.85,soft_decline,card,medium,1,61,SBI,0
15486.77,hard_decline,upi,bad,2,32,None,0
43490.1,soft_decline,upi,good,3,64,ICICI,1
38228.37,hard_decline,card,good,3,0,Axis,0
12465.84,soft_decline,upi,bad,3,2,Axis,0
1913.4,soft_decline,upi,medium,3,8,SBI,1
5182.18,hard_decline,card,medium,3,31,None,0
36451.85,soft_decline,upi,medium,2,44,HDFC,0
10063.52,soft_decline,upi,bad,2,56,None,0
18626.42,soft_decline,card,bad,2,20,HDFC,0
25134.79,soft_decline,upi,medium,3,22,HDFC,0
36300.86,duplicate,upi,good,3,25,ICICI,0
5750.24,hard_decline,netbanking,good,1,71,Axis,0
20377.68,timeout,card,bad,3,29,Axis,1
24305.14,hard_decline,netbanking,medium,1,68,SBI,0
27087.27,duplicate,card,bad,1,23,ICICI,0
40936.2,hard_decline,card,medium,2,63,Axis,0
8666.74,hard_decline,card,good,3,34,HDFC,0
40410.79,hard_decline,netbanking,medium,3,21,Axis,1
34674.63,timeout,upi,good,1,38,HDFC,1
27837.95,hard_decline,card,bad,1,54,HDFC,1
35006.44,soft_decline,card,bad,3,6,None,1
20659.69,soft_decline,card,good,1,61,None,1
7006.04,timeout,card,medium,3,38,HDFC,0
33321.69,hard_decline,upi,bad,3,19,Axis,0
26281.15,soft_decline,upi,medium,1,55,HDFC,1
32004.8,soft_decline,netbanking,medium,2,65,None,0
16966.14,hard_decline,netbanking,medium,3,14,ICICI,0
45352.64,timeout,upi,bad,1,20,None,1
29409.76,soft_decline,card,medium,1,33,HDFC,1
4361.58,soft_decline,card,bad,1,34,None,0
22545.22,timeout,upi,bad,3,4,SBI,0
37842.17,timeout,card,bad,3,55,ICICI,1
39727.31,soft_decline,upi,bad,3,6,Axis,0
24780.39,timeout,netbanking,bad,1,52,ICICI,1
44747.9,hard_decline,netbanking,good,2,43,ICICI,0
13456.66,hard_decline,card,good,2,57,HDFC,0
20588.87,duplicate,card,good,3,41,ICICI,0
44939.99,duplicate,netbanking,good,3,17,None,0
44823.21,soft_decline,netbanking,good,3,5,SBI,1
34317.07,soft_decline,card,medium,2,3,ICICI,0
42963.13,soft_decline,upi,good,2,68,None,1
4529.79,soft_decline,upi,medium,3,13,None,0
43263.25,soft_decline,card,bad,1,40,ICICI,0
16098.93,soft_decline,card,bad,2,46,HDFC,0
8998.74,duplicate,netbanking,bad,3,52,HDFC,0
12044.55,timeout,upi,good,2,20,Axis,1
20956.63,hard_decline,card,medium,1,12,Axis,1
12634.48,hard_decline,upi,medium,1,65,None,0
16096.32,soft_decline,upi,medium,2,14,HDFC,1
6835.43,soft_decline,netbanking,medium,3,44,None,0
14879.22,soft_decline,card,good,2,64,HDFC,1
28656.96,timeout,netbanking,good,3,45,SBI,1
22148.5,soft_decline,card,bad,2,2,None,0
17401.27,timeout,upi,bad,1,16,Axis,1
37347.96,timeout,upi,medium,2,16,Axis,1
44686.15,soft_decline,card,good,3,19,ICICI,0
37863.78,soft_decline,card,medium,3,3,None,1
16666.84,timeout,netbanking,good,1,14,HDFC,1
37247.66,duplicate,upi,bad,3,56,ICICI,0
7683.81,timeout,card,bad,3,44,SBI,0
6602.87,soft_decline,card,good,1,26,HDFC,1
17346.79,hard_decline,card,good,3,19,SBI,0
40404.35,soft_decline,card,medium,3,5,HDFC,1
12392.78,duplicate,netbanking,good,2,17,None,0
3256.35,timeout,upi,bad,2,48,ICICI,1
6672.31,timeout,netbanking,bad,2,23,Axis,1
42951.37,hard_decline,card,good,2,10,None,0
31725.79,timeout,upi,good,2,17,None,1
12734.74,soft_decline,card,bad,2,34,None,0
27809.26,soft_decline,upi,medium,2,54,None,1
26426.22,soft_decline,card,medium,1,27,HDFC,1
32806.26,duplicate,card,good,2,35,ICICI,0
11736.06,timeout,upi,good,3,23,SBI,1
43233.71,soft_decline,card,medium,1,32,ICICI,1
15537.49,timeout,upi,medium,2,36,None,1
34737.17,soft_decline,upi,good,2,12,None,1
904.62,soft_decline,upi,good,3,15,None,1
18695.59,soft_decline,netbanking,medium,1,42,ICICI,1
17650.32,hard_decline,card,bad,3,49,None,0
27219.87,hard_decline,card,good,3,12,Axis,0
3729.54,hard_decline,netbanking,bad,1,70,ICICI,0
39527.56,timeout,upi,good,3,34,ICICI,1
10967.26,soft_decline,card,medium,1,34,None,0
33884.19,timeout,netbanking,bad,3,23,Axis,0
40180.28,soft_decline,card,medium,1,52,HDFC,1
28137.66,timeout,card,good,2,38,HDFC,1
37070.07,timeout,card,good,1,18,None,0
33126.83,timeout,card,good,3,43,HDFC,0
17840.94,hard_decline,card,bad,3,45,SBI,0
40462.04,timeout,card,good,2,44,Axis,1
14805.6,soft_decline,card,good,2,31,None,0
28603.52,timeout,card,good,2,4,SBI,1
37295.35,soft_decline,card,medium,1,5,HDFC,1
19009.9,soft_decline,upi,bad,1,6,ICICI,0
15208.1,hard_decline,card,good,1,14,HDFC,0
23021.37,timeout,card,medium,1,19,ICICI,1
40916.38,soft_decline,card,good,1,58,None,1
46503.1,duplicate,card,medium,3,3,None,0
27299.66,duplicate,card,good,3,39,HDFC,0
33107.16,timeout,card,good,3,64,SBI,1
45173.35,hard_decline,upi,medium,1,34,ICICI,0
5017.49,timeout,upi,bad,2,43,Axis,1
11680.72,soft_decline,netbanking,bad,3,6,None,0
35474.11,hard_decline,upi,medium,3,21,Axis,0
41204.85,duplicate,card,good,1,22,None,0
42865.75,duplicate,card,good,1,64,ICICI,0
20813.85,duplicate,upi,medium,1,19,HDFC,0
4558.06,soft_decline,card,bad,3,31,SBI,0
21945.3,soft_decline,card,bad,2,35,SBI,0
11613.66,soft_decline,card,medium,1,17,SBI,0
14630.7,hard_decline,upi,medium,1,32,ICICI,0
38636.15,soft_decline,netbanking,medium,2,68,SBI,0
3868.8,soft_decline,netbanking,medium,2,8,None,0
41396.3,timeout,card,medium,2,41,ICICI,0
21440.69,timeout,card,good,1,70,Axis,0
29843.59,timeout,netbanking,good,1,3,HDFC,1
4573.65,timeout,upi,good,3,45,ICICI,1
16934.22,soft_decline,card,medium,3,71,None,0
4576.08,soft_decline,upi,medium,3,23,Axis,0
48081.03,timeout,upi,bad,3,71,HDFC,1
40382.36,hard_decline,netbanking,bad,3,68,ICICI,1
23035.67,hard_decline,upi,bad,3,22,None,0
11257.77,soft_decline,card,good,1,54,ICICI,0
46679.41,soft_decline,upi,medium,3,14,Axis,0
17295.37,timeout,netbanking,medium,1,50,Axis,0
8133.12,timeout,upi,bad,1,49,SBI,1
28201.9,duplicate,upi,good,2,46,HDFC,0
47194.33,hard_decline,netbanking,good,1,24,ICICI,0
291.13,hard_decline,upi,medium,1,38,None,0
11982.43,timeout,card,bad,1,67,HDFC,1
46928.54,hard_decline,upi,bad,2,45,None,0
8637.19,hard_decline,upi,medium,1,71,None,0
5750.85,duplicate,card,bad,2,12,None,0
28552.34,timeout,card,good,3,37,ICICI,1
43106.01,duplicate,upi,medium,1,35,SBI,0
23907.78,soft_decline,card,bad,3,36,None,0
49728.76,hard_decline,upi,good,1,41,None,0
33990.67,timeout,card,good,2,18,HDFC,1
3796.34,soft_decline,netbanking,bad,3,36,HDFC,0
49642.32,timeout,card,medium,1,64,None,1
20453.92,soft_decline,card,bad,1,38,None,0
14441.39,timeout,card,good,2,25,ICICI,0
27938.17,timeout,upi,medium,1,41,None,0
15284.95,soft_decline,card,medium,3,61,ICICI,1
4414.23,hard_decline,card,bad,2,52,HDFC,0
171.27,timeout,upi,good,3,66,Axis,1
22534.21,timeout,card,medium,3,49,SBI,1
41859.48,hard_decline,upi,good,1,68,ICICI,0
28658.53,timeout,upi,bad,1,28,None,1
49960.44,hard_decline,upi,good,2,1,SBI,1
14413.65,hard_decline,card,good,2,17,SBI,0
14094.71,soft_decline,upi,medium,2,59,Axis,1
8071.5,duplicate,card,medium,3,13,ICICI,0
8286.77,soft_decline,netbanking,good,3,39,Axis,0
14330.81,hard_decline,netbanking,good,3,63,ICICI,0
39662.72,timeout,card,bad,3,29,Axis,0
45297.26,soft_decline,card,good,1,28,ICICI,1
48756.85,hard_decline,card,good,2,28,HDFC,0
11691.25,soft_decline,card,good,1,18,ICICI,1
44076.75,timeout,upi,bad,1,57,None,0
16479.93,hard_decline,upi,good,3,39,None,0
5730.74,timeout,card,bad,2,8,None,1
43514.24,timeout,upi,bad,3,30,None,0
31841.67,timeout,netbanking,medium,3,14,Axis,1
8320.07,timeout,upi,good,2,33,HDFC,1
21548.58,hard_decline,card,medium,2,61,ICICI,1
14434.16,soft_decline,upi,bad,1,56,Axis,0
36866.05,timeout,upi,bad,3,20,HDFC,0
22725.47,duplicate,netbanking,bad,3,53,HDFC,0
49465.07,hard_decline,card,good,3,36,HDFC,0
2831.77,soft_decline,card,medium,2,39,HDFC,1
17815.26,soft_decline,upi,good,3,19,HDFC,1
24146.82,hard_decline,upi,medium,3,70,HDFC,0
25206.36,soft_decline,upi,medium,3,17,SBI,1
15865.2,hard_decline,card,good,3,43,ICICI,0
36489.09,hard_decline,upi,good,1,55,None,1
43749.88,hard_decline,card,good,2,16,None,0
46942.09,soft_decline,card,medium,1,41,None,1
40274.16,timeout,upi,bad,2,70,SBI,1
42543.95,timeout,card,medium,3,27,None,1
27572.21,duplicate,card,bad,2,20,Axis,0
41311.82,hard_decline,upi,good,1,36,HDFC,1
15244.85,soft_decline,upi,good,3,22,Axis,0
19984.09,duplicate,card,good,1,47,None,0
15913.96,timeout,upi,medium,1,58,ICICI,1
23422.63,soft_decline,card,medium,1,51,None,1
14350.42,soft_decline,card,bad,2,16,None,0
48084.41,soft_decline,card,medium,1,37,Axis,1
15710.95,soft_decline,card,medium,2,0,None,0
4992.42,soft_decline,netbanking,good,1,32,HDFC,1
26388.18,duplicate,card,good,1,43,None,0
2949.24,hard_decline,upi,good,2,19,Axis,0
5616.1,timeout,netbanking,medium,2,46,None,1
11047.53,timeout,netbanking,medium,1,68,SBI,1
23271.08,timeout,card,good,1,41,ICICI,0
21719.22,timeout,netbanking,medium,3,25,None,0
40004.62,duplicate,netbanking,medium,1,48,None,0
36999.79,hard_decline,card,good,1,70,ICICI,0
21373.28,duplicate,card,medium,3,17,None,0
16751.84,timeout,card,bad,1,8,HDFC,0
15891.79,soft_decline,upi,good,1,65,HDFC,1
38722.35,timeout,upi,medium,2,59,SBI,1
2698.41,timeout,card,good,2,36,HDFC,1
739.8,duplicate,upi,bad,2,46,SBI,0
39797.67,soft_decline,card,bad,1,28,None,0
23909.6,hard_decline,netbanking,medium,2,62,None,0
6630.97,soft_decline,card,good,1,14,ICICI,1
11854.74,soft_decline,upi,medium,3,8,HDFC,1
46631.95,soft_decline,card,good,2,65,Axis,0
42989.2,hard_decline,card,good,3,0,ICICI,0
35518.27,timeout,upi,medium,1,8,HDFC,1
24163.04,soft_decline,card,good,1,56,HDFC,1
26064.15,hard_decline,upi,good,3,55,None,1
48764.7,soft_decline,netbanking,bad,3,19,None,0
48291.95,soft_decline,card,medium,3,1,None,1
10841.93,hard_decline,netbanking,good,3,0,ICICI,0
40574.12,soft_decline,card,medium,2,53,None,1
9942.41,hard_decline,card,bad,3,18,None,0
10755.52,soft_decline,card,good,2,17,Axis,1
33837.04,soft_decline,netbanking,medium,3,23,ICICI,0
20309.55,hard_decline,card,bad,3,51,None,0
46584.07,hard_decline,netbanking,medium,2,19,SBI,0
4541.59,soft_decline,netbanking,good,1,10,Axis,1
25625.13,hard_decline,card,good,1,59,SBI,0
45934.22,timeout,upi,bad,1,15,ICICI,0
45215.27,timeout,upi,bad,1,12,HDFC,1
7910.81,soft_decline,card,bad,2,52,None,1
18395.22,hard_decline,card,bad,1,5,SBI,0
30994.16,timeout,card,medium,2,24,ICICI,1
8053.8,soft_decline,upi,bad,2,62,None,0
48404.31,timeout,upi,medium,2,46,Axis,1
45745.99,duplicate,card,bad,2,14,None,0
8430.81,timeout,card,good,2,53,None,1
6145.66,timeout,netbanking,bad,3,42,ICICI,1
4361.88,timeout,card,good,2,13,Axis,1
45481.24,timeout,upi,good,1,33,SBI,0
9761.83,timeout,card,medium,2,1,None,0
20872.62,timeout,netbanking,medium,1,19,ICICI,1
22497.68,timeout,netbanking,good,2,15,ICICI,1
29990.65,soft_decline,card,bad,1,66,None,1
3679.59,soft_decline,card,medium,2,29,SBI,1
11415.26,timeout,card,bad,3,50,SBI,1
46581.37,soft_decline,card,bad,1,2,None,0
45429.66,timeout,card,medium,1,50,ICICI,0
39086.4,duplicate,upi,good,2,45,Axis,0
1068.12,timeout,card,good,1,39,None,0
16417.64,duplicate,card,medium,2,28,SBI,0
31435.14,timeout,upi,medium,3,22,ICICI,0
13831.99,soft_decline,upi,medium,3,16,None,1
45488.38,timeout,card,medium,2,68,ICICI,0
31731.08,soft_decline,upi,good,2,65,None,0
3688.15,hard_decline,upi,medium,3,22,SBI,0
45459.38,soft_decline,upi,good,1,22,HDFC,1
47892.56,soft_decline,card,bad,1,6,Axis,0
3977.85,hard_decline,card,good,1,42,HDFC,0
26664.78,soft_decline,netbanking,medium,3,61,SBI,0
15237.88,timeout,netbanking,good,2,33,None,1
19702.67,timeout,upi,bad,3,50,HDFC,1
9064.6,soft_decline,card,medium,1,43,ICICI,0
28945.8,soft_decline,upi,good,2,69,SBI,0
47903.17,timeout,netbanking,medium,2,54,SBI,0
25203.32,timeout,card,bad,1,65,SBI,1
4237.44,duplicate,card,bad,2,57,Axis,0
31038.07,soft_decline,upi,good,1,42,ICICI,1
17077.13,timeout,netbanking,bad,3,60,ICICI,0
42810.67,hard_decline,card,good,2,37,HDFC,1
21790.44,timeout,upi,good,1,27,ICICI,1
9722.7,soft_decline,upi,medium,1,56,HDFC,1
9636.17,hard_decline,upi,good,3,40,Axis,0
38461.33,soft_decline,upi,bad,2,49,HDFC,0
13352.82,soft_decline,upi,bad,2,60,None,1
38384.95,hard_decline,card,good,2,68,None,0
10373.78,timeout,card,good,2,62,None,1
16152.15,timeout,upi,medium,3,25,None,0
23327.8,hard_decline,card,medium,3,25,None,0
47165.47,hard_decline,upi,bad,2,22,ICICI,0
46593.4,hard_decline,upi,bad,1,51,None,0
10422.91,duplicate,card,medium,2,69,None,0
17975.13,hard_decline,upi,good,2,3,ICICI,0
7555.03,soft_decline,upi,bad,1,0,None,1
25548.26,soft_decline,card,good,2,5,None,1
23083.07,timeout,card,bad,1,55,HDFC,1
45047.93,hard_decline,netbanking,good,3,28,None,0
46507.27,soft_decline,card,medium,1,2,SBI,0
19240.01,timeout,upi,good,3,41,None,1
24637.72,timeout,card,medium,2,8,HDFC,1
44822.19,timeout,card,medium,1,58,HDFC,1
40354.72,soft_decline,card,medium,1,37,None,0
282.45,soft_decline,upi,bad,2,41,SBI,1
16070.97,duplicate,card,medium,3,49,None,0
21146.53,timeout,card,good,1,13,None,0
11562.84,soft_decline,upi,bad,1,44,None,1
10058.62,soft_decline,card,bad,2,32,None,0
1985.45,hard_decline,card,good,3,19,None,0
32204.15,soft_decline,card,bad,2,33,Axis,0
13199.26,timeout,card,bad,1,66,SBI,1
2712.12,duplicate,upi,medium,2,66,None,0
11625.87,soft_decline,card,good,2,69,ICICI,0
40115.51,soft_decline,card,medium,3,38,Axis,0
42589.31,timeout,netbanking,medium,3,42,None,1
24205.01,soft_decline,netbanking,medium,2,38,None,1
20861.93,duplicate,netbanking,medium,2,43,None,0
48894.9,timeout,netbanking,bad,2,0,Axis,1
10108.18,duplicate,upi,medium,1,49,None,0
10846.43,soft_decline,upi,good,3,61,SBI,0
14664.17,soft_decline,upi,bad,1,2,ICICI,0
8720.59,hard_decline,upi,medium,3,7,HDFC,0
19030.34,hard_decline,upi,good,3,47,ICICI,0
45550.63,soft_decline,card,medium,1,40,None,0
30805.86,duplicate,netbanking,good,1,35,None,0
20656.13,timeout,upi,bad,2,56,SBI,1
46727.1,timeout,netbanking,medium,3,42,ICICI,1
2518.37,soft_decline,card,bad,3,27,HDFC,0
10592.78,timeout,card,good,3,58,HDFC,1
28337.84,timeout,card,bad,2,28,None,0
30816.08,hard_decline,upi,medium,3,37,None,0
2073.92,duplicate,card,medium,3,33,ICICI,0
20211.63,soft_decline,card,bad,1,64,ICICI,0
32492.78,soft_decline,card,medium,1,19,None,0
34933.72,soft_decline,card,medium,2,25,Axis,1
31943.18,timeout,upi,good,3,26,HDFC,0
16096.1,timeout,netbanking,medium,2,22,HDFC,1
4766.65,soft_decline,card,bad,1,70,Axis,0
21412.91,soft_decline,upi,bad,3,21,SBI,0
6524.85,soft_decline,card,medium,3,46,SBI,0
47386.42,soft_decline,card,bad,2,67,None,0
23811.03,hard_decline,upi,medium,3,66,ICICI,1
15931.23,soft_decline,upi,medium,3,65,SBI,0
38338.57,soft_decline,netbanking,medium,1,68,ICICI,0
24947.63,timeout,card,medium,2,14,ICICI,0
15570.7,hard_decline,netbanking,medium,1,43,None,0
40617.19,timeout,card,medium,2,50,HDFC,1
43370.89,soft_decline,card,bad,1,64,Axis,0
33683.11,soft_decline,card,good,2,24,HDFC,1
2443.52,hard_decline,upi,good,3,60,HDFC,0
28359.51,soft_decline,card,good,3,16,HDFC,0
38188.42,soft_decline,card,medium,2,51,Axis,0
6911.5,timeout,upi,medium,2,57,None,1
11510.67,duplicate,card,good,2,56,Axis,0
44136.51,soft_decline,card,medium,2,37,None,0
1104.07,soft_decline,card,medium,3,68,SBI,0
37661.08,duplicate,card,bad,2,36,Axis,0
23741.29,soft_decline,upi,bad,3,33,None,0
22393.93,timeout,upi,medium,3,34,HDFC,1
454.12,duplicate,card,good,2,59,Axis,0
40987.97,duplicate,card,good,3,38,Axis,0
18055.26,hard_decline,netbanking,bad,2,45,HDFC,1
27084.21,soft_decline,upi,medium,3,15,HDFC,0
33897.3,soft_decline,upi,good,2,30,Axis,1
35161.22,timeout,card,good,2,13,SBI,1
47803.4,duplicate,card,bad,1,46,ICICI,0
26613.86,timeout,netbanking,medium,1,31,Axis,1
20046.01,timeout,upi,medium,2,16,ICICI,1
47689.81,timeout,card,good,1,55,None,0
32141.3,timeout,card,medium,3,35,None,0
14977.7,timeout,card,bad,2,41,Axis,0
6410.57,timeout,card,bad,2,18,ICICI,1
42143.47,hard_decline,netbanking,bad,2,6,None,1
18172.86,soft_decline,netbanking,medium,1,54,ICICI,1
33057.44,timeout,card,medium,1,29,ICICI,1
23593.74,hard_decline,card,medium,3,28,Axis,0
10026.6,soft_decline,upi,good,1,66,Axis,1
30124.16,timeout,card,bad,1,33,ICICI,1
3128.09,timeout,upi,medium,3,33,Axis,0
20725.79,duplicate,upi,medium,2,1,ICICI,0
27376.09,soft_decline,upi,bad,2,26,None,0
21858.74,timeout,upi,bad,3,46,None,0
37458.74,soft_decline,upi,medium,1,56,Axis,0
41413.46,duplicate,netbanking,good,3,16,ICICI,0
38585.03,soft_decline,card,medium,3,25,ICICI,0
2036.77,timeout,netbanking,bad,2,9,HDFC,1
9787.03,timeout,card,good,1,38,Axis,1
26876.71,soft_decline,card,bad,2,8,Axis,1
46747.62,duplicate,card,good,2,24,None,0
41764.34,timeout,upi,medium,3,19,SBI,0
42142.47,soft_decline,card,medium,2,14,None,0
15230.09,soft_decline,netbanking,good,2,10,None,1
21529.45,soft_decline,upi,bad,2,15,ICICI,0
23588.23,soft_decline,card,medium,1,21,HDFC,1
7952.84,timeout,upi,good,1,61,None,1
1650.3,duplicate,netbanking,medium,2,23,SBI,0
47350.45,soft_decline,upi,bad,3,35,None,0
12111.56,hard_decline,card,good,3,17,HDFC,0
12073.45,hard_decline,netbanking,bad,2,19,SBI,1
4260.61,soft_decline,upi,good,1,7,None,1
46432.54,soft_decline,card,good,3,14,None,1
29028.88,soft_decline,card,good,3,46,Axis,1
33385.14,hard_decline,card,good,1,23,ICICI,0
45587.69,timeout,netbanking,medium,1,46,HDFC,1
17346.45,timeout,card,bad,3,17,ICICI,0
31113.21,soft_decline,card,good,2,31,Axis,1
2036.09,timeout,netbanking,good,3,41,None,1
9419.95,timeout,card,good,1,36,None,1
41579.17,timeout,netbanking,medium,1,32,None,1
38361.74,hard_decline,card,bad,1,0,ICICI,0
17597.07,timeout,upi,bad,1,26,Axis,1
18902.85,timeout,card,good,2,16,None,1
26724.37,hard_decline,netbanking,medium,3,45,HDFC,0
112.03,soft_decline,upi,medium,1,33,None,1
12138.09,duplicate,netbanking,medium,1,2,SBI,0
10490.77,timeout,upi,medium,1,55,ICICI,1
12599.1,duplicate,card,bad,3,11,ICICI,0
40314.7,timeout,card,medium,1,25,HDFC,1
14055.73,timeout,card,good,3,23,None,1
9656.91,soft_decline,upi,medium,2,59,ICICI,1
25262.75,soft_decline,netbanking,medium,1,57,None,0
43295.69,duplicate,card,good,2,62,None,0
12143.35,soft_decline,upi,medium,3,7,None,0
4018.96,soft_decline,netbanking,bad,2,25,HDFC,0
17884.6,timeout,card,medium,1,57,ICICI,0
37407.83,timeout,netbanking,medium,2,37,ICICI,1
27579.46,soft_decline,card,bad,2,48,None,0
40857.99,soft_decline,upi,bad,2,42,HDFC,1
47983.65,hard_decline,card,medium,2,58,Axis,0
39653.86,soft_decline,card,medium,2,20,SBI,1
30229.77,timeout,card,bad,3,12,None,1
24717.75,soft_decline,netbanking,good,3,2,None,0
2099.45,timeout,netbanking,medium,1,31,SBI,1
49217.67,timeout,card,good,3,20,SBI,1
19235.71,timeout,netbanking,bad,3,13,ICICI,1
7696.19,soft_decline,upi,good,1,7,None,0
33368.77,hard_decline,netbanking,good,3,6,HDFC,0
14285.99,hard_decline,card,medium,1,58,HDFC,0
29330.34,soft_decline,card,bad,1,1,None,0
29379.72,timeout,upi,medium,3,68,HDFC,0
22341.92,hard_decline,card,bad,2,43,Axis,0
41822.32,timeout,card,medium,1,65,HDFC,1
13321.86,soft_decline,card,medium,2,17,None,0
22486.77,soft_decline,card,bad,1,15,None,0
26930.84,duplicate,card,good,3,11,HDFC,0
33214.87,hard_decline,netbanking,bad,2,59,None,0
39220.2,hard_decline,card,bad,1,53,None,0
19800.88,hard_decline,card,bad,3,39,None,0
32337.74,soft_decline,upi,bad,2,42,None,0
7615.49,timeout,upi,bad,3,21,None,0
46639.14,soft_decline,upi,good,3,3,Axis,1
19214.63,hard_decline,upi,medium,2,20,Axis,0
36503.12,hard_decline,card,medium,1,22,Axis,0
1115.02,duplicate,card,good,1,41,SBI,0
10338.84,hard_decline,upi,bad,3,40,ICICI,0
24405.42,soft_decline,netbanking,good,1,15,SBI,1
43924.8,hard_decline,upi,good,2,35,Axis,0
26410.03,soft_decline,card,bad,2,16,Axis,1
46500.54,soft_decline,card,bad,3,53,SBI,1
24241.47,soft_decline,card,bad,3,6,ICICI,0
24573.41,hard_decline,upi,bad,2,40,ICICI,0
6075.36,soft_decline,card,medium,2,61,HDFC,1
40152.55,hard_decline,card,bad,3,56,SBI,0
12423.57,duplicate,card,medium,3,32,None,0
44990.66,timeout,card,bad,2,25,None,0
45550.13,soft_decline,card,good,3,23,ICICI,1
47171.17,soft_decline,card,bad,1,30,Axis,0
26059.5,timeout,upi,medium,2,26,SBI,1
33886.98,timeout,card,medium,2,48,None,1
38947.94,soft_decline,upi,bad,3,65,None,0
6637.63,timeout,card,bad,3,69,None,1
30087.76,hard_decline,card,bad,2,30,Axis,0
1811.47,hard_decline,upi,good,3,24,SBI,1
24928.55,duplicate,card,good,1,15,Axis,0
7826.65,timeout,upi,good,3,5,HDFC,0
9227.85,timeout,upi,good,2,68,None,1
18315.87,soft_decline,netbanking,good,3,16,ICICI,1
21678.61,hard_decline,card,bad,2,8,None,0
31196.3,timeout,card,medium,1,61,ICICI,1
3813.98,soft_decline,upi,bad,2,12,SBI,0
25234.22,hard_decline,card,medium,1,6,None,0
9212.99,soft_decline,card,medium,1,17,ICICI,0
28741.36,soft_decline,upi,good,1,44,ICICI,0
31906.49,soft_decline,card,bad,1,23,None,0
27879.79,timeout,card,bad,1,54,HDFC,1
36940.95,duplicate,upi,medium,3,31,None,0
16846.9,hard_decline,netbanking,medium,1,6,None,0
38278.82,timeout,netbanking,good,3,19,Axis,0
21695.08,soft_decline,card,bad,3,18,Axis,0
24260.81,duplicate,upi,bad,3,61,None,0
32440.3,hard_decline,card,medium,2,13,SBI,0
1016.08,timeout,card,good,2,31,None,1
32734.31,timeout,upi,good,1,8,ICICI,1
30967.4,soft_decline,card,good,3,48,ICICI,0
15561.37,hard_decline,card,good,2,15,None,0
4381.13,duplicate,netbanking,good,3,23,HDFC,0
4637.68,soft_decline,netbanking,good,2,29,ICICI,1
46168.86,timeout,upi,medium,3,7,SBI,1
34495.04,duplicate,netbanking,medium,2,9,ICICI,0
6442.42,soft_decline,upi,medium,1,35,ICICI,1
17900.49,timeout,card,medium,1,23,ICICI,1
29664.9,duplicate,upi,medium,1,7,ICICI,0
41795.03,timeout,card,medium,3,0,HDFC,1
2278.68,soft_decline,card,good,1,32,None,1
11907.99,soft_decline,netbanking,bad,1,30,HDFC,0
44498.47,soft_decline,card,bad,2,61,HDFC,0
557.36,timeout,card,medium,2,34,Axis,0
10149.82,timeout,card,good,2,43,Axis,1
47955.31,timeout,card,bad,1,46,None,1
30708.75,soft_decline,netbanking,bad,2,31,HDFC,0
13157.4,soft_decline,upi,good,2,62,HDFC,0
3442.86,timeout,upi,good,1,21,HDFC,1
1506.75,timeout,upi,bad,2,6,Axis,1
12312.78,duplicate,upi,medium,3,5,None,0
44086.14,timeout,upi,bad,2,40,None,1
20854.09,timeout,upi,good,3,11,ICICI,1
36044.64,timeout,netbanking,bad,2,39,None,1
45922.42,timeout,netbanking,good,2,68,Axis,1
20461.22,hard_decline,netbanking,good,3,57,Axis,0
9644.74,duplicate,upi,bad,1,2,None,0
25904.18,timeout,netbanking,good,3,42,None,1
45413.38,soft_decline,card,good,1,7,ICICI,0
40238.28,soft_decline,netbanking,bad,2,12,Axis,0
3384.91,soft_decline,netbanking,good,1,55,ICICI,1
34659.38,hard_decline,netbanking,good,1,18,SBI,0
28637.69,soft_decline,netbanking,medium,3,22,ICICI,1
45382.41,soft_decline,card,medium,1,42,ICICI,0
6211.82,hard_decline,card,bad,1,23,Axis,1
26748.4,soft_decline,card,bad,3,2,ICICI,0
43985.19,timeout,upi,medium,1,13,HDFC,1
20560.19,hard_decline,card,medium,1,32,ICICI,1
24151.55,hard_decline,card,medium,3,26,HDFC,0
3615.99,soft_decline,upi,bad,3,11,None,0
13979.37,soft_decline,upi,bad,3,45,None,0
16292.88,hard_decline,netbanking,bad,1,70,None,0
47261.61,timeout,upi,bad,2,45,SBI,1
14205.1,timeout,upi,medium,3,15,Axis,0
23097.35,soft_decline,upi,medium,3,57,None,1
33598.09,timeout,netbanking,medium,1,13,HDFC,1
8192.95,soft_decline,card,good,2,42,SBI,1
24373.48,duplicate,card,good,2,24,HDFC,0
36953.1,duplicate,netbanking,bad,1,14,HDFC,0
43356.08,hard_decline,upi,medium,3,29,None,0
31350.34,timeout,upi,medium,1,43,None,1
33485.77,timeout,card,medium,2,8,HDFC,1
6401.55,timeout,card,bad,3,10,HDFC,1
47294.25,timeout,upi,good,2,65,ICICI,1
6715.45,duplicate,card,medium,2,21,None,0
38756.18,hard_decline,card,medium,2,19,None,0
13314.33,timeout,card,bad,2,28,None,1
46686.3,timeout,upi,medium,3,62,None,0
36025.98,timeout,upi,bad,3,40,ICICI,1
37715.3,timeout,netbanking,medium,3,47,SBI,1
11031.05,soft_decline,upi,bad,1,26,ICICI,1
22207.69,soft_decline,netbanking,bad,3,30,None,0
30928.88,soft_decline,upi,medium,2,24,None,0
38521.68,hard_decline,upi,medium,2,48,ICICI,0
5287.57,hard_decline,card,medium,3,69,HDFC,0
48122.03,duplicate,card,bad,3,63,HDFC,0
44522.01,timeout,upi,medium,1,55,ICICI,1
13590.39,timeout,card,medium,3,6,Axis,0
41155.74,soft_decline,upi,medium,1,69,None,1
25964.36,timeout,upi,bad,3,34,None,1
23144.14,timeout,netbanking,good,1,20,HDFC,1
15790.26,timeout,netbanking,good,3,46,None,1
29090.33,soft_decline,card,good,3,59,HDFC,1
36521.47,hard_decline,card,good,3,16,ICICI,0
20605.55,timeout,upi,medium,1,16,SBI,1
31498.04,hard_decline,card,bad,2,70,None,0
34995.71,duplicate,card,medium,1,24,ICICI,0
35584.98,timeout,netbanking,good,3,33,None,1
2693.11,duplicate,netbanking,medium,2,25,None,0
43001.42,timeout,upi,bad,1,5,Axis,1
22966.84,duplicate,upi,medium,1,9,HDFC,0
13194.56,timeout,card,bad,2,2,SBI,1
12164.05,soft_decline,upi,good,3,58,ICICI,1
24202.4,hard_decline,card,good,2,68,Axis,0
44352.89,soft_decline,upi,bad,3,47,Axis,0
18979.54,soft_decline,card,medium,2,22,HDFC,1
37511.31,soft_decline,netbanking,bad,1,4,Axis,0
4931.25,soft_decline,upi,bad,1,55,SBI,0
23855.23,timeout,upi,good,1,37,None,1
49585.14,hard_decline,netbanking,medium,3,6,None,1
38544.85,soft_decline,card,medium,3,16,SBI,0
10605.37,timeout,card,bad,2,8,None,1
25121.93,timeout,netbanking,medium,3,45,Axis,0
11757.88,duplicate,netbanking,good,3,36,None,0
20537.09,timeout,upi,medium,2,6,None,1
39026.19,hard_decline,card,bad,3,16,SBI,0
38584.12,soft_decline,upi,good,2,40,ICICI,0
11482.21,soft_decline,card,good,3,63,SBI,1
46118.94,soft_decline,upi,medium,3,56,None,1
29669.15,hard_decline,card,bad,1,44,HDFC,0
19058.22,duplicate,netbanking,medium,3,7,SBI,0
25146.59,soft_decline,card,good,2,9,ICICI,1
30293.06,soft_decline,netbanking,medium,2,53,None,0
28038.54,soft_decline,card,good,1,65,None,0
24371.61,timeout,card,good,2,43,Axis,0
25296.15,soft_decline,netbanking,medium,1,47,SBI,1
8902.95,hard_decline,card,medium,3,70,Axis,0
40655.37,soft_decline,upi,medium,1,1,None,1
27133.84,hard_decline,card,good,3,5,HDFC,0
6640.89,soft_decline,upi,medium,2,44,None,0
38331.24,hard_decline,card,bad,1,9,ICICI,0
46628.95,soft_decline,card,medium,2,8,HDFC,1
47370.61,timeout,upi,medium,2,31,None,1
18513.98,hard_decline,card,good,2,1,None,0
6862.29,timeout,card,good,2,20,ICICI,1
25968.14,hard_decline,upi,bad,2,2,None,0
5719.2,soft_decline,upi,medium,1,22,None,1
46705.97,soft_decline,card,medium,2,36,Axis,1
9260.62,hard_decline,upi,bad,1,71,HDFC,0
12713.02,hard_decline,netbanking,bad,1,35,Axis,0
20391.16,hard_decline,card,bad,1,13,None,1
19219.91,timeout,upi,medium,2,14,Axis,1
39753.68,timeout,upi,good,2,34,ICICI,1
22870.21,timeout,card,bad,1,21,Axis,0
8621.34,soft_decline,card,bad,2,46,None,1
13433.77,timeout,card,good,1,35,SBI,1
25504.76,soft_decline,upi,bad,2,14,None,0
7457.95,timeout,card,medium,2,57,HDFC,1
30621.62,soft_decline,netbanking,medium,1,30,HDFC,1
28330.79,soft_decline,upi,good,2,40,ICICI,1
35763.65,timeout,card,medium,1,25,HDFC,1
46891.46,timeout,upi,good,1,29,ICICI,0
45621.5,soft_decline,netbanking,medium,2,11,None,0
47309.17,soft_decline,card,good,2,30,SBI,1
12311.31,hard_decline,card,medium,1,1,ICICI,1
6665.11,duplicate,upi,medium,1,19,None,0
15183.61,hard_decline,card,bad,1,57,HDFC,1
44764.75,duplicate,card,good,3,19,None,0
48605.47,soft_decline,card,bad,2,33,Axis,0
42980.32,hard_decline,card,medium,3,59,HDFC,0
5589.88,timeout,card,bad,1,33,HDFC,0
47376.66,hard_decline,netbanking,medium,3,36,HDFC,0
21225.57,soft_decline,netbanking,bad,1,66,None,0
564.58,hard_decline,card,medium,3,18,HDFC,0
22175.45,timeout,card,medium,3,51,None,1
2398.85,timeout,card,medium,2,43,SBI,1
27239.51,timeout,card,bad,2,26,ICICI,0
16993.85,timeout,card,bad,3,37,Axis,0
23724.4,timeout,card,medium,1,20,ICICI,1
30697.2,soft_decline,netbanking,good,2,37,ICICI,1
43453.17,hard_decline,card,bad,3,12,ICICI,0
33128.89,timeout,card,bad,1,20,SBI,1
21759.04,duplicate,card,good,2,41,HDFC,0
40989.45,soft_decline,card,bad,3,47,None,1
45288.55,hard_decline,netbanking,good,1,45,Axis,0
6076.02,soft_decline,card,bad,1,56,HDFC,0
26643.46,soft_decline,netbanking,bad,3,51,SBI,0
14297.15,hard_decline,card,medium,1,21,Axis,0
2448.35,timeout,upi,medium,3,16,None,0
33460.48,soft_decline,netbanking,medium,1,25,HDFC,0
43152.26,timeout,card,medium,3,38,SBI,1
8228.84,timeout,card,bad,2,70,None,1
40639.44,duplicate,upi,bad,1,62,HDFC,0
42684.45,soft_decline,card,medium,3,50,ICICI,0
45725.59,hard_decline,upi,bad,3,29,SBI,0
13337.73,hard_decline,card,medium,1,40,None,0
45207.26,soft_decline,card,bad,2,32,ICICI,0
16101.07,hard_decline,card,bad,3,49,SBI,0
27661.67,timeout,netbanking,bad,2,62,Axis,0
2620.32,soft_decline,card,good,1,38,ICICI,1
2289.67,duplicate,card,medium,2,27,None,0
36046.62,timeout,upi,medium,1,17,None,1
22279.55,timeout,card,medium,3,58,Axis,0
12888.99,timeout,card,medium,2,65,Axis,0
9601.63,soft_decline,card,bad,1,42,Axis,0
33530.68,timeout,upi,medium,3,12,HDFC,0
120.04,soft_decline,upi,medium,2,0,None,1
40313.97,timeout,card,good,1,31,ICICI,1
4054.56,soft_decline,card,good,2,9,None,1
9655.33,soft_decline,upi,medium,3,14,None,0
19373.2,hard_decline,upi,good,3,16,Axis,0
24294.45,soft_decline,card,good,1,62,None,1
17814.26,hard_decline,card,medium,2,53,None,0
16103.54,hard_decline,card,good,2,22,None,0
48199.41,timeout,upi,good,3,70,None,1
32114.83,hard_decline,netbanking,bad,2,49,HDFC,0
1269.3,soft_decline,card,bad,2,58,None,0
21565.78,soft_decline,card,medium,2,35,ICICI,1
43762.93,hard_decline,card,medium,1,5,None,0
15142.66,hard_decline,card,bad,3,65,Axis,0
4818.36,timeout,card,good,1,31,ICICI,1
37943.4,soft_decline,netbanking,medium,3,52,ICICI,1
30340.09,soft_decline,card,medium,1,68,Axis,1
28558.59,soft_decline,upi,bad,1,1,SBI,1
2773.47,soft_decline,card,bad,1,42,ICICI,0
7110.9,soft_decline,netbanking,medium,2,39,ICICI,1
31165.21,timeout,upi,medium,3,67,None,1
10470.41,soft_decline,card,medium,1,3,SBI,0
25253.1,hard_decline,netbanking,bad,2,45,HDFC,0
27289.6,timeout,card,bad,1,19,HDFC,1
14247.01,soft_decline,upi,medium,2,13,ICICI,1
47426.42,timeout,netbanking,bad,1,13,Axis,0
42138.96,hard_decline,card,good,3,48,HDFC,0
36146.44,hard_decline,upi,medium,3,2,ICICI,0
3991.89,timeout,netbanking,good,1,20,SBI,0
5395.89,soft_decline,netbanking,good,1,60,ICICI,1
24689.79,timeout,upi,medium,1,1,None,1
8119.6,hard_decline,card,bad,1,20,Axis,0
48915.45,timeout,upi,medium,2,9,HDFC,1
8010.16,timeout,upi,medium,3,18,HDFC,0
24424.64,timeout,upi,good,2,52,HDFC,1
18269.64,timeout,netbanking,medium,3,48,Axis,0
32005.38,timeout,card,medium,1,7,HDFC,1
6538.92,hard_decline,card,medium,3,56,HDFC,1
21572.79,hard_decline,upi,medium,1,23,None,0
13807.78,soft_decline,netbanking,medium,1,46,SBI,1
44398.8,soft_decline,card,medium,2,20,None,0
2125.23,timeout,netbanking,medium,3,7,None,0
45695.0,soft_decline,netbanking,good,2,18,ICICI,1
41666.41,soft_decline,netbanking,medium,2,29,HDFC,1
14948.78,timeout,netbanking,medium,2,25,SBI,0
39485.6,soft_decline,netbanking,bad,2,19,HDFC,0
1657.56,soft_decline,netbanking,bad,3,44,Axis,0
48346.59,hard_decline,upi,bad,3,63,HDFC,0
26377.09,hard_decline,card,medium,2,29,None,0
15233.72,timeout,card,medium,3,52,None,1
18192.9,hard_decline,card,bad,1,49,None,0
3413.63,hard_decline,card,medium,3,61,ICICI,0
49468.54,timeout,card,good,2,41,Axis,1
2060.67,hard_decline,netbanking,bad,1,27,None,0
32779.87,timeout,upi,good,1,57,SBI,1
22192.52,timeout,card,good,1,30,ICICI,1
47450.92,hard_decline,upi,bad,1,58,HDFC,0
12375.39,soft_decline,card,bad,1,11,ICICI,0
26651.13,soft_decline,card,bad,2,44,HDFC,0
24169.57,timeout,netbanking,good,2,65,ICICI,1
35173.04,soft_decline,card,bad,1,67,ICICI,1
3493.71,hard_decline,upi,bad,2,31,Axis,0
9770.08,timeout,card,bad,3,40,ICICI,0
10806.78,hard_decline,upi,bad,2,54,ICICI,0
36933.72,soft_decline,netbanking,medium,3,68,ICICI,0
9538.02,timeout,card,good,2,4,Axis,1
28717.24,soft_decline,netbanking,bad,3,62,ICICI,1
10840.67,timeout,card,medium,3,3,None,0
43095.09,timeout,upi,medium,1,40,None,1
47115.05,soft_decline,netbanking,bad,2,11,ICICI,0
25972.8,duplicate,netbanking,medium,1,36,SBI,0
17680.21,soft_decline,card,medium,3,54,Axis,0
11779.48,duplicate,card,medium,2,44,HDFC,0
2584.07,soft_decline,upi,good,2,27,ICICI,1
13498.15,soft_decline,card,good,1,58,ICICI,0
32746.37,soft_decline,card,bad,2,6,SBI,0
26727.48,soft_decline,upi,good,2,59,None,0
47207.66,timeout,upi,good,2,52,HDFC,0
19874.24,timeout,card,bad,3,39,HDFC,0
34723.78,timeout,card,good,1,51,Axis,1
24517.21,soft_decline,netbanking,medium,3,10,ICICI,1
25677.55,hard_decline,upi,bad,1,49,HDFC,0
13461.94,timeout,upi,medium,3,49,None,0
22802.04,hard_decline,card,bad,3,47,ICICI,0
23592.17,timeout,card,bad,3,53,Axis,0
35361.46,timeout,card,bad,3,5,SBI,1
47037.94,soft_decline,upi,medium,1,49,ICICI,1
16533.13,timeout,card,medium,2,2,None,0
2205.8,timeout,upi,medium,1,40,Axis,1
24865.13,timeout,upi,bad,2,27,SBI,0
27268.62,soft_decline,upi,bad,1,31,HDFC,0
8505.18,soft_decline,card,bad,1,38,Axis,1
38047.18,soft_decline,upi,medium,1,70,Axis,1
49247.96,soft_decline,upi,medium,1,62,None,1
47294.16,soft_decline,card,medium,3,18,ICICI,0
9935.59,timeout,card,good,1,0,ICICI,1
43780.63,timeout,upi,bad,1,32,None,0
35254.23,hard_decline,card,good,2,32,SBI,0
22746.94,soft_decline,card,medium,3,10,SBI,0
27076.49,duplicate,card,bad,3,59,HDFC,0
42495.05,soft_decline,card,good,1,27,SBI,0
24058.73,timeout,netbanking,bad,1,61,None,1
18723.05,duplicate,upi,good,3,46,SBI,0
24713.05,timeout,upi,bad,3,16,None,0
28998.58,duplicate,netbanking,medium,1,71,HDFC,0
9534.97,timeout,upi,good,1,8,HDFC,1
45055.3,soft_decline,upi,medium,1,7,Axis,1
33741.93,soft_decline,card,bad,2,58,Axis,1
31700.12,soft_decline,upi,medium,3,68,ICICI,1
5064.86,soft_decline,card,medium,2,44,None,0
30248.28,timeout,card,bad,3,32,ICICI,1
6135.94,soft_decline,card,good,3,37,SBI,0
4027.01,timeout,card,bad,3,62,None,0
26412.81,soft_decline,card,good,3,11,SBI,1
20199.0,hard_decline,card,medium,3,66,Axis,1
29481.63,duplicate,netbanking,good,1,28,SBI,0
4552.19,soft_decline,card,medium,2,21,HDFC,0
21606.05,timeout,netbanking,good,2,33,None,1
8821.86,timeout,upi,medium,3,69,HDFC,0
49356.29,soft_decline,upi,medium,2,38,None,1
28101.4,hard_decline,card,medium,2,15,SBI,0
34403.1,soft_decline,netbanking,medium,1,30,HDFC,1
16338.37,timeout,card,medium,3,48,HDFC,1
4827.47,timeout,upi,good,1,43,Axis,0
48795.96,hard_decline,upi,bad,2,45,None,0
14384.33,timeout,card,medium,3,0,None,1
21248.03,soft_decline,card,good,3,43,ICICI,0
32528.21,timeout,card,medium,3,45,SBI,0
1332.4,timeout,netbanking,bad,3,71,None,1
40531.93,timeout,netbanking,good,3,52,SBI,0
26875.25,timeout,netbanking,good,3,32,SBI,0
13983.04,hard_decline,card,bad,1,44,ICICI,0
3174.24,duplicate,card,medium,1,63,None,0
8208.67,soft_decline,card,medium,2,2,ICICI,1
44762.19,timeout,netbanking,bad,3,23,Axis,1
34332.61,soft_decline,card,good,3,30,HDFC,0
12570.1,duplicate,card,medium,1,70,Axis,0
3373.48,timeout,netbanking,medium,2,39,None,0
34561.7,timeout,upi,good,2,49,None,1
28663.15,soft_decline,upi,good,3,14,HDFC,1
20285.52,timeout,card,medium,2,20,Axis,0
18244.21,timeout,card,good,2,20,Axis,1
10919.03,timeout,netbanking,medium,3,59,ICICI,0
33513.6,soft_decline,upi,bad,3,64,None,0
48536.33,hard_decline,card,bad,3,20,None,1
8868.19,soft_decline,card,medium,1,54,Axis,1
29896.12,hard_decline,card,good,3,68,None,0
21266.83,soft_decline,upi,medium,2,25,HDFC,1
22389.77,soft_decline,card,medium,1,54,None,1
12781.95,soft_decline,upi,bad,2,45,Axis,0
41274.23,soft_decline,upi,bad,1,61,SBI,0
24314.25,soft_decline,upi,medium,3,69,HDFC,1
27215.95,duplicate,card,good,2,53,Axis,0
15307.57,hard_decline,upi,bad,1,3,HDFC,0
9172.24,soft_decline,upi,bad,2,44,ICICI,0
4386.93,hard_decline,card,medium,3,53,Axis,0
35734.55,timeout,netbanking,medium,1,52,Axis,1
9892.09,duplicate,card,medium,2,43,HDFC,0
34534.76,soft_decline,upi,bad,1,35,HDFC,0
19579.78,soft_decline,card,good,3,33,HDFC,0
20847.16,duplicate,upi,bad,1,51,None,0
23511.96,soft_decline,upi,good,1,5,Axis,1
18448.65,soft_decline,card,bad,2,37,Axis,1
5120.94,soft_decline,upi,medium,1,32,Axis,1
15550.63,soft_decline,upi,good,3,54,HDFC,0
33220.34,duplicate,upi,good,2,22,HDFC,0
33322.64,soft_decline,card,medium,1,43,None,0
14382.59,duplicate,card,good,3,27,Axis,0
23059.12,duplicate,upi,medium,3,63,SBI,0
9753.02,hard_decline,card,good,1,47,HDFC,1
10597.57,soft_decline,upi,good,1,58,SBI,0
1250.05,soft_decline,card,medium,2,58,ICICI,1
44847.65,hard_decline,card,medium,3,42,Axis,1
10614.26,hard_decline,netbanking,medium,3,42,None,0
11453.94,timeout,upi,medium,3,12,SBI,0
14052.11,hard_decline,upi,medium,1,71,SBI,0
6457.66,duplicate,netbanking,medium,1,42,ICICI,0
31999.22,hard_decline,upi,good,1,12,HDFC,0
3849.63,timeout,upi,good,2,34,ICICI,1
6796.7,timeout,netbanking,good,3,10,Axis,0
32273.36,soft_decline,upi,medium,3,20,Axis,1
17049.06,soft_decline,upi,medium,1,71,SBI,1
35426.6,soft_decline,card,medium,2,25,None,1
27915.49,soft_decline,netbanking,bad,2,49,None,0
12875.46,hard_decline,card,medium,2,48,None,0
32576.31,soft_decline,card,medium,2,12,SBI,1
5902.06,hard_decline,card,good,2,38,None,0
26866.88,duplicate,card,bad,1,54,None,0
21913.69,soft_decline,card,medium,1,6,None,1
13466.89,hard_decline,netbanking,bad,1,42,ICICI,0
30239.85,soft_decline,upi,bad,3,41,HDFC,0
43579.55,soft_decline,card,bad,2,57,None,1
49945.34,hard_decline,upi,bad,2,11,None,0
30427.36,duplicate,upi,medium,3,12,Axis,0
20294.82,soft_decline,upi,medium,2,11,ICICI,1
11337.83,soft_decline,card,bad,2,37,None,0
12929.09,soft_decline,netbanking,bad,2,2,None,0
24024.8,soft_decline,card,medium,2,71,SBI,1
18427.16,soft_decline,card,medium,2,61,ICICI,1
45699.34,timeout,card,bad,1,30,SBI,1
18477.94,soft_decline,upi,medium,2,71,HDFC,0
18734.89,hard_decline,upi,good,1,36,Axis,0
19238.37,timeout,card,medium,1,23,ICICI,1
41847.35,hard_decline,card,good,1,67,None,1
32574.34,soft_decline,upi,medium,1,63,ICICI,0
30747.03,duplicate,upi,bad,3,15,HDFC,0
16773.74,soft_decline,card,good,1,17,None,1
40913.42,timeout,netbanking,bad,3,67,HDFC,0
2014.36,soft_decline,netbanking,bad,3,39,SBI,0
43552.78,hard_decline,card,bad,1,57,HDFC,0
25686.22,soft_decline,upi,bad,2,44,Axis,0
19972.69,soft_decline,card,medium,2,52,HDFC,1
24908.65,soft_decline,upi,medium,1,26,SBI,0
33404.03,soft_decline,card,bad,1,35,ICICI,1
736.99,timeout,card,medium,3,67,HDFC,1
43590.44,timeout,upi,medium,3,12,Axis,0
22392.3,soft_decline,netbanking,medium,2,50,HDFC,1
17214.03,hard_decline,card,medium,3,47,None,0
6998.45,timeout,card,bad,3,59,None,0
22029.32,timeout,card,medium,1,69,None,1
24866.51,soft_decline,upi,bad,3,50,HDFC,0
20241.97,timeout,upi,medium,3,13,HDFC,0
33965.14,soft_decline,upi,medium,3,42,ICICI,0
21102.74,hard_decline,upi,good,2,2,Axis,0
48074.74,hard_decline,upi,bad,1,24,ICICI,0
30003.95,timeout,upi,good,2,33,SBI,1
40393.15,duplicate,upi,bad,1,69,Axis,0
5556.86,duplicate,upi,bad,1,55,HDFC,0
19924.84,soft_decline,netbanking,medium,3,64,None,0
16908.7,duplicate,card,bad,2,59,None,0
28517.17,soft_decline,card,medium,2,47,Axis,1
43069.56,soft_decline,card,good,3,71,None,0
4009.08,hard_decline,netbanking,medium,2,18,ICICI,0
3721.48,hard_decline,card,good,1,34,HDFC,0
42530.85,timeout,card,medium,1,32,ICICI,0
10721.22,hard_decline,netbanking,medium,1,41,Axis,1
33470.79,duplicate,netbanking,bad,3,53,Axis,0
27189.62,soft_decline,netbanking,medium,2,38,ICICI,1
41661.39,soft_decline,card,medium,1,63,SBI,1
6341.94,duplicate,netbanking,medium,3,37,ICICI,0
6576.17,soft_decline,card,medium,1,37,None,1
27885.24,timeout,card,good,1,51,ICICI,1
47324.29,timeout,card,good,2,46,HDFC,1
20808.39,hard_decline,upi,bad,3,64,Axis,1
16414.41,timeout,card,medium,1,41,HDFC,1
30373.8,soft_decline,upi,good,1,54,SBI,1
46529.39,timeout,netbanking,medium,3,58,Axis,1
41862.7,soft_decline,card,medium,3,65,None,0
49774.63,hard_decline,card,bad,2,53,None,0
1226.17,soft_decline,card,bad,1,50,None,0
5731.62,hard_decline,netbanking,bad,2,22,ICICI,0
30512.44,timeout,card,medium,1,10,None,1
41046.76,duplicate,card,good,2,35,None,0
14333.69,timeout,card,good,1,55,SBI,1
12036.63,hard_decline,netbanking,medium,3,41,Axis,0
39370.09,duplicate,card,medium,2,12,SBI,0
2913.45,hard_decline,card,medium,3,51,HDFC,1
18532.19,hard_decline,card,good,1,29,SBI,0
25339.88,hard_decline,netbanking,medium,3,11,None,0
28061.4,hard_decline,card,good,2,20,ICICI,0
36457.9,timeout,upi,bad,2,11,Axis,1
17806.8,soft_decline,card,good,3,61,Axis,0
30672.95,hard_decline,netbanking,medium,1,38,None,0
29310.23,timeout,upi,good,2,43,None,1
27426.04,duplicate,upi,medium,1,3,ICICI,0
32060.12,timeout,card,good,2,30,Axis,1
13046.51,hard_decline,card,good,1,23,None,0
4323.97,timeout,card,good,1,41,ICICI,1
6051.66,soft_decline,upi,medium,3,48,SBI,0
11306.66,hard_decline,netbanking,medium,1,19,ICICI,0
25059.88,duplicate,card,bad,2,7,SBI,0
42038.09,duplicate,netbanking,good,3,32,HDFC,0
35094.54,timeout,card,good,2,67,None,0
39473.13,soft_decline,netbanking,medium,3,37,None,0
17613.68,timeout,card,medium,3,35,Axis,0
20292.22,duplicate,card,good,1,47,Axis,0
19744.73,soft_decline,card,medium,1,7,None,1
9674.47,hard_decline,upi,bad,2,59,ICICI,0
3154.71,timeout,upi,medium,2,23,Axis,1
29586.71,hard_decline,card,medium,1,16,None,0
49461.91,duplicate,upi,good,2,64,SBI,0
8424.8,hard_decline,card,good,2,38,ICICI,0
2429.57,timeout,card,bad,1,54,None,1
38998.63,timeout,card,good,3,60,ICICI,1
12704.04,hard_decline,upi,good,1,30,None,0
41499.23,timeout,upi,bad,2,27,None,1
35226.44,hard_decline,upi,bad,3,31,SBI,0
47289.11,hard_decline,upi,medium,1,6,HDFC,1
20505.47,soft_decline,card,medium,3,13,None,0
33132.29,soft_decline,upi,bad,2,53,None,1
23296.25,timeout,card,bad,3,69,HDFC,0
31566.38,duplicate,upi,good,2,50,Axis,0
22534.99,soft_decline,card,medium,1,29,ICICI,0
9512.75,soft_decline,upi,good,3,29,ICICI,1
25444.08,soft_decline,upi,good,3,15,Axis,1
26476.35,timeout,card,medium,3,22,None,1
40549.13,duplicate,upi,medium,2,30,HDFC,0
36802.48,timeout,card,good,1,11,HDFC,0
33223.2,timeout,card,medium,1,2,None,1
5758.02,hard_decline,upi,medium,2,66,SBI,1
36058.75,soft_decline,netbanking,medium,3,37,SBI,1
25065.23,timeout,card,bad,2,15,None,1
44715.57,timeout,card,bad,2,3,HDFC,1
46001.56,timeout,upi,bad,1,19,None,1
2852.31,timeout,upi,medium,2,44,SBI,1
41050.01,timeout,card,medium,3,12,None,0
1981.1,timeout,netbanking,bad,2,1,Axis,1
18421.76,duplicate,upi,bad,2,30,Axis,0
27160.77,duplicate,card,bad,2,27,None,0
7490.23,hard_decline,card,medium,3,58,Axis,0
37341.06,soft_decline,card,good,2,10,SBI,0
516.9,hard_decline,upi,bad,1,34,HDFC,0
8513.09,timeout,card,bad,2,48,ICICI,0
29081.76,soft_decline,netbanking,bad,2,43,None,0
35747.94,soft_decline,card,good,1,57,ICICI,1
45840.49,soft_decline,upi,medium,1,50,None,1
35304.28,timeout,card,medium,1,16,Axis,1
33621.79,hard_decline,netbanking,bad,1,3,None,0
19777.62,soft_decline,upi,bad,1,32,SBI,0
164.09,soft_decline,card,good,1,61,Axis,1
6095.95,timeout,netbanking,medium,3,71,None,1
26774.27,soft_decline,card,good,2,42,SBI,1
33788.98,soft_decline,upi,medium,3,41,ICICI,1
20930.67,timeout,netbanking,medium,3,50,Axis,1
36560.88,hard_decline,upi,bad,1,37,None,0
26140.93,soft_decline,netbanking,bad,2,42,HDFC,0
3801.39,timeout,netbanking,medium,3,47,None,1
9681.61,soft_decline,netbanking,medium,2,41,SBI,1
42015.91,timeout,card,medium,2,56,None,1
36273.15,soft_decline,card,medium,1,53,HDFC,0
44748.62,soft_decline,upi,bad,2,16,ICICI,1
5966.11,timeout,upi,bad,3,50,None,1
49512.1,timeout,upi,good,3,8,ICICI,0
10549.4,soft_decline,card,medium,1,7,SBI,1
687.82,soft_decline,netbanking,good,3,62,ICICI,1
49871.4,timeout,netbanking,medium,1,55,SBI,1
14125.59,timeout,card,medium,3,69,HDFC,0
33434.17,soft_decline,card,good,3,8,SBI,0
8916.45,timeout,card,bad,1,4,ICICI,1
29053.4,soft_decline,card,medium,2,71,None,1
45211.35,hard_decline,upi,bad,1,63,ICICI,0
16077.04,soft_decline,netbanking,good,2,51,None,0
33545.67,soft_decline,card,bad,2,34,Axis,1
9476.39,soft_decline,upi,bad,1,59,None,0
31277.29,hard_decline,upi,good,1,38,None,0
16888.87,hard_decline,card,medium,1,5,None,0
10639.29,hard_decline,upi,bad,2,20,SBI,0
15727.78,soft_decline,upi,medium,2,35,None,1
9024.17,soft_decline,netbanking,medium,2,17,HDFC,0
45105.61,timeout,card,bad,2,0,HDFC,1
19919.63,soft_decline,upi,good,1,16,SBI,1
12339.44,timeout,card,medium,1,68,None,1
22475.55,soft_decline,card,medium,2,5,ICICI,1
16094.75,hard_decline,card,medium,3,57,None,0
37246.52,hard_decline,card,good,1,44,HDFC,1
48563.87,duplicate,card,medium,3,71,None,0
21957.88,soft_decline,card,bad,3,47,None,0
43065.57,soft_decline,upi,medium,3,49,None,0
28336.57,timeout,upi,medium,2,55,Axis,1
7946.06,duplicate,card,good,1,8,Axis,0
34562.07,duplicate,card,bad,3,61,HDFC,0
25720.38,hard_decline,upi,medium,2,30,HDFC,0
32565.27,hard_decline,card,bad,1,64,None,0
44495.4,timeout,card,good,2,60,ICICI,0
22077.69,hard_decline,upi,medium,1,9,HDFC,0
45068.76,timeout,card,good,1,52,SBI,0
37558.38,timeout,card,medium,2,63,ICICI,1
24481.39,timeout,card,good,3,63,ICICI,1
30200.78,hard_decline,card,bad,1,49,ICICI,0
16346.5,hard_decline,netbanking,bad,1,64,ICICI,0
49181.51,timeout,card,good,3,13,None,0
33400.82,hard_decline,upi,good,1,22,ICICI,0
2287.96,hard_decline,upi,bad,3,27,Axis,0
16398.43,soft_decline,card,medium,1,57,ICICI,1
31203.39,soft_decline,card,medium,3,39,None,0
2911.03,hard_decline,netbanking,good,1,63,ICICI,0
1291.82,timeout,netbanking,medium,1,1,Axis,1
22556.21,soft_decline,card,good,1,42,None,0
16701.24,hard_decline,card,medium,3,11,ICICI,0
21971.1,soft_decline,upi,medium,1,34,None,1
13208.4,soft_decline,card,bad,2,68,HDFC,1
8319.42,duplicate,card,medium,2,62,HDFC,0
34488.25,timeout,card,medium,2,40,SBI,1
25777.1,soft_decline,card,good,1,63,SBI,0
10087.7,timeout,card,bad,3,17,SBI,0
16047.51,soft_decline,card,medium,3,69,HDFC,0
29631.21,duplicate,upi,good,1,10,HDFC,0
3704.24,soft_decline,upi,good,2,64,HDFC,1
7457.91,soft_decline,card,good,3,22,None,0
3754.96,hard_decline,card,good,1,3,ICICI,0
40634.63,timeout,upi,medium,3,6,Axis,1
37645.22,soft_decline,card,medium,2,40,Axis,0
37690.32,timeout,card,bad,2,48,None,1
35844.63,soft_decline,card,good,3,16,None,0
33502.33,duplicate,card,bad,1,54,ICICI,0
23901.9,soft_decline,netbanking,medium,1,26,SBI,1
32149.68,duplicate,upi,good,3,11,ICICI,0
2014.24,hard_decline,card,bad,2,46,HDFC,0
31111.07,hard_decline,upi,bad,1,33,HDFC,1
38916.1,duplicate,card,medium,3,7,None,0
25067.88,duplicate,card,medium,3,22,HDFC,0
17939.92,timeout,card,bad,2,25,HDFC,1
13943.59,soft_decline,upi,medium,2,33,SBI,0
32175.82,hard_decline,card,good,1,31,ICICI,0
34670.78,hard_decline,card,good,1,5,HDFC,1
43561.28,hard_decline,card,medium,1,64,HDFC,0
17182.47,hard_decline,card,medium,2,58,None,0
38511.64,soft_decline,upi,bad,3,49,None,0
28111.66,timeout,netbanking,good,1,67,SBI,1
44153.54,timeout,upi,bad,1,7,None,0
26437.82,soft_decline,upi,medium,1,39,None,0
25929.73,hard_decline,netbanking,medium,3,45,Axis,0
28936.07,hard_decline,card,good,1,32,None,1
37490.84,timeout,card,bad,1,57,None,1
48238.05,soft_decline,card,medium,2,2,Axis,1
3770.81,timeout,card,medium,2,26,SBI,1
2766.39,soft_decline,card,bad,2,64,HDFC,1
46883.76,hard_decline,card,bad,3,56,SBI,0
26540.79,timeout,card,good,2,34,None,1
30783.66,timeout,upi,bad,1,51,None,1
24172.94,soft_decline,netbanking,bad,1,50,Axis,0
4773.51,hard_decline,card,good,3,16,HDFC,1
38427.66,duplicate,card,good,3,51,None,0
37386.51,soft_decline,upi,medium,1,47,SBI,0
15654.0,timeout,card,medium,3,57,Axis,1
15381.34,timeout,card,bad,1,25,ICICI,0
41908.28,timeout,card,good,2,26,ICICI,1
3710.63,soft_decline,upi,bad,1,23,SBI,0
44067.15,soft_decline,netbanking,bad,3,10,SBI,0
12907.42,duplicate,upi,medium,2,7,ICICI,0
29689.94,soft_decline,card,bad,1,47,None,0
46806.11,soft_decline,card,bad,3,31,HDFC,0
33938.31,timeout,card,good,3,28,HDFC,0
20780.05,soft_decline,netbanking,bad,2,4,HDFC,0
34507.76,timeout,upi,bad,1,48,Axis,1
17264.58,timeout,card,good,1,12,SBI,1
13935.19,timeout,upi,bad,3,41,SBI,1
49834.5,timeout,card,good,2,9,Axis,1
37564.43,soft_decline,netbanking,medium,1,25,ICICI,1
32271.53,soft_decline,netbanking,bad,2,25,HDFC,0
17828.95,timeout,card,bad,3,22,ICICI,1
2553.13,hard_decline,upi,bad,1,43,None,0
1649.74,duplicate,card,medium,3,38,None,0
27753.64,timeout,card,medium,1,42,None,0
38125.43,soft_decline,upi,medium,3,51,HDFC,1
26915.22,timeout,upi,medium,1,57,HDFC,0
42055.18,soft_decline,card,medium,2,31,HDFC,0
1767.98,soft_decline,upi,bad,1,17,None,0
18400.93,timeout,upi,medium,1,41,None,1
11929.81,timeout,card,medium,3,1,SBI,1
22418.92,hard_decline,card,good,1,59,None,0
3711.58,soft_decline,upi,medium,1,32,ICICI,1
47711.17,soft_decline,card,good,1,45,None,1
11240.44,soft_decline,netbanking,medium,3,58,Axis,0
46123.16,soft_decline,card,good,1,56,None,1
21352.07,soft_decline,card,good,2,61,SBI,0
49277.65,timeout,card,medium,2,62,HDFC,1
27747.51,duplicate,upi,medium,3,30,SBI,0
46548.56,soft_decline,upi,medium,1,38,ICICI,1
366.91,soft_decline,card,good,3,21,Axis,0
37437.12,timeout,card,bad,1,16,HDFC,1
45162.23,timeout,netbanking,good,3,2,ICICI,0
7072.06,duplicate,card,bad,1,31,HDFC,0
4896.68,soft_decline,card,bad,1,32,None,1
21286.17,soft_decline,card,good,3,63,SBI,0
46690.58,hard_decline,card,medium,3,9,None,0
27165.09,timeout,card,bad,3,4,HDFC,1
26420.08,hard_decline,card,medium,1,67,HDFC,0
7142.19,hard_decline,card,good,3,37,None,0
139.4,soft_decline,netbanking,medium,1,40,Axis,1
40525.99,hard_decline,card,medium,2,60,HDFC,0
4469.97,timeout,upi,bad,2,14,None,1
31729.11,hard_decline,upi,bad,1,51,None,0
45739.36,timeout,card,good,1,7,Axis,1
10511.73,hard_decline,upi,medium,3,55,None,0
33297.11,soft_decline,card,good,1,29,HDFC,1
4027.06,soft_decline,card,bad,1,33,None,0
30227.38,hard_decline,netbanking,medium,2,58,HDFC,0
8280.19,soft_decline,upi,bad,3,55,None,0
36824.08,timeout,netbanking,medium,3,12,SBI,1
15131.44,timeout,netbanking,bad,1,50,HDFC,1
23223.21,soft_decline,card,good,3,58,HDFC,0
30011.58,soft_decline,card,bad,2,61,SBI,0
8646.54,duplicate,card,medium,2,28,HDFC,0
37107.73,soft_decline,netbanking,bad,2,61,None,0
15201.75,soft_decline,netbanking,good,1,6,HDFC,1
33152.36,soft_decline,upi,medium,1,43,SBI,1
7998.32,timeout,card,medium,2,5,Axis,1
34437.07,soft_decline,card,good,2,61,Axis,1
6496.58,hard_decline,netbanking,medium,3,67,Axis,0
21325.29,hard_decline,netbanking,medium,3,69,HDFC,0
12435.58,soft_decline,card,good,3,16,SBI,1
37443.92,soft_decline,card,good,3,48,ICICI,0
13175.55,timeout,card,medium,2,23,HDFC,1
44097.69,timeout,card,medium,3,11,ICICI,1
44601.83,soft_decline,netbanking,medium,2,56,Axis,1
9902.42,soft_decline,card,medium,2,28,HDFC,0
30730.91,timeout,upi,good,1,61,HDFC,1
4477.11,timeout,card,good,3,26,HDFC,1
19637.7,soft_decline,card,bad,2,4,HDFC,0
35694.75,hard_decline,card,good,1,39,None,1
33005.22,soft_decline,upi,medium,1,46,None,1
31272.56,soft_decline,upi,medium,2,8,ICICI,1
14198.79,soft_decline,card,bad,2,15,Axis,0
18963.44,timeout,card,good,3,12,None,1
5237.01,hard_decline,card,bad,3,53,ICICI,1
35979.24,timeout,card,medium,2,14,None,1
25244.05,timeout,upi,good,2,24,None,1
35467.41,timeout,upi,good,1,15,SBI,0
12522.28,soft_decline,card,medium,1,43,None,1
16289.47,soft_decline,netbanking,medium,1,46,ICICI,1
16777.35,duplicate,upi,medium,1,32,None,0
1384.55,timeout,card,bad,1,25,None,1
17118.29,timeout,card,medium,3,39,None,1
40184.9,soft_decline,netbanking,medium,1,70,HDFC,0
44875.19,soft_decline,upi,bad,2,44,Axis,0
25959.09,timeout,card,bad,3,42,SBI,0
22829.53,soft_decline,upi,good,1,71,Axis,0
1638.15,hard_decline,card,bad,1,22,HDFC,1
43972.3,hard_decline,netbanking,medium,1,46,ICICI,0
749.21,soft_decline,netbanking,good,2,43,ICICI,0
47243.03,soft_decline,upi,good,1,41,None,1
24511.89,soft_decline,upi,good,2,11,Axis,1
17162.53,soft_decline,card,medium,2,35,HDFC,1
46218.5,timeout,upi,good,1,12,ICICI,1
1317.11,soft_decline,upi,medium,1,64,None,1
29113.1,soft_decline,card,medium,3,26,HDFC,1
27491.73,timeout,upi,bad,3,19,ICICI,1
11044.09,hard_decline,netbanking,medium,3,17,ICICI,0
21501.48,soft_decline,card,medium,2,63,ICICI,1
32647.97,timeout,card,bad,1,8,HDFC,0
36383.85,duplicate,upi,bad,3,24,ICICI,0
135.77,soft_decline,netbanking,bad,2,0,SBI,0
46848.99,hard_decline,netbanking,good,3,58,Axis,0
8309.82,timeout,upi,good,3,35,Axis,0
11755.66,soft_decline,netbanking,medium,1,17,HDFC,1
13247.32,timeout,upi,medium,1,46,Axis,1
1987.22,duplicate,card,good,2,32,ICICI,0
6240.3,duplicate,upi,good,1,21,None,0
49318.86,soft_decline,card,bad,3,64,ICICI,0
15829.32,soft_decline,card,medium,2,10,None,1
5853.52,duplicate,card,medium,2,25,Axis,0
5438.86,hard_decline,card,good,2,69,SBI,1
36001.05,soft_decline,card,bad,2,62,SBI,0
42742.98,timeout,card,medium,1,37,HDFC,1
12921.92,soft_decline,card,good,3,48,Axis,1
1143.38,soft_decline,card,bad,1,16,None,0
11232.19,timeout,card,bad,1,56,SBI,1
2920.13,soft_decline,upi,bad,2,13,None,0
5259.41,soft_decline,netbanking,bad,1,7,HDFC,0
21632.26,soft_decline,netbanking,medium,1,55,Axis,0
11572.93,timeout,card,bad,3,22,Axis,1
25845.7,soft_decline,upi,good,2,43,ICICI,1
12749.34,hard_decline,card,medium,1,65,ICICI,0
47032.81,timeout,card,good,2,2,None,1
45306.6,timeout,upi,good,3,52,Axis,0
28383.62,soft_decline,upi,medium,1,12,None,0
17785.76,timeout,netbanking,good,3,68,None,0
19119.23,soft_decline,upi,medium,3,0,Axis,0
20651.43,timeout,card,medium,2,20,HDFC,1
36406.21,hard_decline,netbanking,medium,2,55,Axis,0
22636.79,soft_decline,upi,good,2,1,ICICI,1
42850.82,timeout,netbanking,good,1,30,SBI,1
47210.33,soft_decline,upi,medium,2,12,None,0
16863.71,soft_decline,card,medium,1,13,None,1
28078.65,soft_decline,card,good,3,56,Axis,0
4843.32,timeout,card,medium,2,12,ICICI,0
10103.41,soft_decline,card,bad,3,13,ICICI,0
20731.94,soft_decline,card,good,2,26,HDFC,1
10389.52,soft_decline,card,medium,3,69,Axis,1
43840.37,hard_decline,netbanking,medium,1,59,None,0
7998.48,hard_decline,netbanking,bad,3,69,None,0
22837.47,soft_decline,upi,good,1,14,SBI,1
30324.39,soft_decline,card,medium,2,55,None,1
34624.01,hard_decline,card,bad,2,61,None,0
19215.16,timeout,upi,medium,2,12,ICICI,0
43468.04,timeout,card,medium,1,6,SBI,1
28459.13,timeout,netbanking,good,2,20,ICICI,0
22031.44,soft_decline,netbanking,bad,1,13,HDFC,0
3455.31,duplicate,card,bad,1,2,SBI,0
23288.0,soft_decline,upi,medium,3,62,None,0
41054.72,duplicate,card,good,2,42,Axis,0
30765.6,soft_decline,upi,good,3,11,None,0
41624.91,hard_decline,card,medium,1,54,Axis,0
24751.18,soft_decline,card,good,3,58,HDFC,0
6011.24,soft_decline,upi,medium,2,19,ICICI,0
780.63,timeout,upi,medium,1,68,HDFC,1
15230.66,timeout,upi,bad,3,44,None,0
34929.72,duplicate,card,good,2,54,None,0
39533.97,timeout,upi,medium,2,58,ICICI,1
14858.07,hard_decline,upi,bad,3,59,None,0
24833.13,soft_decline,netbanking,medium,1,60,SBI,0
21113.83,duplicate,netbanking,bad,2,41,ICICI,0
20585.09,hard_decline,upi,good,1,43,None,0
11644.3,timeout,upi,bad,2,5,ICICI,0
6904.92,hard_decline,upi,bad,1,68,Axis,0
9914.76,hard_decline,card,medium,1,21,None,0
2861.09,duplicate,card,medium,2,64,None,0
9986.72,soft_decline,netbanking,good,3,19,None,1
559.12,soft_decline,netbanking,medium,3,46,Axis,0
31400.19,soft_decline,upi,medium,3,47,Axis,1
15887.13,timeout,card,good,1,23,None,1
48659.92,soft_decline,card,bad,3,71,HDFC,1
9766.48,soft_decline,card,bad,3,38,ICICI,0
17356.85,soft_decline,card,bad,2,54,None,0
17956.27,hard_decline,card,medium,1,54,HDFC,0
521.73,hard_decline,netbanking,medium,3,69,Axis,0
41976.48,soft_decline,card,bad,2,62,HDFC,0
1696.52,duplicate,upi,medium,1,18,ICICI,0
47014.97,duplicate,card,medium,2,57,Axis,0
44614.51,soft_decline,netbanking,medium,3,25,None,1
26822.54,timeout,netbanking,medium,1,46,Axis,1
27225.42,hard_decline,card,good,1,13,SBI,1
32723.52,soft_decline,netbanking,good,3,2,ICICI,0
19413.8,soft_decline,upi,medium,2,68,Axis,1
32396.39,hard_decline,card,medium,1,13,HDFC,1
2333.94,hard_decline,upi,bad,1,7,HDFC,0
2796.98,soft_decline,card,medium,1,14,HDFC,1
22915.8,timeout,upi,good,3,44,ICICI,1
27526.15,hard_decline,netbanking,medium,2,44,HDFC,0
44402.1,timeout,upi,good,3,2,ICICI,0
5322.57,soft_decline,card,good,1,10,ICICI,1
41150.13,hard_decline,card,good,2,8,ICICI,0
10581.36,soft_decline,card,medium,2,3,None,1
19764.77,hard_decline,card,good,3,49,SBI,0
15898.46,timeout,card,good,3,5,None,1
20067.75,timeout,card,bad,1,43,None,1
7609.73,soft_decline,upi,good,3,4,None,1
25228.15,timeout,upi,good,3,56,SBI,1
40101.97,duplicate,card,bad,3,48,HDFC,0
22132.55,timeout,card,medium,3,68,None,1
24581.62,soft_decline,card,good,3,27,SBI,1
42453.5,timeout,card,good,1,38,Axis,1
35332.3,soft_decline,card,medium,2,33,None,0
24573.67,timeout,card,medium,3,61,Axis,0
12959.01,hard_decline,upi,good,2,11,None,0
44257.84,soft_decline,netbanking,good,2,68,ICICI,0
28893.32,soft_decline,card,bad,3,53,HDFC,1
11135.27,soft_decline,upi,medium,3,36,Axis,1
13529.08,duplicate,card,medium,2,32,Axis,0
40176.34,soft_decline,netbanking,good,1,48,None,0
2302.86,hard_decline,card,good,2,0,None,0
49605.4,duplicate,card,medium,1,46,None,0
6604.55,soft_decline,card,bad,2,36,None,0
39823.82,hard_decline,card,good,3,8,Axis,0
19799.29,hard_decline,upi,bad,1,17,SBI,0
24661.59,hard_decline,netbanking,good,2,43,None,0
44044.46,soft_decline,upi,medium,1,69,ICICI,1
20704.27,soft_decline,card,good,3,62,ICICI,0
26920.94,timeout,upi,medium,1,2,None,1
2560.05,duplicate,upi,medium,3,17,None,0
217.14,soft_decline,netbanking,medium,3,36,None,1
12315.51,soft_decline,upi,medium,1,19,HDFC,0
34061.1,soft_decline,upi,medium,3,35,ICICI,1
6151.12,timeout,upi,bad,3,3,ICICI,1
5776.72,soft_decline,upi,good,3,16,ICICI,0
20606.93,timeout,card,medium,1,56,HDFC,1
32427.07,soft_decline,card,good,3,48,ICICI,1
35632.39,duplicate,upi,medium,2,52,None,0
9004.69,hard_decline,netbanking,bad,3,9,ICICI,1
4071.45,timeout,card,good,2,28,None,1
47025.81,soft_decline,netbanking,bad,1,8,SBI,0
13107.25,timeout,card,bad,2,20,HDFC,1
42681.99,soft_decline,card,medium,3,0,None,0
43188.22,soft_decline,card,good,3,35,None,1
38648.88,soft_decline,netbanking,bad,3,5,None,0
8524.8,timeout,card,bad,3,17,SBI,0
41107.89,timeout,card,good,3,71,None,0
38485.6,hard_decline,card,bad,3,10,None,0
29876.48,hard_decline,upi,bad,1,68,HDFC,0
16926.38,soft_decline,netbanking,medium,3,20,SBI,0
13199.18,timeout,card,bad,2,8,SBI,1
6182.27,timeout,netbanking,medium,2,1,SBI,1
25536.88,timeout,netbanking,medium,2,3,SBI,1
29304.52,hard_decline,card,medium,1,11,HDFC,0
18031.02,duplicate,upi,good,2,38,ICICI,0
23820.42,timeout,card,bad,2,59,SBI,1
18239.37,timeout,card,good,2,33,ICICI,1
32086.2,soft_decline,upi,medium,1,58,HDFC,1
45072.83,timeout,upi,bad,2,71,HDFC,1
8279.62,hard_decline,card,good,2,5,HDFC,0
19132.3,soft_decline,card,medium,1,31,SBI,1
7129.34,soft_decline,netbanking,medium,3,27,ICICI,1
31284.69,hard_decline,upi,good,2,40,None,0
36470.64,hard_decline,card,bad,3,71,ICICI,0
46602.45,hard_decline,card,medium,2,26,None,0
14015.71,soft_decline,card,medium,1,52,HDFC,1
47515.54,timeout,card,good,3,10,ICICI,1
3256.81,hard_decline,upi,good,1,21,None,0
30190.39,soft_decline,upi,good,3,4,Axis,1
2950.92,soft_decline,card,good,1,33,SBI,1
44699.33,timeout,upi,medium,3,61,None,1
26537.47,timeout,card,medium,3,30,HDFC,0
33500.48,soft_decline,upi,good,3,46,SBI,0
41595.54,duplicate,card,good,2,36,ICICI,0
7600.5,soft_decline,card,medium,3,25,ICICI,0
2025.72,duplicate,card,bad,3,42,Axis,0
43956.17,soft_decline,upi,medium,2,60,HDFC,1
15815.17,soft_decline,card,good,2,37,HDFC,0
6536.05,hard_decline,card,bad,1,31,SBI,0
23476.22,soft_decline,card,bad,1,68,ICICI,1
29955.47,hard_decline,card,medium,2,61,None,0
1645.43,timeout,card,medium,2,24,HDFC,1
13817.29,timeout,upi,medium,2,32,None,0
1736.71,hard_decline,card,bad,2,63,Axis,0
21074.74,hard_decline,upi,medium,2,70,SBI,0
44765.49,soft_decline,netbanking,bad,1,15,SBI,0
49134.36,soft_decline,upi,good,2,48,None,1
31888.67,timeout,upi,medium,2,14,ICICI,1
8165.72,soft_decline,upi,bad,1,19,None,0
45301.88,timeout,netbanking,bad,3,21,None,0
25860.77,hard_decline,card,bad,1,9,Axis,0
7772.09,soft_decline,netbanking,bad,1,71,None,0
46094.16,hard_decline,netbanking,bad,2,54,ICICI,0
37897.71,soft_decline,card,medium,3,27,HDFC,0
36612.09,hard_decline,card,medium,1,8,ICICI,0
35488.12,timeout,netbanking,medium,3,30,None,1
10096.96,hard_decline,upi,medium,1,56,HDFC,0
10629.23,soft_decline,card,medium,2,30,None,0
34445.82,timeout,upi,medium,1,42,None,0
11064.17,soft_decline,card,good,1,8,SBI,0
21989.72,timeout,card,good,1,41,HDFC,1
39121.89,hard_decline,upi,bad,3,49,ICICI,1
39219.23,hard_decline,upi,good,3,36,ICICI,0
22717.76,timeout,netbanking,good,2,70,None,0
39630.28,timeout,card,medium,3,71,ICICI,1
41947.23,soft_decline,netbanking,good,3,16,None,1
32773.31,soft_decline,card,medium,3,47,HDFC,1
11498.45,timeout,upi,good,2,1,None,0
13773.19,soft_decline,card,good,2,41,ICICI,1
15810.57,hard_decline,card,bad,2,62,HDFC,0
5928.52,timeout,netbanking,bad,2,10,HDFC,1
13730.67,timeout,card,good,1,55,ICICI,1
10555.01,timeout,netbanking,medium,2,44,Axis,1
22820.9,timeout,card,medium,2,44,Axis,1
45431.03,timeout,card,bad,1,28,ICICI,0
5313.57,timeout,card,medium,1,33,ICICI,1
36041.37,timeout,upi,good,3,68,None,1
34395.42,hard_decline,card,medium,3,19,ICICI,0
4878.13,hard_decline,upi,medium,2,71,ICICI,1
46136.36,timeout,upi,good,3,69,SBI,1
28466.76,timeout,card,medium,1,17,None,1
18249.9,soft_decline,card,bad,3,71,HDFC,0
37851.28,soft_decline,card,medium,3,59,ICICI,1
12942.54,duplicate,netbanking,good,2,54,None,0
34706.14,hard_decline,card,bad,1,51,None,0
2081.59,soft_decline,card,bad,1,24,SBI,0
41986.46,timeout,card,medium,3,65,HDFC,1
22463.73,duplicate,upi,medium,3,27,None,0
31870.98,timeout,upi,medium,3,19,None,0
11139.77,timeout,netbanking,good,2,69,Axis,1
33885.98,soft_decline,netbanking,medium,3,36,SBI,0
38634.79,timeout,card,bad,3,15,None,1
23713.34,hard_decline,card,medium,2,34,ICICI,1
30924.57,timeout,upi,good,1,54,ICICI,1
22870.66,soft_decline,netbanking,good,2,64,None,1
44715.16,soft_decline,card,medium,3,13,Axis,0
24943.67,hard_decline,card,good,3,23,None,0
42106.25,soft_decline,netbanking,medium,1,37,Axis,1
40087.47,timeout,card,medium,2,8,HDFC,1
20584.19,duplicate,card,good,3,58,HDFC,0
11581.22,timeout,netbanking,medium,1,50,ICICI,1
20363.5,timeout,netbanking,medium,3,50,None,0
41328.25,hard_decline,card,medium,1,18,None,1
11458.86,timeout,card,good,3,61,None,0
26269.37,timeout,card,good,3,9,Axis,0
40324.23,timeout,netbanking,bad,1,37,HDFC,1
17738.53,hard_decline,netbanking,bad,1,2,HDFC,0
32146.26,timeout,upi,bad,3,47,HDFC,1
12357.02,timeout,card,good,1,40,None,0
5553.04,soft_decline,card,good,3,16,HDFC,0
39739.77,timeout,upi,medium,3,68,None,0
5038.53,duplicate,card,bad,2,14,None,0
13641.93,hard_decline,upi,bad,3,55,HDFC,0
42769.96,timeout,upi,bad,3,14,None,1
17388.82,timeout,card,good,1,4,None,1
48654.96,timeout,netbanking,bad,2,43,Axis,1
48988.74,hard_decline,card,bad,1,2,SBI,0
13486.97,timeout,upi,good,1,46,Axis,1
2144.81,hard_decline,card,medium,3,29,SBI,0
35282.66,soft_decline,upi,medium,3,11,Axis,1
22604.23,timeout,upi,good,3,14,None,0
5127.57,timeout,card,medium,1,37,HDFC,0
35405.39,timeout,card,bad,1,27,ICICI,1
1655.63,soft_decline,card,bad,3,48,SBI,0
43522.81,soft_decline,card,bad,1,46,ICICI,0
7018.76,duplicate,upi,medium,2,11,None,0
6452.86,soft_decline,card,medium,2,53,None,1
8866.05,timeout,card,medium,2,31,SBI,1
48017.29,timeout,card,medium,1,0,None,1
34689.15,timeout,upi,good,2,15,HDFC,1
40088.44,soft_decline,upi,bad,3,10,ICICI,0
19941.99,timeout,card,good,3,54,None,0
16882.01,timeout,upi,good,3,35,Axis,1
11800.75,hard_decline,netbanking,good,2,29,None,0
24084.34,hard_decline,card,bad,2,67,None,0
27636.25,hard_decline,upi,good,1,55,ICICI,0
31625.56,soft_decline,card,medium,3,59,Axis,0
12930.21,timeout,card,bad,1,16,None,0
47437.84,timeout,upi,medium,2,32,ICICI,1
8570.95,duplicate,card,good,1,29,SBI,0
48286.09,hard_decline,netbanking,medium,3,12,HDFC,0
841.32,timeout,card,good,1,11,Axis,1
24108.17,soft_decline,card,good,1,31,HDFC,1
16735.06,timeout,upi,bad,2,33,SBI,1
22511.26,timeout,upi,good,2,11,None,1
28576.16,duplicate,upi,medium,2,3,None,0
21835.9,timeout,card,medium,2,25,None,0
20800.86,duplicate,netbanking,good,3,63,HDFC,0
36662.9,timeout,netbanking,medium,3,29,SBI,1
34325.23,timeout,card,good,1,33,None,0
41680.24,soft_decline,upi,medium,3,32,HDFC,1
12572.95,timeout,upi,medium,1,30,HDFC,0
30515.47,timeout,card,good,2,55,HDFC,0
29301.22,soft_decline,card,medium,1,61,ICICI,0
18549.92,soft_decline,card,good,1,30,None,1
24354.27,timeout,netbanking,medium,3,23,SBI,0
15757.73,soft_decline,card,bad,1,68,None,0
7178.04,hard_decline,upi,medium,3,50,HDFC,0
10768.68,timeout,card,bad,1,64,HDFC,0
5365.13,duplicate,upi,medium,3,8,None,0
34185.17,timeout,card,bad,2,7,SBI,1
33070.3,hard_decline,upi,good,3,35,SBI,0
47535.26,soft_decline,card,bad,2,68,SBI,1
36510.95,soft_decline,netbanking,medium,3,55,ICICI,1
2697.09,soft_decline,netbanking,bad,2,45,None,0
44223.83,soft_decline,upi,bad,2,9,SBI,1
43147.49,duplicate,card,medium,3,10,None,0
22221.68,hard_decline,card,bad,2,7,None,0
29334.57,soft_decline,netbanking,medium,1,67,None,0
48806.31,soft_decline,card,medium,1,17,Axis,0
26661.99,hard_decline,card,medium,2,2,None,0
45275.56,hard_decline,upi,good,2,14,None,0
4243.63,soft_decline,card,medium,2,59,HDFC,1
9633.49,duplicate,card,bad,3,71,ICICI,0
22093.67,soft_decline,upi,bad,1,54,None,0
29279.36,soft_decline,card,bad,2,69,ICICI,0
40829.77,soft_decline,card,medium,2,31,Axis,0
49414.28,hard_decline,upi,medium,3,5,None,0
19503.69,soft_decline,card,good,1,15,ICICI,1
2466.04,soft_decline,upi,good,2,65,SBI,1
40078.46,soft_decline,card,good,1,15,None,0
30258.6,timeout,upi,medium,3,13,ICICI,0
10007.29,soft_decline,card,bad,1,61,Axis,0
24791.94,soft_decline,card,good,2,17,SBI,1
37141.28,hard_decline,card,good,2,7,None,0
38543.55,soft_decline,card,medium,1,4,SBI,1
25030.96,hard_decline,netbanking,good,3,40,ICICI,0
15330.21,soft_decline,card,medium,3,58,HDFC,0
48689.75,soft_decline,upi,good,3,8,ICICI,0
33201.79,hard_decline,netbanking,medium,3,41,Axis,0
20471.05,soft_decline,upi,bad,2,17,HDFC,0
14095.11,soft_decline,card,medium,1,45,None,0
36582.04,hard_decline,card,bad,2,47,HDFC,0
12184.95,duplicate,netbanking,medium,1,27,ICICI,0
8668.33,timeout,upi,medium,1,36,SBI,1
26538.71,timeout,upi,bad,3,19,HDFC,0
14570.37,timeout,card,medium,3,37,Axis,1
31482.37,duplicate,netbanking,good,1,40,HDFC,0
5985.14,timeout,upi,good,1,61,HDFC,1
32781.56,timeout,card,bad,1,19,ICICI,1
14236.5,soft_decline,upi,medium,2,22,None,1
112.12,soft_decline,card,medium,1,49,None,0
6434.11,timeout,card,good,2,4,None,1
46687.41,duplicate,netbanking,good,1,59,SBI,0
43381.0,hard_decline,card,bad,3,42,ICICI,0
11757.09,timeout,upi,bad,1,35,ICICI,1
38940.76,hard_decline,card,medium,1,2,ICICI,0
30467.72,hard_decline,card,good,2,60,ICICI,0
48548.15,hard_decline,card,bad,1,53,HDFC,0
18742.92,hard_decline,netbanking,medium,2,35,ICICI,1
34104.88,soft_decline,card,bad,2,44,HDFC,0
3270.43,timeout,card,good,3,28,HDFC,1
19872.74,timeout,upi,medium,3,25,ICICI,1
48194.5,timeout,card,bad,3,7,ICICI,0
26995.15,soft_decline,card,medium,3,21,None,1
14465.19,timeout,card,bad,2,68,None,1
6101.52,soft_decline,card,medium,1,43,Axis,0
35206.06,soft_decline,card,good,2,40,None,1
32278.32,timeout,card,bad,3,35,Axis,0
18759.54,soft_decline,card,good,1,29,SBI,0
47551.97,soft_decline,upi,bad,2,48,HDFC,0
1207.92,soft_decline,card,bad,1,16,HDFC,1
15255.82,timeout,netbanking,bad,2,29,HDFC,1
46061.37,soft_decline,upi,bad,1,3,HDFC,0
16114.68,timeout,card,medium,1,34,HDFC,1
12687.42,timeout,netbanking,medium,3,16,HDFC,1
26757.6,timeout,card,bad,3,6,SBI,0
41207.71,timeout,card,good,1,61,SBI,1
5247.02,hard_decline,card,good,1,57,ICICI,0
47156.73,soft_decline,upi,medium,3,43,Axis,0
39774.14,soft_decline,card,good,2,57,ICICI,0
9144.39,hard_decline,card,bad,1,52,ICICI,0
35629.2,timeout,card,medium,2,71,Axis,1
19309.44,soft_decline,upi,good,3,8,None,1
20174.5,soft_decline,card,medium,1,5,None,1
39186.18,timeout,card,bad,2,18,SBI,1
48142.96,timeout,card,bad,3,19,ICICI,1
6420.13,timeout,netbanking,good,1,63,HDFC,1
21089.45,timeout,card,bad,2,26,Axis,1
24098.99,timeout,card,medium,1,6,ICICI,1
18877.96,timeout,netbanking,medium,2,23,Axis,1
18223.14,hard_decline,card,bad,2,7,None,0
2708.21,duplicate,upi,good,1,66,None,0
34308.38,hard_decline,netbanking,medium,3,10,SBI,0
21867.1,soft_decline,netbanking,medium,1,65,None,1
9820.21,soft_decline,card,good,3,0,None,1
40820.07,timeout,card,good,2,6,ICICI,1
40147.78,duplicate,card,good,2,23,HDFC,0
24370.94,soft_decline,netbanking,medium,2,11,ICICI,1
14992.69,soft_decline,netbanking,good,3,62,None,0
31940.83,timeout,card,medium,2,71,SBI,1
14478.79,duplicate,upi,medium,1,12,Axis,0
11876.8,soft_decline,netbanking,bad,2,69,None,0
36552.68,soft_decline,card,medium,3,23,Axis,1
2112.23,timeout,card,bad,3,37,None,1
4828.95,soft_decline,card,good,1,70,HDFC,1
438.73,timeout,card,bad,1,9,None,1
7731.87,soft_decline,netbanking,good,3,29,None,0
3542.6,soft_decline,netbanking,bad,3,26,None,0
49790.54,soft_decline,card,medium,1,29,None,0
14511.62,soft_decline,card,medium,1,1,ICICI,0
7548.47,soft_decline,card,medium,1,7,HDFC,1
12125.71,soft_decline,upi,good,1,16,HDFC,0
46812.67,timeout,upi,bad,3,47,SBI,0
26056.0,soft_decline,upi,bad,2,63,ICICI,0
18304.42,duplicate,upi,good,3,60,Axis,0
43682.23,soft_decline,card,bad,1,12,SBI,0
19810.01,timeout,card,good,3,20,HDFC,1
16816.93,soft_decline,netbanking,bad,1,1,HDFC,0
10443.4,soft_decline,card,bad,3,22,HDFC,0
18952.06,hard_decline,upi,good,1,15,HDFC,1
15902.55,hard_decline,card,medium,1,12,None,0
33897.47,timeout,upi,medium,3,3,ICICI,1
14550.18,timeout,upi,medium,1,1,HDFC,1
28902.27,timeout,upi,bad,2,64,None,1
3388.02,hard_decline,netbanking,medium,1,25,None,0
9645.33,timeout,card,bad,1,29,HDFC,0
20429.52,timeout,upi,good,1,37,None,1
46853.77,duplicate,card,medium,2,19,None,0
18924.87,timeout,upi,medium,3,24,SBI,1
33237.3,soft_decline,card,bad,2,51,ICICI,0
12828.85,soft_decline,netbanking,good,2,9,HDFC,1
6438.98,hard_decline,card,bad,2,40,None,0
3020.98,timeout,card,medium,3,60,Axis,0
15340.13,hard_decline,card,medium,1,1,Axis,0
7967.29,timeout,netbanking,medium,2,6,None,1
8783.12,soft_decline,card,bad,1,59,SBI,0
38061.89,soft_decline,card,medium,2,60,ICICI,1
890.32,soft_decline,card,medium,2,26,None,1
27934.73,hard_decline,card,medium,2,0,ICICI,0
19035.12,timeout,card,medium,2,26,ICICI,0
25376.84,soft_decline,upi,good,2,59,ICICI,1
28185.23,timeout,card,bad,2,52,None,1
15737.05,soft_decline,upi,good,3,35,None,0
14825.93,soft_decline,card,bad,1,23,ICICI,0
36696.75,timeout,card,medium,1,34,HDFC,1
43576.72,soft_decline,upi,medium,3,32,ICICI,1
9709.82,timeout,card,medium,2,16,Axis,1
4971.18,timeout,card,medium,3,68,Axis,1
44900.01,timeout,card,bad,3,34,ICICI,1
17559.78,soft_decline,card,bad,3,46,ICICI,0
27610.74,hard_decline,upi,good,1,58,None,1
18041.2,timeout,upi,bad,3,60,ICICI,0
6377.54,timeout,upi,medium,2,21,ICICI,0
29507.65,timeout,card,bad,3,26,Axis,0
26304.53,soft_decline,card,good,1,71,SBI,0
10229.38,soft_decline,card,good,1,14,ICICI,0
22648.27,hard_decline,upi,medium,2,35,SBI,0
39867.68,timeout,card,medium,3,56,HDFC,1
29562.26,soft_decline,card,bad,2,40,ICICI,1
4936.17,soft_decline,upi,good,3,44,SBI,1
27446.27,timeout,card,good,2,42,SBI,1
35166.64,soft_decline,netbanking,good,2,11,None,1
39655.9,soft_decline,card,good,2,67,ICICI,1
31492.97,soft_decline,upi,medium,1,66,SBI,0
7717.64,soft_decline,card,medium,1,3,None,1
35537.65,hard_decline,netbanking,medium,3,64,None,0
33899.36,soft_decline,card,good,1,4,ICICI,0
1318.9,soft_decline,card,good,2,1,ICICI,1
20646.21,soft_decline,card,good,1,45,Axis,0
16714.22,soft_decline,netbanking,bad,1,8,Axis,0
33503.66,timeout,netbanking,bad,3,7,SBI,0
10885.18,soft_decline,card,bad,2,57,HDFC,0
29584.51,hard_decline,upi,bad,1,62,ICICI,0
45668.98,soft_decline,upi,bad,1,60,None,0
39910.34,soft_decline,card,medium,3,14,None,0
46080.74,soft_decline,card,medium,3,41,HDFC,0
48927.45,soft_decline,netbanking,bad,2,49,SBI,0
632.44,timeout,card,medium,3,50,SBI,1
31174.79,hard_decline,card,good,2,24,SBI,0
20700.69,timeout,card,medium,2,21,SBI,0
43006.74,soft_decline,card,bad,1,21,SBI,0
12665.55,soft_decline,upi,bad,1,68,None,0
49053.37,soft_decline,card,good,1,68,ICICI,1
30724.03,timeout,card,bad,1,65,Axis,1
39697.52,soft_decline,card,bad,1,63,Axis,1
4371.42,hard_decline,card,good,2,21,None,0
9254.55,soft_decline,card,bad,1,12,Axis,1
37944.34,soft_decline,netbanking,bad,1,26,HDFC,0
1197.13,duplicate,card,good,1,46,Axis,0
40862.21,hard_decline,upi,medium,2,20,Axis,0
796.06,timeout,card,medium,3,30,HDFC,0
32890.23,timeout,card,medium,3,37,HDFC,1
18318.19,hard_decline,card,bad,1,38,HDFC,0
30613.59,soft_decline,upi,medium,3,35,HDFC,0
34831.97,timeout,netbanking,medium,2,64,HDFC,1
17189.51,soft_decline,card,bad,1,10,None,0
5487.33,hard_decline,card,bad,2,68,ICICI,0
3575.33,timeout,upi,good,2,33,ICICI,1
29487.91,timeout,card,bad,1,4,None,1
26080.7,timeout,upi,good,2,19,None,0
37135.83,timeout,card,medium,1,62,Axis,1
25535.8,soft_decline,upi,bad,2,44,SBI,1
21180.04,soft_decline,upi,bad,3,41,HDFC,0
19964.55,soft_decline,card,bad,3,12,None,0
1419.7,timeout,upi,good,3,8,None,0
16844.3,duplicate,card,good,2,4,SBI,0
48803.41,soft_decline,card,bad,1,37,Axis,0
43690.42,soft_decline,card,good,3,48,SBI,0
16535.97,hard_decline,card,good,1,27,ICICI,0
29430.99,timeout,card,bad,3,42,SBI,1
42380.11,hard_decline,netbanking,medium,3,69,Axis,1
22119.59,soft_decline,upi,medium,2,40,HDFC,0
996.1,duplicate,card,good,3,43,SBI,0
3818.07,timeout,netbanking,bad,1,28,None,1
25568.6,soft_decline,card,bad,1,67,SBI,1
48475.02,duplicate,upi,good,3,24,HDFC,0
34691.16,hard_decline,card,medium,1,67,None,0
3638.72,soft_decline,upi,good,1,13,Axis,1
9549.11,hard_decline,upi,bad,1,58,Axis,0
38589.02,timeout,upi,medium,1,61,Axis,1
42087.84,timeout,card,bad,1,16,ICICI,1
30922.96,soft_decline,card,medium,3,18,SBI,1
32256.72,duplicate,card,medium,1,28,ICICI,0
1514.04,soft_decline,card,bad,1,65,None,0
41443.66,timeout,card,medium,3,44,Axis,0
39434.93,timeout,upi,bad,2,70,None,0
13025.85,soft_decline,netbanking,medium,1,27,Axis,1
35462.97,soft_decline,card,good,2,58,SBI,1
10821.24,timeout,card,medium,2,53,None,0
2112.48,hard_decline,netbanking,medium,3,7,Axis,0
10136.71,timeout,netbanking,medium,2,9,ICICI,1
9013.58,hard_decline,card,bad,2,20,ICICI,0
16953.63,timeout,card,medium,2,34,None,1
20980.63,hard_decline,upi,bad,3,3,None,0
25476.09,soft_decline,upi,medium,1,52,SBI,0
23890.02,soft_decline,card,good,3,24,ICICI,0
13606.66,timeout,upi,good,3,19,Axis,1
1555.62,hard_decline,upi,bad,3,70,SBI,0
30294.57,soft_decline,card,good,1,70,None,1
19847.67,duplicate,upi,good,2,21,None,0
15003.74,timeout,card,good,1,48,SBI,1
43360.36,soft_decline,upi,medium,2,5,None,0
37362.49,duplicate,upi,medium,1,50,HDFC,0
42902.5,timeout,card,good,3,26,ICICI,1
24799.64,soft_decline,upi,medium,3,17,HDFC,0
6633.47,soft_decline,upi,medium,2,11,None,1
34841.45,timeout,netbanking,bad,3,27,None,1
10383.08,timeout,card,bad,3,18,Axis,1
22117.36,soft_decline,card,medium,1,42,None,0
3343.54,soft_decline,netbanking,medium,2,14,SBI,1
41282.89,soft_decline,upi,good,1,68,Axis,1
6384.44,hard_decline,netbanking,bad,1,35,ICICI,0
45164.57,soft_decline,card,medium,3,41,Axis,1
43225.11,soft_decline,card,medium,1,44,ICICI,1
23282.68,timeout,card,bad,2,29,HDFC,1
37243.97,timeout,netbanking,bad,3,38,None,1
31010.31,hard_decline,netbanking,bad,2,45,None,0
40173.47,soft_decline,upi,bad,2,57,None,0
21647.07,hard_decline,card,bad,2,29,None,0
39311.84,soft_decline,card,bad,2,55,None,0
23176.6,duplicate,upi,good,1,53,None,0
47054.19,timeout,upi,bad,3,36,ICICI,0
24369.97,soft_decline,upi,bad,1,21,None,0
23184.7,soft_decline,card,good,3,23,None,1
39275.09,hard_decline,card,medium,1,68,None,0
41096.73,timeout,card,good,3,32,Axis,1
27769.01,hard_decline,upi,bad,2,16,ICICI,0
9071.91,timeout,card,medium,2,61,None,1
23441.14,timeout,netbanking,good,1,11,Axis,1
48406.82,hard_decline,upi,good,1,29,Axis,0
37674.01,timeout,card,bad,2,12,Axis,1
40577.01,timeout,card,medium,1,5,None,1
1737.99,timeout,netbanking,medium,1,66,HDFC,1
23446.19,duplicate,card,medium,3,10,HDFC,0
32366.39,soft_decline,card,good,3,59,ICICI,0
41518.63,soft_decline,netbanking,good,3,9,SBI,0
2558.76,timeout,upi,medium,1,15,SBI,0
42636.7,timeout,upi,medium,2,41,SBI,1
27465.21,duplicate,card,medium,2,43,HDFC,0
9945.97,soft_decline,netbanking,medium,2,18,None,0
15931.04,timeout,card,good,2,14,ICICI,0
14168.28,soft_decline,card,bad,3,38,None,0
26589.87,hard_decline,card,good,3,4,None,0
2679.12,soft_decline,card,good,1,30,HDFC,0
8010.95,soft_decline,netbanking,good,2,27,HDFC,1
40653.38,soft_decline,upi,good,1,37,Axis,1
6716.94,timeout,upi,good,2,51,HDFC,1
11746.47,soft_decline,netbanking,medium,2,14,Axis,1
22723.19,soft_decline,card,bad,1,18,HDFC,0
25904.33,soft_decline,card,good,3,34,SBI,1
38204.16,soft_decline,upi,medium,1,14,SBI,0
22421.89,duplicate,upi,bad,1,46,Axis,0
39514.24,soft_decline,card,good,2,55,ICICI,1
30955.48,soft_decline,card,bad,3,19,HDFC,0
5743.68,timeout,card,good,1,8,None,1
7900.94,timeout,card,good,3,4,ICICI,1
21907.98,timeout,card,medium,3,10,HDFC,0
19904.78,timeout,card,good,3,1,SBI,1
37202.86,duplicate,card,bad,3,51,None,0
29078.78,soft_decline,card,good,2,19,ICICI,1
19467.84,duplicate,card,medium,2,20,SBI,0
8620.94,timeout,netbanking,medium,2,50,SBI,1
11419.17,hard_decline,netbanking,good,2,29,HDFC,1
28817.5,timeout,upi,bad,2,47,None,0
21229.6,timeout,netbanking,medium,1,0,None,1
25794.88,soft_decline,netbanking,bad,3,34,HDFC,1
8616.8,soft_decline,card,bad,2,25,HDFC,0
33179.02,duplicate,card,medium,3,8,HDFC,0
42641.68,hard_decline,netbanking,medium,2,39,None,0
12971.18,soft_decline,upi,good,2,20,SBI,1
24626.56,timeout,card,good,1,11,None,1
48778.81,hard_decline,upi,good,3,36,SBI,0
16728.76,soft_decline,card,bad,2,70,HDFC,0
29792.81,timeout,card,medium,2,23,ICICI,0
4600.77,timeout,card,good,1,49,SBI,1
30340.15,soft_decline,card,good,3,53,HDFC,0
4572.63,duplicate,card,good,3,27,HDFC,0
47965.85,soft_decline,netbanking,good,2,3,ICICI,1
35811.57,hard_decline,card,medium,1,11,SBI,0
39429.17,soft_decline,card,good,1,66,ICICI,0
35234.81,timeout,card,good,2,36,None,1
29527.48,soft_decline,upi,medium,3,3,SBI,0
22550.65,soft_decline,netbanking,bad,2,14,HDFC,1
42932.83,timeout,card,medium,3,27,SBI,1
47846.1,soft_decline,card,bad,1,36,None,0
25001.91,timeout,card,good,2,8,SBI,0
46583.6,hard_decline,upi,bad,2,13,ICICI,0
29208.31,duplicate,card,good,2,66,HDFC,0
26965.37,hard_decline,card,bad,3,49,SBI,1
22778.69,soft_decline,card,bad,3,24,HDFC,0
10543.46,soft_decline,card,bad,1,38,ICICI,0
285.61,timeout,netbanking,bad,3,25,HDFC,0
12151.16,timeout,card,medium,3,59,Axis,1
25535.19,soft_decline,card,good,2,51,None,1
19060.0,timeout,netbanking,medium,1,69,ICICI,1
22479.41,hard_decline,netbanking,medium,1,25,HDFC,0
49034.35,duplicate,card,good,2,47,ICICI,0
17578.59,duplicate,netbanking,medium,3,53,Axis,0
22663.93,duplicate,upi,medium,3,40,None,0
6762.43,timeout,card,good,2,0,SBI,1
2493.09,duplicate,card,medium,2,20,ICICI,0
38792.93,soft_decline,card,medium,3,71,None,0
28577.09,timeout,card,good,1,24,SBI,1
38059.17,timeout,card,medium,2,17,SBI,1
7578.15,duplicate,upi,bad,3,14,SBI,0
28634.26,hard_decline,netbanking,bad,2,41,ICICI,1
12756.76,soft_decline,card,medium,1,19,None,1
11480.28,hard_decline,card,medium,1,15,ICICI,0
675.15,timeout,card,good,3,6,ICICI,0
6604.0,soft_decline,upi,good,1,4,ICICI,1
15532.48,soft_decline,upi,good,2,17,Axis,1
5932.25,hard_decline,card,bad,1,17,None,0
49294.34,soft_decline,upi,bad,3,63,ICICI,0
15500.77,soft_decline,card,bad,2,24,None,0
6603.16,soft_decline,upi,medium,1,25,Axis,1
10034.21,duplicate,card,good,1,68,None,0
29426.39,timeout,card,medium,1,15,ICICI,1
3295.77,soft_decline,card,medium,3,62,ICICI,1
43135.46,timeout,netbanking,medium,3,71,Axis,0
48078.83,timeout,upi,medium,1,57,None,1
12412.7,soft_decline,netbanking,bad,2,26,None,0
22559.75,soft_decline,card,bad,1,48,Axis,0
1204.51,timeout,card,medium,2,46,SBI,0
32071.44,hard_decline,card,bad,2,70,None,0
20754.91,timeout,upi,good,3,49,Axis,1
13575.92,hard_decline,netbanking,medium,1,45,Axis,0
10421.17,soft_decline,netbanking,good,3,7,ICICI,0
32735.75,duplicate,upi,good,1,1,None,0
20869.23,soft_decline,upi,good,2,17,ICICI,0
9065.0,timeout,netbanking,good,3,35,SBI,1
34486.54,soft_decline,card,bad,3,41,ICICI,0
28297.11,soft_decline,netbanking,medium,3,10,HDFC,1
42947.74,hard_decline,netbanking,bad,2,58,HDFC,0
5962.05,soft_decline,card,good,3,51,ICICI,1
39304.76,hard_decline,upi,good,1,48,Axis,0
33708.49,soft_decline,card,medium,1,55,None,1
5839.05,hard_decline,card,medium,2,69,None,0
34771.55,timeout,upi,medium,3,29,ICICI,0
22133.21,soft_decline,card,medium,1,54,HDFC,1
47254.74,timeout,card,bad,3,27,Axis,1
7166.41,soft_decline,netbanking,medium,1,50,HDFC,1
32177.39,soft_decline,card,medium,2,26,None,0
19160.8,timeout,card,medium,1,51,None,1
47845.05,hard_decline,upi,bad,1,33,None,0
16565.75,hard_decline,card,medium,1,31,Axis,0
48113.08,soft_decline,card,medium,2,43,None,1
45084.14,timeout,card,good,1,3,SBI,1
13592.12,timeout,card,medium,2,47,None,0
40196.73,soft_decline,card,bad,2,15,None,0
49780.65,soft_decline,netbanking,good,1,59,HDFC,1
12707.88,timeout,card,bad,3,46,None,1
21895.18,hard_decline,card,medium,1,14,ICICI,0
26057.02,soft_decline,netbanking,medium,2,55,None,1
14817.06,soft_decline,netbanking,bad,3,15,HDFC,0
861.72,soft_decline,card,medium,1,0,ICICI,0
11084.45,hard_decline,upi,bad,1,24,None,0
14168.65,timeout,upi,medium,1,63,None,0
22235.63,hard_decline,upi,good,1,42,HDFC,0
8638.01,hard_decline,upi,medium,1,13,SBI,0
43675.39,duplicate,card,bad,3,47,Axis,0
35275.07,hard_decline,card,bad,1,67,None,1
4351.5,hard_decline,card,good,2,13,SBI,0
32539.61,soft_decline,upi,medium,2,14,None,1
32717.46,timeout,upi,medium,3,16,None,0
47815.44,hard_decline,card,medium,2,51,None,0
250.74,soft_decline,card,good,3,9,None,1
12471.83,duplicate,netbanking,good,2,16,HDFC,0
46396.79,timeout,card,bad,3,7,Axis,1
46613.48,timeout,card,bad,1,1,None,1
36057.26,hard_decline,upi,bad,2,55,None,0
38311.59,hard_decline,card,bad,2,64,None,0
4665.0,soft_decline,card,medium,3,54,SBI,0
25742.4,soft_decline,card,bad,3,68,ICICI,0
11655.99,timeout,upi,medium,3,35,SBI,1
9142.78,hard_decline,card,bad,2,8,Axis,0
40534.13,timeout,netbanking,good,3,13,ICICI,1
6838.4,soft_decline,card,good,1,21,SBI,1
23485.72,hard_decline,upi,bad,3,15,HDFC,0
46935.05,timeout,card,bad,1,40,None,0
9373.02,hard_decline,card,bad,1,66,HDFC,1
48901.87,timeout,upi,bad,3,27,SBI,1
49714.97,duplicate,card,medium,1,28,SBI,0
27825.3,soft_decline,upi,bad,1,64,None,1
8590.12,soft_decline,card,bad,1,27,None,0
15873.63,soft_decline,card,bad,3,31,Axis,0
21282.19,timeout,upi,medium,3,51,Axis,0
15535.28,soft_decline,upi,good,1,10,ICICI,1
14103.72,timeout,card,medium,2,25,HDFC,1
48614.26,hard_decline,netbanking,medium,1,30,ICICI,0
7752.9,timeout,card,bad,3,19,None,0
36693.06,timeout,card,medium,1,68,Axis,0
120.47,hard_decline,card,medium,1,40,None,1
29849.52,hard_decline,card,bad,3,66,None,0
45805.56,soft_decline,card,good,3,43,HDFC,0
14467.91,hard_decline,upi,good,2,59,ICICI,0
9357.75,hard_decline,card,medium,1,6,Axis,0
32618.82,hard_decline,card,medium,1,53,None,0
35658.81,duplicate,netbanking,medium,1,62,None,0
34432.72,duplicate,card,bad,2,12,SBI,0
16033.91,timeout,card,medium,2,32,None,1
12684.9,soft_decline,card,good,1,6,ICICI,1
47800.35,timeout,card,medium,3,29,ICICI,0
46172.65,soft_decline,card,good,1,10,HDFC,0
22920.1,soft_decline,card,medium,1,69,ICICI,1
42325.07,soft_decline,upi,good,1,20,HDFC,1
22670.94,soft_decline,upi,bad,3,31,ICICI,1
21277.01,soft_decline,upi,medium,2,4,ICICI,0
7922.47,hard_decline,upi,good,2,34,HDFC,0
21377.66,duplicate,card,medium,1,46,ICICI,0
26917.11,soft_decline,card,medium,1,11,ICICI,0
1222.97,duplicate,upi,medium,1,36,None,0
22261.24,soft_decline,card,medium,3,43,HDFC,1
39089.68,soft_decline,card,bad,1,21,None,0
34034.3,hard_decline,upi,medium,3,10,HDFC,0
31794.33,timeout,card,medium,1,54,SBI,1
45486.82,soft_decline,upi,bad,1,9,None,0
999.8,soft_decline,card,medium,1,41,Axis,1
27896.67,hard_decline,netbanking,good,2,54,Axis,0
39388.71,soft_decline,upi,good,1,49,ICICI,1
27112.64,timeout,card,bad,1,31,None,1
16262.39,hard_decline,upi,bad,1,67,None,0
6898.9,soft_decline,upi,good,1,17,HDFC,0
44389.4,timeout,upi,medium,3,64,None,0
23591.04,soft_decline,card,good,3,24,ICICI,0
43917.95,timeout,card,medium,1,30,Axis,0
29334.02,timeout,card,good,3,18,SBI,1
33742.19,duplicate,card,good,1,17,None,0
40232.63,hard_decline,netbanking,bad,1,67,HDFC,0
32991.86,timeout,card,medium,3,32,ICICI,0
19962.94,soft_decline,card,good,3,69,HDFC,1
25730.31,timeout,card,bad,1,6,None,1
40171.97,hard_decline,netbanking,bad,2,0,HDFC,0
18745.15,hard_decline,upi,medium,1,58,SBI,0
19467.26,timeout,upi,bad,1,33,Axis,1
4874.94,soft_decline,netbanking,medium,2,51,SBI,0
45737.76,timeout,netbanking,good,3,10,SBI,1
4642.71,timeout,upi,good,2,7,ICICI,1
32445.64,hard_decline,card,medium,1,52,HDFC,0
20718.4,hard_decline,card,good,3,14,ICICI,0
20340.41,soft_decline,upi,medium,2,27,ICICI,1
34009.64,duplicate,card,good,2,13,SBI,0
3447.98,soft_decline,upi,medium,1,57,ICICI,0
29725.92,hard_decline,card,good,2,56,HDFC,0
38624.39,timeout,upi,medium,1,51,HDFC,1
41427.82,duplicate,card,medium,3,36,Axis,0
8609.47,timeout,card,medium,2,1,HDFC,1
44881.21,timeout,upi,medium,3,33,HDFC,1
32841.69,soft_decline,card,bad,3,33,None,0
44104.55,soft_decline,upi,bad,1,57,HDFC,0
24315.51,soft_decline,upi,medium,2,60,HDFC,0
27147.46,timeout,netbanking,medium,3,53,SBI,1
45960.01,timeout,netbanking,medium,2,66,SBI,1
45005.49,timeout,card,good,2,29,None,1
22463.23,timeout,upi,good,2,58,None,0
13793.19,hard_decline,card,medium,2,57,Axis,1
19719.2,soft_decline,card,medium,3,23,HDFC,0
19449.44,soft_decline,upi,good,2,14,SBI,1
14414.66,soft_decline,upi,good,1,21,HDFC,1
13502.12,timeout,card,good,1,31,None,1
43067.04,soft_decline,card,bad,2,41,Axis,0
3586.11,timeout,netbanking,good,2,58,Axis,0
33912.8,timeout,card,good,1,54,SBI,1
8723.72,hard_decline,netbanking,medium,2,4,SBI,0
17290.84,soft_decline,upi,medium,3,40,SBI,0
3171.0,soft_decline,card,medium,2,56,HDFC,1
13571.68,soft_decline,card,medium,2,52,Axis,1
38444.21,timeout,card,medium,3,37,None,0
44262.26,soft_decline,netbanking,bad,2,0,HDFC,0
11154.2,timeout,netbanking,good,3,59,None,0
23231.04,timeout,upi,medium,3,45,None,1
23569.17,soft_decline,card,bad,1,3,None,0
43691.41,timeout,upi,good,1,14,None,1
38163.67,timeout,card,good,2,11,None,1
25702.55,timeout,upi,good,1,0,ICICI,1
33570.29,soft_decline,card,good,2,29,SBI,1
42383.02,soft_decline,netbanking,good,2,5,SBI,1
575.99,soft_decline,upi,good,1,49,HDFC,1
20204.21,soft_decline,card,good,1,1,None,1
45371.43,timeout,netbanking,medium,2,5,Axis,0
37041.62,timeout,card,good,2,37,SBI,1
27187.78,duplicate,card,bad,2,17,None,0
26529.26,soft_decline,card,bad,3,18,ICICI,0
17453.73,soft_decline,upi,medium,2,27,ICICI,1
26073.97,timeout,netbanking,bad,2,11,HDFC,1
32803.62,soft_decline,netbanking,medium,2,51,HDFC,1
20976.32,soft_decline,upi,bad,1,57,HDFC,0
35736.24,hard_decline,card,good,1,21,Axis,1
43075.49,soft_decline,card,bad,3,44,ICICI,0
7818.77,timeout,card,bad,2,61,None,0
22632.2,soft_decline,netbanking,good,2,41,None,1
20460.2,timeout,netbanking,medium,2,66,HDFC,1
34404.49,timeout,card,bad,2,8,None,1
12568.39,soft_decline,upi,medium,2,63,ICICI,1
32048.52,duplicate,upi,medium,2,14,ICICI,0
43886.71,hard_decline,card,good,1,29,None,1
20964.77,duplicate,upi,good,3,25,None,0
45559.68,soft_decline,netbanking,good,1,68,None,0
49658.87,timeout,card,medium,1,21,SBI,1
5393.99,hard_decline,netbanking,medium,1,53,Axis,0
11729.35,timeout,card,bad,3,57,Axis,1
47523.95,timeout,card,medium,2,52,Axis,0
47920.55,hard_decline,card,good,3,18,SBI,0
4975.59,duplicate,netbanking,good,1,33,HDFC,0
848.43,soft_decline,card,bad,1,13,HDFC,0
8138.89,soft_decline,upi,medium,1,21,None,1
49801.04,timeout,upi,bad,1,12,ICICI,0
9081.98,timeout,card,good,2,63,HDFC,1
25177.13,hard_decline,netbanking,medium,1,55,None,0
42436.04,hard_decline,card,medium,1,71,None,0
1118.04,duplicate,netbanking,good,2,41,None,0
30264.0,timeout,card,bad,1,65,ICICI,1
13923.57,soft_decline,upi,medium,2,62,SBI,0
43130.51,soft_decline,upi,medium,3,41,None,0
14244.71,duplicate,netbanking,bad,2,33,Axis,0
34369.11,timeout,card,medium,1,28,ICICI,1
33743.56,duplicate,upi,good,2,25,HDFC,0
11152.53,soft_decline,card,bad,1,22,Axis,0
1836.48,timeout,card,good,1,35,Axis,1
20521.55,timeout,card,bad,3,8,None,0
14530.74,soft_decline,card,bad,1,41,None,0
40467.99,hard_decline,netbanking,good,1,66,HDFC,0
40038.17,timeout,upi,medium,1,6,Axis,1
22905.5,hard_decline,card,good,2,22,None,0
30364.96,timeout,netbanking,medium,1,31,ICICI,0
30252.55,timeout,card,bad,1,22,ICICI,1
41375.19,timeout,upi,good,1,15,SBI,1
21307.62,timeout,netbanking,good,3,68,ICICI,1
13844.79,hard_decline,netbanking,medium,3,12,SBI,0
13325.24,soft_decline,card,medium,2,9,ICICI,0
26855.99,timeout,upi,medium,3,58,SBI,0
22512.5,hard_decline,card,bad,3,1,None,0
22062.03,soft_decline,netbanking,medium,2,51,None,1
4647.75,hard_decline,upi,bad,3,0,None,0
35958.33,soft_decline,upi,good,1,69,SBI,0
10765.46,timeout,card,medium,1,53,HDFC,1
9927.99,soft_decline,upi,medium,1,18,None,1
20696.64,soft_decline,upi,bad,3,27,Axis,0
11466.14,duplicate,upi,medium,2,4,None,0
29234.53,timeout,upi,bad,3,29,HDFC,1
18636.02,timeout,netbanking,bad,2,18,ICICI,0
22500.69,timeout,upi,bad,1,41,ICICI,1
26904.75,timeout,card,medium,2,24,Axis,1
10256.42,timeout,netbanking,medium,1,34,None,1
7872.01,hard_decline,card,medium,3,8,Axis,0
44033.05,duplicate,upi,good,3,38,Axis,0
21742.81,soft_decline,netbanking,bad,2,55,None,0
20663.47,duplicate,card,bad,3,37,ICICI,0
1877.05,hard_decline,netbanking,bad,2,14,ICICI,0
24949.02,hard_decline,upi,medium,3,45,None,0
27753.07,soft_decline,upi,good,3,36,None,1
27986.16,hard_decline,card,medium,3,59,SBI,0
35380.86,timeout,card,medium,2,61,HDFC,1
8956.34,duplicate,netbanking,bad,2,30,HDFC,0
12685.93,duplicate,card,bad,2,29,None,0
40555.45,duplicate,upi,good,3,65,HDFC,0
47363.81,soft_decline,card,medium,1,6,None,1
6883.04,duplicate,card,medium,2,29,Axis,0
24932.71,hard_decline,upi,medium,1,32,None,1
10787.4,timeout,card,medium,2,37,ICICI,1
3097.65,soft_decline,netbanking,good,2,18,HDFC,1
16342.62,hard_decline,upi,good,1,8,HDFC,0
7270.01,duplicate,upi,bad,1,31,None,0
35525.66,duplicate,card,good,3,29,Axis,0
26732.9,timeout,netbanking,bad,1,5,None,1
7277.34,timeout,card,medium,2,60,ICICI,1
561.16,soft_decline,upi,bad,1,36,Axis,0
40427.04,timeout,card,bad,1,70,None,0
8892.1,timeout,card,medium,1,19,SBI,1
30350.21,soft_decline,upi,medium,1,29,None,1
16912.4,soft_decline,upi,medium,3,17,None,1
29315.75,soft_decline,card,good,2,62,Axis,0
15851.12,timeout,card,good,2,60,None,1
4438.28,soft_decline,upi,medium,2,56,None,1
11225.21,hard_decline,card,bad,3,21,ICICI,0
9484.12,soft_decline,card,good,1,48,ICICI,1
21458.17,hard_decline,card,medium,2,17,Axis,0
32948.36,timeout,card,medium,2,60,SBI,1
13263.92,timeout,card,bad,1,67,None,1
702.29,hard_decline,card,good,2,6,ICICI,1
25994.97,hard_decline,upi,good,1,6,ICICI,0
30327.4,soft_decline,card,bad,3,64,HDFC,0
48147.24,timeout,upi,good,2,39,None,1
29514.59,soft_decline,netbanking,medium,2,23,HDFC,0
23611.51,soft_decline,netbanking,medium,1,31,None,0
28712.74,timeout,netbanking,medium,3,9,None,0
46402.24,soft_decline,card,medium,2,8,HDFC,1
41436.07,timeout,card,bad,1,38,HDFC,1
16216.64,soft_decline,netbanking,good,3,2,ICICI,1
11938.99,timeout,card,good,1,68,ICICI,1
13205.42,soft_decline,card,medium,2,6,None,1
25270.61,soft_decline,upi,medium,2,11,Axis,0
37228.07,soft_decline,card,medium,2,22,HDFC,0
25210.64,timeout,netbanking,bad,1,62,SBI,1
3483.04,duplicate,upi,bad,3,16,None,0
36206.68,hard_decline,upi,good,2,63,SBI,0
40317.91,timeout,netbanking,medium,2,64,Axis,1
14545.94,timeout,card,good,1,27,None,0
33239.87,duplicate,upi,bad,2,57,HDFC,0
21386.94,timeout,card,medium,1,17,None,1
44467.06,soft_decline,upi,medium,2,43,SBI,1
42276.76,timeout,card,bad,3,63,HDFC,1
26319.06,hard_decline,upi,medium,2,36,None,0
34606.13,soft_decline,netbanking,good,1,2,Axis,1
44179.15,soft_decline,card,medium,2,13,HDFC,1
24836.28,duplicate,card,medium,1,6,ICICI,0
15731.21,duplicate,card,bad,1,16,Axis,0
37707.94,timeout,card,medium,1,69,ICICI,1
11081.31,duplicate,card,good,3,38,ICICI,0
19487.7,timeout,netbanking,medium,3,4,SBI,1
43299.79,soft_decline,card,bad,2,51,HDFC,0
36248.67,soft_decline,card,bad,1,25,ICICI,0
20250.17,soft_decline,upi,good,3,38,None,0
10815.75,soft_decline,card,good,1,44,ICICI,0
17862.82,soft_decline,card,medium,2,30,Axis,1
14276.8,hard_decline,upi,medium,1,22,ICICI,0
8886.86,timeout,upi,good,3,39,ICICI,1
37192.31,timeout,card,medium,3,31,ICICI,0
12678.29,timeout,card,bad,1,3,SBI,1
22762.96,duplicate,card,medium,1,45,HDFC,0
19354.39,hard_decline,card,medium,1,41,HDFC,1
49105.66,timeout,card,bad,1,38,None,1
19615.5,hard_decline,upi,good,1,69,HDFC,0
4091.13,soft_decline,netbanking,medium,1,55,ICICI,0
4582.31,duplicate,card,medium,2,46,ICICI,0
29578.61,soft_decline,upi,medium,2,37,None,1
30008.24,hard_decline,card,bad,3,17,None,0
20996.07,soft_decline,upi,good,1,1,SBI,1
21649.0,timeout,upi,good,2,53,SBI,1
2791.24,duplicate,netbanking,bad,1,29,Axis,0
25875.67,soft_decline,card,good,3,3,ICICI,0
25286.5,timeout,card,medium,2,6,None,0
7562.51,soft_decline,upi,medium,1,56,Axis,0
5281.59,soft_decline,card,bad,1,29,Axis,0
6266.27,soft_decline,card,medium,1,43,HDFC,1
5141.31,timeout,card,medium,1,28,HDFC,1
30524.44,soft_decline,upi,medium,1,35,HDFC,0
9904.48,hard_decline,card,bad,1,47,None,0
12646.36,soft_decline,netbanking,bad,3,18,SBI,0
8761.25,soft_decline,card,good,1,62,None,1
47895.98,timeout,card,bad,1,1,None,1
42745.41,soft_decline,upi,bad,2,13,None,0
11601.69,soft_decline,card,medium,1,34,SBI,1
16445.56,soft_decline,card,medium,1,20,ICICI,1
10573.65,hard_decline,card,medium,2,16,ICICI,1
24644.61,timeout,card,medium,2,31,ICICI,0
1078.57,soft_decline,upi,bad,1,22,None,0
33601.26,soft_decline,card,good,3,5,SBI,0
26205.59,hard_decline,netbanking,good,2,28,HDFC,0
44942.08,soft_decline,upi,good,2,62,HDFC,1
8303.19,timeout,card,bad,1,69,SBI,1
40225.05,timeout,card,medium,2,3,SBI,1
39618.85,timeout,card,medium,1,57,SBI,1
6446.34,soft_decline,card,bad,3,30,None,0
19988.11,timeout,upi,bad,3,21,None,0
8590.62,timeout,card,bad,1,26,HDFC,0
12810.55,hard_decline,netbanking,good,3,15,ICICI,0
13235.98,timeout,card,medium,1,5,Axis,0
27856.2,timeout,card,bad,2,6,ICICI,0
20629.41,hard_decline,card,good,2,13,ICICI,0
47391.87,soft_decline,card,medium,1,2,Axis,0
6405.87,timeout,netbanking,medium,1,48,Axis,1
48687.24,soft_decline,upi,bad,2,35,None,0
11608.87,timeout,card,medium,1,28,Axis,0
38666.41,timeout,netbanking,medium,2,3,None,1
17014.6,timeout,netbanking,medium,1,39,None,1
7239.76,hard_decline,upi,good,2,40,SBI,0
42908.67,soft_decline,netbanking,bad,3,21,HDFC,0
15512.16,soft_decline,upi,medium,3,3,HDFC,0
32976.88,timeout,upi,medium,2,22,SBI,1
28365.54,timeout,card,good,2,3,None,1
23640.64,timeout,card,medium,2,67,Axis,1
24841.39,soft_decline,upi,bad,2,17,ICICI,1
36638.67,duplicate,netbanking,bad,2,0,None,0
4479.87,duplicate,upi,medium,3,31,None,0
33442.22,hard_decline,netbanking,good,2,20,HDFC,0
44801.02,hard_decline,card,medium,1,37,ICICI,0
2983.63,timeout,upi,medium,3,25,HDFC,1
7118.6,timeout,upi,medium,2,40,None,1
35859.93,duplicate,upi,medium,1,48,None,0
21920.35,soft_decline,upi,bad,3,40,Axis,0
20237.08,hard_decline,card,bad,1,58,None,0
6934.64,timeout,card,good,2,3,Axis,1
25387.83,timeout,netbanking,bad,1,12,Axis,0
6414.61,timeout,card,bad,1,60,Axis,1
23883.36,duplicate,card,medium,3,50,HDFC,0
38204.4,hard_decline,card,bad,1,34,None,0
12987.39,timeout,card,bad,1,64,ICICI,1
24091.23,hard_decline,upi,medium,3,48,None,0
49601.6,hard_decline,upi,bad,2,48,None,0
34363.86,soft_decline,netbanking,medium,1,13,None,1
42083.7,timeout,card,medium,2,36,ICICI,1
20800.9,duplicate,upi,medium,3,29,None,0
38416.26,soft_decline,netbanking,bad,2,13,ICICI,0
2121.41,soft_decline,netbanking,good,1,26,SBI,0
6233.27,timeout,netbanking,medium,1,61,None,1
10233.22,timeout,upi,medium,2,2,HDFC,0
20157.4,duplicate,card,medium,2,69,ICICI,0
42302.67,soft_decline,card,medium,1,38,None,1
17378.68,soft_decline,netbanking,medium,3,18,None,0
32765.6,hard_decline,netbanking,good,1,38,None,0
35494.78,soft_decline,upi,bad,1,9,None,0
29350.5,soft_decline,card,medium,2,46,HDFC,1
17926.37,soft_decline,upi,bad,1,22,Axis,1
28894.96,soft_decline,card,good,2,58,None,1
17179.05,soft_decline,card,medium,3,19,Axis,0
4285.3,duplicate,card,bad,1,44,Axis,0
49640.92,soft_decline,netbanking,medium,3,43,ICICI,1
6446.4,hard_decline,card,bad,3,17,None,0
3710.18,timeout,upi,good,1,47,None,0
43938.68,timeout,card,medium,2,0,Axis,0
15161.55,timeout,upi,medium,2,31,SBI,1
32549.82,timeout,upi,medium,1,63,None,0
16517.39,timeout,netbanking,medium,2,6,SBI,0
19633.57,timeout,card,good,2,70,None,0
13179.44,timeout,card,medium,3,45,SBI,1
17217.9,timeout,upi,medium,2,23,Axis,0
20593.95,hard_decline,card,medium,2,68,None,0
36048.76,soft_decline,card,medium,1,35,ICICI,0
25625.66,timeout,upi,medium,3,66,ICICI,1
47183.9,hard_decline,upi,medium,2,49,Axis,0
2189.83,duplicate,card,bad,1,58,None,0
25203.11,soft_decline,card,medium,2,57,SBI,0
29252.82,soft_decline,netbanking,medium,3,45,None,0
46017.83,duplicate,upi,medium,3,69,SBI,0
2553.01,soft_decline,card,medium,3,22,None,0
28717.63,duplicate,card,medium,3,11,None,0
42696.13,duplicate,upi,medium,3,27,None,0
12172.19,timeout,card,medium,3,57,Axis,0
43826.99,hard_decline,netbanking,good,1,60,None,0
1050.27,timeout,upi,good,3,54,Axis,1
36649.49,timeout,card,good,2,33,Axis,1
46662.35,timeout,netbanking,medium,2,17,None,0
32894.16,timeout,card,good,2,34,HDFC,0
22007.56,duplicate,card,medium,2,47,SBI,0
2339.56,timeout,upi,good,3,36,None,0
46013.68,duplicate,upi,medium,3,40,HDFC,0
23567.78,soft_decline,card,good,1,5,None,0
1546.94,soft_decline,card,medium,3,38,None,1
34522.07,hard_decline,card,bad,2,3,None,0
24143.68,soft_decline,card,medium,1,15,Axis,0
6304.83,timeout,upi,medium,1,51,SBI,1
10792.16,soft_decline,upi,medium,1,18,SBI,0
3318.08,duplicate,card,good,1,16,None,0
28757.25,soft_decline,card,good,3,44,HDFC,0
31139.27,hard_decline,card,good,1,1,SBI,0
25336.54,soft_decline,card,good,3,1,ICICI,0
40873.4,hard_decline,card,good,1,54,None,0
43064.34,soft_decline,card,medium,3,3,HDFC,0
30819.66,soft_decline,card,good,3,11,HDFC,0
736.55,timeout,upi,bad,2,53,None,1
34791.96,soft_decline,upi,bad,3,59,SBI,0
20958.16,soft_decline,card,bad,1,28,HDFC,0
28321.32,timeout,netbanking,good,1,60,SBI,1
32489.12,soft_decline,netbanking,bad,3,45,ICICI,1
17576.81,hard_decline,netbanking,bad,3,48,None,1
45863.22,soft_decline,netbanking,bad,3,17,Axis,0
6785.35,soft_decline,upi,medium,3,23,HDFC,1
33608.44,timeout,upi,bad,2,16,SBI,1
317.54,soft_decline,card,good,2,55,HDFC,1
46240.09,timeout,upi,good,2,51,Axis,1
5713.96,duplicate,upi,good,2,70,None,0
4834.72,soft_decline,upi,bad,2,19,Axis,0
16717.08,duplicate,upi,good,3,28,None,0
18740.96,soft_decline,card,good,2,49,None,1
10793.57,soft_decline,upi,bad,2,14,ICICI,1
29297.57,soft_decline,card,good,3,30,HDFC,0
22201.41,hard_decline,upi,bad,3,12,Axis,0
1805.36,timeout,netbanking,bad,1,55,SBI,1
16050.64,soft_decline,netbanking,good,1,18,ICICI,1
40540.6,timeout,upi,good,1,69,None,1
34516.11,timeout,card,medium,2,27,None,1
36271.06,soft_decline,netbanking,bad,3,21,None,0
34936.03,timeout,card,bad,1,27,SBI,1
15617.55,duplicate,netbanking,medium,1,32,None,0
5073.23,soft_decline,card,medium,2,44,HDFC,0
13696.11,soft_decline,card,medium,1,47,None,1
41606.09,hard_decline,upi,bad,3,62,ICICI,0
49025.49,hard_decline,upi,medium,3,25,HDFC,0
24742.97,hard_decline,card,good,1,0,HDFC,1
584.05,soft_decline,upi,bad,3,61,Axis,0
7088.24,timeout,upi,medium,1,71,None,1
16171.82,timeout,card,good,1,2,HDFC,1
28971.41,hard_decline,upi,bad,3,4,HDFC,0
3847.17,soft_decline,card,medium,3,44,ICICI,1
47173.53,hard_decline,upi,medium,2,11,Axis,0
18317.68,soft_decline,card,medium,2,47,SBI,1
45637.95,hard_decline,upi,medium,1,13,HDFC,0
39048.04,duplicate,card,medium,3,52,SBI,0
37796.32,hard_decline,card,bad,1,44,HDFC,0
30375.31,soft_decline,upi,medium,2,31,None,1
31376.51,hard_decline,upi,medium,1,29,HDFC,0
31936.36,timeout,netbanking,medium,3,11,SBI,0
31473.2,timeout,netbanking,medium,3,43,SBI,1
27731.04,hard_decline,upi,good,2,24,SBI,0
49322.06,soft_decline,card,medium,1,41,Axis,1
36641.3,hard_decline,card,medium,1,20,None,0
38869.62,hard_decline,card,medium,3,60,HDFC,0
43635.89,duplicate,card,medium,2,65,HDFC,0
10860.42,timeout,netbanking,bad,3,20,Axis,0
4281.83,timeout,card,good,3,25,HDFC,1
24196.43,hard_decline,card,medium,2,31,None,1
25752.63,soft_decline,card,medium,3,16,Axis,0
41476.17,timeout,card,medium,1,3,None,1
22244.8,hard_decline,card,medium,1,38,None,0
28585.57,duplicate,upi,good,1,14,HDFC,0
26400.84,hard_decline,card,medium,3,32,HDFC,0
2006.32,soft_decline,upi,medium,2,60,HDFC,0
30799.22,timeout,upi,medium,2,13,None,1
41419.36,soft_decline,upi,medium,2,46,HDFC,1
7959.28,soft_decline,upi,medium,2,1,Axis,1
29757.15,soft_decline,upi,bad,2,65,Axis,0
29721.17,timeout,card,medium,3,47,Axis,0
8292.83,hard_decline,card,good,2,63,SBI,0
6260.83,soft_decline,netbanking,good,1,65,HDFC,1
49004.59,timeout,card,good,3,47,ICICI,0
19746.59,hard_decline,card,bad,1,17,None,0
11448.34,duplicate,card,bad,2,50,None,0
8649.09,hard_decline,upi,good,2,3,HDFC,0
33413.33,timeout,card,medium,1,32,None,1
30511.32,soft_decline,upi,bad,1,22,Axis,0
32213.25,timeout,upi,bad,3,52,None,0
4491.5,timeout,card,medium,2,12,SBI,1
44687.38,duplicate,card,good,2,70,HDFC,0
19524.39,soft_decline,upi,good,2,57,ICICI,0
15737.13,hard_decline,card,bad,1,62,Axis,0
23171.84,timeout,card,bad,2,64,None,1
19564.3,soft_decline,card,medium,3,41,HDFC,1
43192.49,hard_decline,upi,good,3,39,SBI,0
46470.12,duplicate,upi,bad,1,20,HDFC,0
15242.32,hard_decline,card,bad,1,32,None,0
43210.4,duplicate,upi,good,3,69,SBI,0
39098.0,soft_decline,upi,good,1,41,None,1
46547.3,timeout,card,medium,1,36,HDFC,1
12362.94,hard_decline,card,good,2,71,ICICI,0
28890.26,hard_decline,netbanking,good,3,0,Axis,0
13799.77,duplicate,upi,good,2,25,ICICI,0
41222.32,soft_decline,upi,bad,3,38,None,0
365.68,timeout,card,bad,2,46,None,0
28284.48,timeout,upi,good,3,55,ICICI,1
17026.25,soft_decline,upi,bad,3,57,ICICI,0
16201.92,duplicate,card,medium,3,27,None,0
32280.83,hard_decline,netbanking,medium,1,56,ICICI,0
42589.07,timeout,card,bad,2,70,Axis,1
30498.85,soft_decline,card,medium,1,71,None,1
42673.33,timeout,card,bad,1,44,SBI,1
13303.4,timeout,upi,medium,3,64,ICICI,1
26023.14,soft_decline,upi,medium,3,3,SBI,0
22581.77,timeout,upi,good,1,60,None,1
681.08,soft_decline,netbanking,medium,1,60,ICICI,1
27884.93,hard_decline,card,medium,1,42,ICICI,0
33110.06,soft_decline,upi,bad,3,18,HDFC,0
29636.53,soft_decline,upi,medium,3,0,None,1
36840.37,soft_decline,netbanking,good,3,18,None,1
28609.84,hard_decline,card,good,2,50,HDFC,0
3430.84,hard_decline,netbanking,bad,1,63,HDFC,1
5910.63,hard_decline,card,medium,1,62,ICICI,0
29864.08,soft_decline,upi,medium,2,28,SBI,1
13821.46,timeout,upi,bad,1,18,Axis,1
4074.29,timeout,netbanking,bad,1,42,HDFC,1
21537.18,soft_decline,card,bad,1,69,None,0
27760.7,timeout,card,good,2,38,Axis,0
16504.42,timeout,card,medium,2,22,SBI,1
36049.64,timeout,upi,bad,1,0,ICICI,1
32224.15,soft_decline,upi,bad,3,60,ICICI,0
16707.64,soft_decline,netbanking,bad,1,24,HDFC,1
37768.14,timeout,card,medium,1,3,None,0
32469.88,timeout,card,bad,3,0,Axis,0
31908.52,soft_decline,card,good,1,39,None,1
27716.04,soft_decline,card,good,1,20,ICICI,1
668.34,timeout,upi,medium,2,42,Axis,1
34855.71,timeout,netbanking,bad,1,9,None,1
18864.49,timeout,netbanking,good,3,65,None,1
47136.22,soft_decline,card,medium,2,16,HDFC,1
40917.44,hard_decline,card,bad,2,12,Axis,0
29425.95,soft_decline,card,medium,3,9,SBI,1
12683.88,soft_decline,upi,good,3,51,SBI,0
10265.5,soft_decline,netbanking,bad,2,9,Axis,1
17085.2,timeout,card,bad,1,46,SBI,1
23880.74,hard_decline,card,medium,1,8,Axis,0
14873.67,timeout,upi,bad,2,45,HDFC,1
25794.98,soft_decline,upi,good,1,67,HDFC,1
8351.98,soft_decline,card,bad,2,53,ICICI,1
48887.87,soft_decline,netbanking,bad,3,67,SBI,1
5485.44,soft_decline,card,medium,1,3,HDFC,1
46604.01,timeout,netbanking,bad,1,0,None,0
45687.54,soft_decline,card,good,2,58,None,1
26315.49,soft_decline,card,good,2,24,None,1
36273.02,soft_decline,card,bad,1,8,None,1
21858.81,soft_decline,card,good,1,24,None,1
31538.73,timeout,upi,good,1,70,SBI,1
17094.74,hard_decline,upi,medium,3,25,ICICI,0
15127.84,timeout,card,good,1,55,HDFC,0
28953.67,timeout,upi,bad,1,48,HDFC,0
24956.67,soft_decline,card,bad,2,64,ICICI,1
29018.86,soft_decline,card,medium,3,60,SBI,1
14404.36,timeout,netbanking,medium,2,8,HDFC,0
18411.2,timeout,netbanking,medium,1,9,None,1
4286.51,soft_decline,card,good,3,10,ICICI,1
2708.59,soft_decline,card,good,1,35,None,0
12747.51,soft_decline,upi,good,3,55,None,1
3804.92,soft_decline,card,medium,3,31,HDFC,1
5278.36,soft_decline,upi,medium,3,71,None,0
40665.13,soft_decline,upi,bad,3,34,None,0
2039.8,hard_decline,card,bad,3,3,None,0
32981.25,soft_decline,card,bad,3,61,None,0
13700.63,soft_decline,upi,medium,2,62,None,1
43590.13,timeout,card,bad,2,7,ICICI,1
24301.12,hard_decline,card,bad,1,68,ICICI,1
15348.27,duplicate,upi,bad,3,60,ICICI,0
25930.18,soft_decline,upi,good,3,62,SBI,0
19159.71,timeout,card,medium,2,60,ICICI,0
28258.62,soft_decline,netbanking,medium,1,36,HDFC,0
5815.19,timeout,upi,good,1,3,Axis,0
49849.83,soft_decline,card,bad,2,55,HDFC,0
21335.24,soft_decline,card,good,2,42,None,1
17476.71,duplicate,upi,good,3,20,ICICI,0
35539.47,hard_decline,card,medium,2,57,HDFC,0
18258.58,duplicate,card,medium,3,15,HDFC,0
41680.39,soft_decline,upi,bad,1,52,ICICI,1
22768.11,soft_decline,upi,medium,3,17,Axis,0
36005.96,hard_decline,upi,medium,2,56,None,0
5461.92,timeout,upi,medium,3,37,SBI,0
42321.35,hard_decline,card,good,3,31,Axis,0
36812.33,duplicate,card,bad,2,18,None,0
10664.67,soft_decline,upi,bad,3,47,ICICI,0
7349.77,timeout,upi,medium,1,25,HDFC,1
15882.99,soft_decline,upi,bad,3,44,SBI,1
48805.92,soft_decline,card,medium,2,44,ICICI,1
12915.9,hard_decline,netbanking,medium,2,14,None,0
22860.75,hard_decline,card,bad,2,17,None,1
1598.01,soft_decline,card,medium,3,30,Axis,1
19921.65,soft_decline,card,medium,1,14,Axis,1
28608.87,hard_decline,card,good,2,14,None,1
47660.92,hard_decline,upi,bad,2,64,SBI,0
25885.13,soft_decline,card,bad,1,45,Axis,0
40973.46,soft_decline,card,medium,2,15,HDFC,1
27401.67,soft_decline,card,medium,3,54,SBI,0
2135.17,duplicate,upi,medium,2,29,ICICI,0
15818.91,duplicate,netbanking,bad,2,40,HDFC,0
28819.92,hard_decline,upi,good,3,66,SBI,0
47534.64,duplicate,card,bad,1,16,ICICI,0
42970.6,timeout,upi,bad,1,25,Axis,1
11494.95,soft_decline,card,medium,2,63,SBI,1
11083.48,soft_decline,card,good,3,57,ICICI,0
10138.53,duplicate,netbanking,medium,3,2,SBI,0
46132.69,timeout,card,good,1,27,ICICI,1
42648.04,timeout,card,medium,1,3,None,1
38766.68,timeout,card,good,1,39,ICICI,0
19697.48,hard_decline,card,medium,3,56,HDFC,0
25268.6,soft_decline,card,medium,3,64,None,1
23270.15,soft_decline,card,bad,3,46,None,0
12744.57,soft_decline,card,bad,2,33,HDFC,0
25300.9,soft_decline,netbanking,bad,2,44,None,1
1621.78,hard_decline,upi,good,1,31,Axis,0
6677.34,soft_decline,netbanking,good,1,43,None,1
44340.82,soft_decline,upi,medium,2,10,SBI,0
37608.82,hard_decline,upi,good,2,35,Axis,0
21201.13,soft_decline,card,good,2,12,None,1
25905.8,hard_decline,card,medium,2,56,None,0
18562.94,hard_decline,upi,medium,1,24,HDFC,0
37064.92,timeout,card,good,2,69,None,1
39230.94,duplicate,card,medium,2,36,Axis,0
38187.93,soft_decline,card,medium,3,3,None,0
36158.33,soft_decline,upi,good,1,25,ICICI,1
10304.77,timeout,netbanking,bad,1,12,ICICI,1
16964.7,hard_decline,card,good,3,71,ICICI,0
23545.29,timeout,upi,good,1,50,None,1
16606.57,soft_decline,netbanking,good,1,46,SBI,1
37771.52,timeout,card,good,2,32,None,1
16534.74,duplicate,card,bad,2,41,ICICI,0
6997.78,timeout,card,good,1,30,ICICI,1
20012.12,soft_decline,netbanking,bad,3,39,Axis,0
48997.73,timeout,card,medium,3,15,ICICI,0
11371.48,timeout,card,medium,1,55,HDFC,0
30646.72,timeout,card,bad,1,35,ICICI,1
21705.36,soft_decline,netbanking,bad,1,55,ICICI,1
3644.13,timeout,netbanking,good,1,47,SBI,0
24445.04,soft_decline,card,bad,2,57,HDFC,0
35138.0,soft_decline,netbanking,medium,2,14,None,1
25709.68,hard_decline,card,medium,1,71,None,1
43618.09,soft_decline,card,medium,3,14,None,1
14517.96,timeout,netbanking,bad,2,20,ICICI,1
4403.83,timeout,upi,good,1,63,None,1
46834.62,soft_decline,card,bad,3,6,Axis,0
18972.0,timeout,card,good,2,51,HDFC,1
28862.64,duplicate,upi,medium,2,18,HDFC,0
39620.96,soft_decline,netbanking,bad,1,45,SBI,0
16283.25,hard_decline,netbanking,medium,3,37,ICICI,0
35836.61,soft_decline,upi,good,1,12,None,1
6857.4,hard_decline,netbanking,medium,2,43,None,0
14635.56,soft_decline,upi,bad,3,21,None,0
7321.06,soft_decline,upi,medium,2,70,ICICI,1
40580.4,soft_decline,upi,good,1,34,Axis,0
11210.2,duplicate,card,medium,1,2,SBI,0
35898.44,timeout,card,bad,2,15,None,1
47170.59,hard_decline,card,medium,1,44,None,0
26435.83,soft_decline,upi,bad,1,15,HDFC,0
27047.46,hard_decline,card,bad,2,65,Axis,0
23105.58,soft_decline,card,good,3,37,SBI,0
16361.92,soft_decline,card,medium,2,23,None,1
23835.19,hard_decline,card,medium,2,49,HDFC,0
30180.1,soft_decline,upi,good,3,56,Axis,1
49300.98,soft_decline,card,good,1,55,None,0
46894.45,hard_decline,card,bad,3,65,HDFC,0
43121.43,timeout,upi,good,2,61,SBI,0
44467.61,soft_decline,netbanking,medium,3,13,None,1
23445.67,soft_decline,card,good,1,65,ICICI,0
32906.47,soft_decline,card,good,3,59,None,1
44763.83,duplicate,netbanking,medium,3,20,Axis,0
19708.24,timeout,card,bad,2,34,ICICI,0
48091.95,hard_decline,netbanking,good,3,29,None,0
20847.72,duplicate,card,good,2,38,None,0
30094.03,hard_decline,card,bad,1,24,None,1
35519.26,duplicate,card,medium,3,43,HDFC,0
47534.54,soft_decline,card,bad,3,58,HDFC,1
12306.35,soft_decline,netbanking,good,2,5,SBI,1
37331.94,timeout,netbanking,bad,2,2,HDFC,1
26088.7,soft_decline,netbanking,medium,1,35,Axis,1
13501.0,timeout,netbanking,medium,2,0,HDFC,1
38852.68,soft_decline,netbanking,good,2,33,None,1
27655.89,timeout,upi,good,1,64,None,1
33082.59,soft_decline,netbanking,bad,2,25,None,0
16212.76,soft_decline,card,good,2,17,None,1
24115.57,duplicate,card,good,2,35,None,0
30905.98,timeout,upi,medium,2,5,SBI,0
20305.05,duplicate,netbanking,medium,1,43,None,0
9998.79,timeout,upi,medium,1,39,ICICI,1
48085.86,timeout,netbanking,medium,2,29,None,1
25622.23,hard_decline,card,medium,3,30,Axis,0
36722.63,soft_decline,upi,medium,1,57,ICICI,1
20611.25,soft_decline,netbanking,bad,3,54,None,0
17821.08,soft_decline,card,medium,2,35,ICICI,0
20417.5,timeout,netbanking,medium,2,29,None,1
20518.91,soft_decline,upi,good,1,47,Axis,0
27254.59,duplicate,upi,bad,3,16,SBI,0
27219.15,hard_decline,netbanking,good,1,26,Axis,0
24907.98,timeout,card,medium,1,62,None,1
6825.81,soft_decline,card,medium,1,13,None,0
24854.17,soft_decline,upi,medium,2,25,None,0
8538.28,duplicate,card,medium,3,42,ICICI,0
6394.18,soft_decline,card,bad,2,0,SBI,0
46639.02,soft_decline,card,good,2,23,HDFC,1
30287.01,soft_decline,netbanking,medium,2,19,HDFC,1
33008.55,soft_decline,card,bad,1,71,HDFC,0
20149.5,soft_decline,card,good,2,7,ICICI,1
45458.15,timeout,netbanking,good,2,29,Axis,1
31932.73,hard_decline,netbanking,medium,2,17,None,0
38481.58,hard_decline,upi,bad,2,12,SBI,0
18491.27,soft_decline,upi,good,2,47,Axis,1
48004.59,timeout,card,good,2,59,ICICI,1
41041.02,timeout,card,medium,3,25,None,0
42712.03,soft_decline,card,good,1,8,None,0
8692.49,soft_decline,upi,medium,2,52,SBI,0
13621.06,soft_decline,card,bad,1,70,HDFC,0
14352.77,timeout,upi,good,3,8,HDFC,1
13618.37,timeout,card,bad,3,25,SBI,1
42784.87,duplicate,card,medium,1,32,SBI,0
1691.05,soft_decline,upi,bad,3,32,None,0
3897.39,hard_decline,netbanking,bad,2,51,HDFC,0
13768.35,soft_decline,card,medium,3,39,HDFC,0
10073.66,soft_decline,card,medium,2,3,HDFC,0
11669.79,hard_decline,card,bad,1,27,SBI,0
39917.37,soft_decline,card,medium,1,53,ICICI,0
28200.02,timeout,upi,good,1,67,ICICI,1
387.96,hard_decline,card,bad,1,48,SBI,0
21523.21,timeout,card,medium,1,5,HDFC,1
20453.46,soft_decline,netbanking,good,1,32,None,1
5785.87,duplicate,upi,bad,2,4,None,0
33839.48,duplicate,card,medium,1,17,ICICI,0
35134.65,duplicate,card,good,3,2,ICICI,0
36072.57,timeout,card,good,2,1,ICICI,1
36450.7,timeout,card,good,2,64,None,1
102.64,hard_decline,upi,bad,2,34,Axis,0
47700.65,soft_decline,upi,bad,2,50,SBI,0
40729.02,timeout,card,medium,1,67,SBI,1
45208.69,timeout,upi,bad,1,34,HDFC,1
880.6,duplicate,card,medium,1,71,None,0
46699.55,hard_decline,card,medium,3,43,None,0
40508.45,soft_decline,netbanking,medium,1,28,None,1
41877.24,timeout,card,medium,1,35,ICICI,1
4755.04,duplicate,card,good,3,41,SBI,0
36965.02,soft_decline,netbanking,good,1,6,SBI,0
47999.84,soft_decline,card,good,1,12,SBI,1
33959.51,hard_decline,card,good,2,21,HDFC,1
28571.01,soft_decline,upi,bad,1,56,None,0
47286.92,soft_decline,upi,bad,3,44,None,0
22202.56,soft_decline,netbanking,bad,2,53,SBI,0
30004.75,timeout,card,good,3,1,ICICI,1
23869.28,soft_decline,card,medium,3,71,Axis,1
46649.03,hard_decline,card,medium,1,56,HDFC,0
3896.63,timeout,upi,medium,2,33,None,1
25105.87,duplicate,card,good,1,43,HDFC,0
34378.93,duplicate,upi,medium,2,68,HDFC,0
39616.14,hard_decline,card,good,2,52,Axis,0
29192.63,duplicate,card,bad,2,61,SBI,0
45455.0,soft_decline,card,medium,3,32,None,1
47105.37,timeout,netbanking,medium,1,68,HDFC,1
3309.53,timeout,netbanking,medium,2,0,ICICI,0
20178.29,soft_decline,netbanking,good,2,34,SBI,1
1270.61,hard_decline,card,good,3,24,SBI,0
16537.89,soft_decline,card,medium,2,3,Axis,1
26889.72,timeout,card,bad,2,66,HDFC,1
45548.67,soft_decline,upi,good,1,9,SBI,0
42343.06,timeout,card,medium,3,19,Axis,0
6462.24,soft_decline,card,good,3,39,None,0
4742.22,soft_decline,card,good,2,66,Axis,0
29504.44,duplicate,card,good,2,14,SBI,0
26652.69,timeout,card,medium,3,27,None,0
13392.24,duplicate,card,medium,2,34,HDFC,0
44982.71,soft_decline,card,bad,2,6,Axis,0
46375.58,soft_decline,card,good,3,53,None,1
20190.31,hard_decline,upi,good,2,41,HDFC,1
44526.1,hard_decline,upi,medium,1,37,None,0
19259.05,soft_decline,card,good,2,63,None,1
36867.16,timeout,upi,good,3,56,HDFC,0
23849.52,soft_decline,card,medium,1,28,ICICI,1
6216.9,soft_decline,card,bad,2,65,HDFC,0
46403.92,soft_decline,upi,medium,1,5,SBI,1
22759.42,hard_decline,netbanking,good,3,1,None,0
36750.9,timeout,upi,medium,1,38,Axis,0
18421.97,hard_decline,card,bad,2,5,Axis,0
1042.16,hard_decline,upi,medium,2,13,HDFC,0
5116.46,soft_decline,card,good,3,17,Axis,1
24861.35,duplicate,card,medium,1,69,None,0
34529.22,duplicate,card,medium,1,21,SBI,0
16803.29,timeout,upi,good,3,12,Axis,1
34804.87,soft_decline,card,medium,3,9,ICICI,1
34961.92,hard_decline,upi,medium,3,26,ICICI,0
35226.4,timeout,upi,bad,3,13,HDFC,0
24676.84,duplicate,card,good,2,8,ICICI,0
45752.82,duplicate,netbanking,good,2,8,ICICI,0
24510.91,timeout,upi,medium,3,56,Axis,0
22568.23,soft_decline,card,medium,3,34,None,0
10049.1,duplicate,card,medium,1,25,ICICI,0
15451.99,timeout,upi,bad,2,40,HDFC,1
2212.49,timeout,card,medium,1,66,SBI,0
31713.41,hard_decline,netbanking,bad,1,29,None,0
12501.93,soft_decline,card,good,2,28,ICICI,1
15277.35,hard_decline,card,bad,3,67,None,0
38563.64,soft_decline,netbanking,medium,2,13,ICICI,1
16428.34,soft_decline,netbanking,good,1,51,None,1
12185.58,timeout,card,good,2,38,SBI,1
8535.98,soft_decline,upi,good,3,20,HDFC,0
38765.43,soft_decline,card,medium,2,70,ICICI,1
6572.34,soft_decline,upi,medium,3,5,None,1
22742.31,hard_decline,netbanking,bad,3,54,HDFC,0
25395.81,duplicate,card,bad,1,39,None,0
34400.76,soft_decline,card,bad,1,69,None,0
31700.85,soft_decline,card,medium,3,24,HDFC,1
40554.96,duplicate,card,bad,3,3,None,0
2333.1,timeout,card,good,1,33,None,1
14892.39,soft_decline,netbanking,medium,3,21,HDFC,1
14078.69,timeout,card,medium,2,55,ICICI,0
7386.24,timeout,card,good,3,45,None,1
14529.99,timeout,upi,good,3,55,SBI,0
15557.29,hard_decline,card,medium,1,26,None,0
26142.03,duplicate,card,good,1,34,None,0
33218.85,soft_decline,card,bad,1,15,ICICI,1
19116.92,soft_decline,upi,bad,2,19,HDFC,0
36001.56,soft_decline,card,good,3,14,None,0
16874.65,hard_decline,upi,medium,3,71,None,1
14585.16,duplicate,card,bad,1,23,HDFC,0
27105.28,hard_decline,upi,good,3,61,None,0
1283.45,soft_decline,upi,bad,3,43,HDFC,0
4081.48,hard_decline,upi,bad,2,13,HDFC,0
20956.68,hard_decline,card,good,3,50,SBI,0
47151.34,duplicate,card,good,2,21,None,0
36103.44,hard_decline,netbanking,bad,3,31,ICICI,0
4497.52,timeout,card,bad,1,24,ICICI,1
42331.27,timeout,card,medium,1,48,HDFC,1
36641.81,timeout,upi,good,3,22,None,1
30586.23,timeout,netbanking,medium,1,36,ICICI,0
41032.62,soft_decline,card,good,2,2,Axis,1
20265.08,timeout,upi,bad,1,59,HDFC,0
11152.9,timeout,upi,bad,2,58,SBI,1
25649.97,timeout,card,medium,3,22,None,1
27487.2,duplicate,upi,good,3,32,None,0
26962.49,timeout,netbanking,bad,1,53,HDFC,1
28297.18,timeout,netbanking,good,3,38,HDFC,0
47440.38,duplicate,card,good,3,24,None,0
45122.06,soft_decline,upi,medium,2,62,Axis,1
43798.28,hard_decline,card,medium,2,58,ICICI,0
40090.7,hard_decline,card,bad,3,30,None,0
47177.06,soft_decline,upi,bad,1,48,ICICI,0
5014.88,timeout,card,medium,1,59,ICICI,0
13329.65,timeout,card,medium,1,63,None,1
24803.29,timeout,card,medium,3,37,ICICI,1
42342.07,duplicate,card,medium,1,70,ICICI,0
25307.77,soft_decline,card,bad,1,7,SBI,0
37426.93,timeout,card,medium,3,12,Axis,1
7034.1,hard_decline,upi,bad,2,25,None,0
12695.45,soft_decline,card,medium,2,9,ICICI,0
36615.63,soft_decline,upi,good,3,55,ICICI,1
8320.23,timeout,netbanking,good,2,3,SBI,1
17632.66,hard_decline,card,medium,1,30,HDFC,1
13316.83,timeout,upi,medium,3,16,Axis,0
17558.1,hard_decline,upi,medium,3,7,Axis,0
35445.37,soft_decline,upi,good,2,51,HDFC,1
18455.57,soft_decline,card,bad,3,36,HDFC,0
27807.64,soft_decline,upi,good,3,19,None,0
5086.6,duplicate,card,medium,1,46,Axis,0
40270.38,soft_decline,card,good,3,50,ICICI,0
18557.44,duplicate,upi,medium,3,57,ICICI,0
32461.85,duplicate,card,medium,3,43,ICICI,0
36296.94,duplicate,upi,medium,3,10,Axis,0
10562.08,hard_decline,upi,medium,2,11,HDFC,0
44245.28,duplicate,upi,medium,3,9,None,0
30849.59,soft_decline,card,medium,1,53,Axis,0
21493.38,soft_decline,netbanking,medium,2,33,HDFC,0
9198.53,soft_decline,upi,bad,3,29,HDFC,1
47120.82,duplicate,card,bad,2,14,Axis,0
37777.9,soft_decline,card,bad,3,7,ICICI,0
10480.43,hard_decline,upi,good,3,39,Axis,0
16951.77,soft_decline,netbanking,bad,2,21,None,0
40502.75,soft_decline,upi,bad,2,4,SBI,0
34814.32,soft_decline,upi,bad,2,19,ICICI,0
38312.64,timeout,card,medium,2,48,Axis,1
22115.94,hard_decline,card,good,1,51,SBI,1
35852.17,duplicate,card,bad,2,65,None,0
19386.04,timeout,upi,bad,1,18,None,0
10642.02,duplicate,card,medium,3,13,Axis,0
31670.58,hard_decline,card,medium,3,6,HDFC,0
48803.09,timeout,card,good,2,56,None,1
15598.99,hard_decline,netbanking,medium,3,9,Axis,0
23102.38,hard_decline,upi,bad,1,21,ICICI,1
33732.67,timeout,card,good,1,4,Axis,0
27121.16,timeout,netbanking,medium,2,23,None,1
42187.05,timeout,card,bad,2,14,SBI,1
38110.96,timeout,card,medium,2,25,None,1
3009.03,soft_decline,card,good,1,54,SBI,1
49921.22,timeout,card,bad,2,17,Axis,1
37644.88,soft_decline,card,good,1,42,SBI,1
43208.78,hard_decline,upi,medium,1,5,SBI,0
32594.77,timeout,upi,bad,3,44,HDFC,1
42828.63,duplicate,upi,bad,3,24,Axis,0
5707.91,soft_decline,upi,bad,2,15,None,0
17452.12,soft_decline,upi,medium,2,54,None,1
43833.41,soft_decline,card,medium,2,55,ICICI,1
10162.6,soft_decline,upi,bad,2,28,None,0
4004.28,timeout,upi,medium,1,63,None,1
39427.14,timeout,netbanking,medium,2,0,HDFC,1
41790.76,timeout,card,medium,3,44,HDFC,0
8216.35,timeout,card,medium,2,25,Axis,1
42731.86,soft_decline,upi,medium,1,49,SBI,1
34369.71,soft_decline,upi,medium,3,26,None,1
26052.13,soft_decline,card,medium,3,34,ICICI,0
41529.48,timeout,upi,bad,2,28,ICICI,0
21020.54,timeout,card,medium,3,6,ICICI,0
9780.3,timeout,netbanking,good,3,61,ICICI,0
14314.15,soft_decline,card,medium,2,70,HDFC,1
25307.68,soft_decline,card,medium,2,33,SBI,1
26613.41,duplicate,card,bad,1,47,SBI,0
40298.48,soft_decline,card,bad,3,4,ICICI,0
39588.5,timeout,card,bad,2,7,SBI,1
29110.19,soft_decline,upi,bad,3,71,ICICI,0
39061.2,soft_decline,netbanking,bad,2,42,SBI,0
9669.5,timeout,card,good,1,51,HDFC,1
2598.22,soft_decline,upi,medium,2,0,HDFC,1
43694.33,timeout,card,medium,2,37,HDFC,0
3870.17,timeout,card,medium,1,6,HDFC,1
12409.75,hard_decline,card,medium,2,55,SBI,0
34796.42,timeout,card,medium,1,45,None,0
20531.45,hard_decline,upi,medium,3,23,SBI,0
43828.07,soft_decline,card,medium,3,34,Axis,1
14969.19,timeout,netbanking,medium,3,41,HDFC,1
692.38,hard_decline,upi,medium,2,66,None,0
15102.72,soft_decline,upi,bad,1,43,HDFC,0
28945.94,duplicate,netbanking,medium,2,3,ICICI,0
18859.32,hard_decline,netbanking,bad,2,23,None,0
26790.15,timeout,upi,bad,2,70,ICICI,0
43842.25,timeout,card,medium,1,18,ICICI,0
45633.0,hard_decline,card,good,2,49,Axis,0
13372.11,hard_decline,upi,medium,2,17,None,0
23160.81,hard_decline,upi,bad,1,27,ICICI,0
27502.29,hard_decline,netbanking,medium,1,28,Axis,0
47460.71,timeout,card,good,3,44,Axis,0
49931.0,timeout,card,medium,1,6,Axis,1
11846.82,soft_decline,card,good,3,44,None,0
36376.3,timeout,netbanking,bad,3,25,HDFC,1
18963.75,duplicate,card,medium,2,69,Axis,0
504.6,hard_decline,card,good,2,48,HDFC,1
561.7,timeout,card,good,2,17,ICICI,1
23082.24,timeout,card,bad,2,39,ICICI,1
24467.91,soft_decline,card,bad,2,17,None,0
1226.23,soft_decline,upi,medium,2,46,HDFC,1
34377.68,timeout,card,medium,2,0,None,1
14770.77,hard_decline,upi,medium,3,32,None,0
28038.67,hard_decline,netbanking,medium,3,38,HDFC,0
15115.86,timeout,netbanking,bad,2,22,None,1
8440.0,timeout,upi,medium,2,13,HDFC,0
20417.97,soft_decline,upi,good,3,43,None,1
11690.44,soft_decline,card,medium,3,36,None,0
26786.57,soft_decline,netbanking,good,1,70,Axis,1
10021.54,hard_decline,card,medium,1,36,Axis,1
25469.46,soft_decline,card,medium,2,27,None,0
7953.19,hard_decline,card,good,2,6,HDFC,0
33581.64,soft_decline,card,bad,2,51,HDFC,0
37721.49,hard_decline,card,medium,3,16,None,0
5608.67,soft_decline,upi,good,2,61,SBI,1
23443.34,hard_decline,upi,medium,2,36,None,0
3636.5,hard_decline,upi,medium,2,13,ICICI,0
29949.3,soft_decline,card,good,1,50,SBI,0
13293.77,duplicate,netbanking,good,1,54,ICICI,0
26428.46,soft_decline,card,good,2,56,None,1
25921.3,timeout,card,medium,3,3,SBI,1
46225.28,duplicate,upi,good,1,48,None,0
27499.25,hard_decline,netbanking,good,2,34,Axis,0
29191.62,timeout,card,bad,1,52,ICICI,1
20142.49,soft_decline,upi,good,3,31,None,1
47459.07,hard_decline,upi,medium,3,9,SBI,0
38881.58,hard_decline,netbanking,good,3,61,None,0
14341.72,soft_decline,card,good,3,1,None,0
42226.06,hard_decline,card,bad,2,62,HDFC,0
21676.58,soft_decline,card,good,3,15,Axis,1
41450.49,timeout,card,good,2,15,None,0
41162.11,duplicate,card,medium,3,2,None,0
9524.62,soft_decline,netbanking,good,2,17,SBI,1
35086.94,soft_decline,card,medium,3,41,None,1
14603.08,hard_decline,netbanking,good,2,31,None,0
14944.88,hard_decline,card,medium,1,49,None,0
14887.77,timeout,netbanking,good,2,48,None,1
36305.86,hard_decline,upi,bad,2,2,SBI,0
11568.32,soft_decline,card,medium,3,71,HDFC,1
145.2,timeout,upi,medium,3,4,None,0
35790.32,timeout,card,medium,1,56,Axis,1
8642.12,hard_decline,card,bad,3,43,HDFC,0
5313.67,hard_decline,card,medium,2,24,None,0
11952.05,soft_decline,card,bad,3,69,None,0
19057.04,soft_decline,upi,medium,3,22,HDFC,1
23847.73,soft_decline,upi,medium,2,9,HDFC,1
2324.05,hard_decline,card,bad,1,9,None,0
48531.61,duplicate,netbanking,bad,3,32,None,0
35831.55,hard_decline,netbanking,good,3,17,ICICI,0
16227.38,soft_decline,card,medium,2,66,SBI,1
16002.99,soft_decline,card,medium,1,26,ICICI,1
22482.27,soft_decline,card,good,1,34,None,1
31349.62,timeout,upi,bad,3,61,SBI,1
7404.02,hard_decline,card,medium,2,17,ICICI,0
9527.6,soft_decline,card,medium,3,6,Axis,0
42985.79,hard_decline,upi,good,2,70,SBI,0
12887.12,soft_decline,upi,good,2,9,SBI,1
19071.73,soft_decline,card,good,3,26,SBI,0
43576.47,soft_decline,netbanking,good,2,67,SBI,1
33191.08,soft_decline,upi,medium,3,66,HDFC,0
17151.42,soft_decline,card,bad,1,54,None,0
34216.61,soft_decline,upi,medium,1,47,HDFC,1
1082.19,timeout,card,good,3,66,None,1
36808.57,timeout,card,good,1,25,ICICI,1
24402.1,timeout,card,medium,1,39,HDFC,0
40677.79,timeout,card,medium,1,70,Axis,1
47736.42,soft_decline,card,bad,1,45,None,1
46296.85,timeout,card,bad,2,66,Axis,1
45472.33,soft_decline,upi,bad,3,10,Axis,0
25657.28,hard_decline,upi,good,3,50,SBI,0
18071.09,hard_decline,card,bad,1,31,SBI,0
23305.26,soft_decline,card,good,3,71,None,1
34525.81,duplicate,upi,medium,3,19,HDFC,0
44211.49,soft_decline,card,medium,3,4,HDFC,1
10428.62,soft_decline,card,medium,2,40,None,1
45917.84,soft_decline,card,good,1,12,ICICI,0
40777.49,soft_decline,netbanking,medium,3,2,None,1
48944.92,soft_decline,netbanking,good,2,14,ICICI,1
44024.56,soft_decline,upi,good,1,55,None,1
14068.87,soft_decline,card,medium,2,42,ICICI,1
5387.2,timeout,upi,bad,2,66,SBI,1
5700.83,soft_decline,card,bad,2,45,HDFC,0
14632.04,soft_decline,card,medium,3,47,Axis,0
30747.77,timeout,upi,good,1,35,SBI,1
40235.58,duplicate,upi,good,1,22,None,0
44972.59,soft_decline,card,good,3,54,HDFC,1
31225.29,soft_decline,card,bad,1,54,ICICI,1
381.0,duplicate,upi,medium,1,53,HDFC,0
9397.21,soft_decline,netbanking,bad,2,64,ICICI,0
5076.34,hard_decline,upi,bad,3,50,ICICI,0
18229.89,soft_decline,card,medium,2,31,ICICI,1
25117.41,duplicate,netbanking,bad,1,19,ICICI,0
2265.52,duplicate,upi,good,1,35,ICICI,0
17489.05,timeout,upi,medium,3,31,ICICI,0
9041.07,soft_decline,card,bad,2,56,ICICI,0
32388.8,hard_decline,card,medium,2,28,None,0
23267.19,soft_decline,card,good,2,45,HDFC,1
24816.35,timeout,card,good,3,34,None,0
21441.82,duplicate,card,bad,2,51,ICICI,0
47805.38,hard_decline,upi,good,2,14,HDFC,0
10815.28,timeout,card,bad,1,50,HDFC,1
25881.55,soft_decline,netbanking,good,1,30,None,1
36827.27,hard_decline,card,medium,2,15,None,1
27886.54,timeout,card,medium,2,35,ICICI,1
46458.14,soft_decline,upi,medium,1,38,ICICI,1
18960.62,soft_decline,card,medium,3,10,None,0
23237.42,soft_decline,card,bad,1,19,None,0
4517.26,timeout,card,medium,2,55,Axis,0
30489.06,timeout,netbanking,bad,3,41,None,0
14481.78,duplicate,netbanking,good,2,46,None,0
8099.42,timeout,upi,good,2,5,None,1
27272.11,hard_decline,upi,good,2,34,ICICI,1
26662.28,soft_decline,card,good,3,7,HDFC,1
3885.99,duplicate,netbanking,medium,2,70,SBI,0
34940.95,hard_decline,netbanking,medium,3,36,ICICI,0
31226.23,timeout,upi,bad,1,49,HDFC,0
9531.96,timeout,upi,good,3,15,ICICI,1
23524.8,timeout,upi,medium,2,8,SBI,1
36044.11,soft_decline,card,bad,2,59,Axis,0
26518.84,soft_decline,netbanking,bad,1,50,ICICI,0
19834.9,timeout,upi,bad,1,45,None,1
16184.69,timeout,upi,bad,1,70,HDFC,1
30558.65,timeout,upi,medium,3,11,None,1
46961.52,hard_decline,netbanking,bad,3,63,Axis,0
33620.07,soft_decline,upi,bad,3,20,HDFC,0
3829.82,timeout,card,bad,3,4,None,1
23088.18,timeout,card,good,1,5,ICICI,1
44552.12,timeout,netbanking,bad,2,42,HDFC,1
4813.68,soft_decline,upi,medium,2,25,HDFC,1
49444.9,duplicate,netbanking,good,3,53,Axis,0
47458.56,hard_decline,netbanking,good,1,2,None,0
4005.9,timeout,upi,bad,1,10,None,0
46677.32,soft_decline,card,medium,1,24,None,1
18220.32,soft_decline,card,bad,2,11,Axis,1
42250.99,timeout,upi,good,2,64,SBI,1
20977.33,soft_decline,card,medium,3,3,ICICI,0
22098.67,hard_decline,upi,medium,2,51,HDFC,0
31748.73,hard_decline,upi,medium,1,64,None,0
38746.42,timeout,card,medium,2,69,None,1
1786.08,soft_decline,upi,medium,2,33,None,0
29698.48,soft_decline,card,good,2,15,None,1
9417.98,duplicate,card,good,3,13,ICICI,0
17362.88,hard_decline,card,good,2,60,HDFC,0
17463.64,soft_decline,netbanking,bad,3,52,None,0
23506.11,soft_decline,card,medium,2,57,None,1
16773.41,duplicate,card,medium,3,62,ICICI,0
5457.32,soft_decline,card,medium,1,12,None,0
7366.87,timeout,card,bad,1,44,HDFC,1
1768.56,hard_decline,upi,good,1,54,Axis,0
23565.43,timeout,card,good,3,32,None,0
47726.94,timeout,netbanking,medium,1,61,None,0
5872.19,hard_decline,card,bad,3,38,None,0
47318.6,soft_decline,upi,medium,3,12,ICICI,0
36694.74,timeout,card,good,3,12,HDFC,0
31911.19,hard_decline,netbanking,medium,1,15,ICICI,0
32299.36,duplicate,card,bad,3,53,Axis,0
41353.71,hard_decline,netbanking,medium,2,29,ICICI,0
5435.3,timeout,upi,medium,1,38,SBI,1
25287.24,soft_decline,upi,medium,2,63,SBI,1
34884.85,timeout,netbanking,bad,1,69,ICICI,1
29382.34,soft_decline,card,bad,3,11,None,0
41655.68,soft_decline,upi,medium,3,1,ICICI,0
3706.36,soft_decline,card,good,3,32,None,1
34565.98,soft_decline,upi,medium,1,14,ICICI,0
26747.98,soft_decline,netbanking,medium,1,51,None,1
19020.13,soft_decline,netbanking,good,3,34,None,0
17079.72,timeout,card,bad,1,37,Axis,1
31079.55,soft_decline,card,medium,2,41,SBI,1
44560.67,timeout,card,good,3,6,None,0
24859.18,soft_decline,card,bad,2,55,SBI,0
41253.69,hard_decline,card,good,2,4,HDFC,0
20167.6,hard_decline,card,bad,1,39,ICICI,0
5209.48,duplicate,netbanking,medium,2,60,HDFC,0
3169.14,timeout,upi,bad,3,64,Axis,1
2661.59,hard_decline,upi,bad,2,65,Axis,1
19069.49,timeout,card,bad,1,67,ICICI,1
16928.16,soft_decline,upi,medium,1,64,HDFC,0
35925.06,hard_decline,netbanking,medium,3,41,Axis,0
37166.79,soft_decline,upi,bad,3,34,HDFC,0
2637.61,soft_decline,card,good,3,65,None,0
11134.05,soft_decline,card,bad,3,24,None,0
13785.67,timeout,netbanking,good,3,5,None,1
27425.84,hard_decline,card,good,2,7,ICICI,0
7311.31,timeout,upi,good,2,34,None,1
6783.67,hard_decline,card,good,1,52,HDFC,0
47195.07,soft_decline,card,bad,2,18,HDFC,0
40229.73,timeout,netbanking,bad,3,8,SBI,0
9114.68,timeout,card,medium,3,32,Axis,1
20387.73,duplicate,card,bad,1,7,None,0
17845.54,hard_decline,card,medium,3,37,ICICI,0
39571.1,timeout,netbanking,bad,1,31,SBI,1
25559.62,timeout,card,bad,2,22,HDFC,0
6479.7,soft_decline,netbanking,good,2,33,SBI,1
36975.7,soft_decline,card,medium,2,45,Axis,1
19904.71,soft_decline,netbanking,medium,1,31,None,0
13219.92,soft_decline,netbanking,bad,3,0,None,0
18837.38,hard_decline,card,medium,1,6,None,0
24938.05,duplicate,card,bad,2,23,SBI,0
17221.46,hard_decline,card,bad,1,1,SBI,0
12171.1,timeout,upi,medium,3,17,None,0
19985.25,timeout,card,bad,1,55,SBI,1
1056.73,soft_decline,card,medium,2,31,None,1
38647.64,soft_decline,card,medium,3,69,None,0
8630.15,hard_decline,card,bad,2,9,None,0
2290.84,timeout,card,good,3,39,HDFC,0
32719.56,duplicate,netbanking,medium,3,33,HDFC,0
38719.41,soft_decline,netbanking,medium,2,32,ICICI,1
40710.07,timeout,card,medium,2,56,None,1
24726.11,soft_decline,upi,bad,2,21,None,0
10347.87,timeout,upi,bad,1,47,Axis,1
36887.66,hard_decline,upi,medium,2,31,HDFC,1
35015.68,soft_decline,upi,medium,3,44,SBI,1
12388.91,soft_decline,upi,bad,1,1,None,0
45180.05,soft_decline,upi,medium,1,54,ICICI,1
5308.14,soft_decline,upi,good,1,58,HDFC,1
49136.14,timeout,card,bad,1,32,None,1
43026.37,soft_decline,card,bad,1,13,Axis,0
34426.14,timeout,card,good,1,67,SBI,1
46943.62,soft_decline,upi,bad,2,65,None,1
36143.33,timeout,card,medium,3,58,None,0
9603.8,timeout,upi,good,2,14,None,1
22163.59,timeout,card,medium,3,30,None,0
3668.0,hard_decline,netbanking,good,1,28,SBI,0
19543.91,soft_decline,card,good,2,46,None,1
37105.99,timeout,upi,bad,2,56,None,1
19383.52,soft_decline,upi,bad,2,57,Axis,0
16581.68,soft_decline,card,good,3,30,Axis,0
29808.25,soft_decline,card,bad,1,52,None,0
43623.01,timeout,netbanking,good,1,63,ICICI,1
2474.4,timeout,card,good,1,1,ICICI,0
19334.97,timeout,netbanking,good,3,59,None,0
7996.21,hard_decline,netbanking,good,2,47,HDFC,1
34798.18,soft_decline,upi,medium,3,47,None,1
5375.66,duplicate,upi,bad,1,60,None,0
33273.91,hard_decline,upi,good,3,3,HDFC,0
14380.43,hard_decline,upi,medium,3,25,None,0
10025.95,hard_decline,netbanking,bad,3,21,HDFC,0
46823.99,soft_decline,card,medium,1,42,ICICI,0
1024.38,soft_decline,card,medium,2,19,None,0
21945.09,hard_decline,card,medium,1,47,ICICI,1
1179.19,soft_decline,upi,good,3,60,HDFC,0
24231.29,soft_decline,card,bad,2,22,SBI,0
25102.26,timeout,netbanking,good,2,60,ICICI,0
16150.96,hard_decline,card,good,1,62,SBI,0
6694.87,hard_decline,netbanking,medium,1,18,HDFC,0
18881.74,timeout,card,medium,2,12,HDFC,1
33645.92,duplicate,card,medium,3,1,SBI,0
39141.55,soft_decline,card,medium,1,50,ICICI,0
26584.46,timeout,card,medium,2,0,HDFC,1
29532.74,hard_decline,card,medium,2,40,Axis,1
10110.76,soft_decline,netbanking,medium,3,9,HDFC,0
14437.78,soft_decline,card,bad,2,2,None,0
8178.59,hard_decline,upi,bad,1,7,HDFC,1
12539.84,timeout,card,medium,2,35,None,0
11321.85,soft_decline,card,good,3,39,None,0
26020.49,hard_decline,upi,medium,3,38,None,0
28178.17,timeout,card,good,3,46,SBI,0
47252.88,hard_decline,netbanking,medium,1,59,HDFC,0
9858.98,timeout,upi,good,1,7,ICICI,1
32119.62,timeout,card,bad,1,36,None,0
40881.24,hard_decline,upi,good,2,62,Axis,0
28056.05,duplicate,card,bad,3,26,ICICI,0
12824.68,soft_decline,upi,good,3,2,SBI,1
13201.26,soft_decline,netbanking,medium,3,38,ICICI,0
2058.73,soft_decline,netbanking,bad,1,5,SBI,0
15341.67,timeout,card,good,3,9,None,1
37255.72,timeout,card,bad,2,28,ICICI,1
2471.14,hard_decline,upi,medium,2,28,ICICI,0
11042.83,soft_decline,netbanking,bad,1,19,SBI,1
35341.0,soft_decline,netbanking,bad,1,65,Axis,0
39154.31,timeout,card,good,1,11,HDFC,1
22820.39,timeout,upi,bad,3,12,ICICI,0
34933.91,timeout,netbanking,good,3,38,ICICI,1
19458.81,timeout,card,good,3,38,None,1
8079.67,hard_decline,netbanking,good,2,44,HDFC,0
19967.66,soft_decline,card,good,2,40,None,0
29040.39,hard_decline,card,medium,3,42,ICICI,0
47407.86,timeout,card,medium,2,61,ICICI,1
3530.67,hard_decline,upi,bad,2,2,SBI,0
25418.97,soft_decline,netbanking,medium,1,8,Axis,0
16513.1,duplicate,upi,bad,3,43,None,0
25464.75,timeout,card,good,2,33,SBI,1
1296.37,soft_decline,card,good,2,18,None,1
15719.97,timeout,upi,bad,3,17,None,0
41011.42,duplicate,upi,bad,3,45,HDFC,0
27741.69,soft_decline,upi,bad,1,40,None,0
22584.07,hard_decline,card,medium,1,48,SBI,1
14347.7,hard_decline,upi,good,3,51,None,0
14972.32,hard_decline,netbanking,good,2,42,None,0
19216.76,timeout,upi,medium,1,9,ICICI,0
41794.98,soft_decline,upi,medium,3,37,Axis,0
48363.94,soft_decline,netbanking,medium,1,37,HDFC,1
21988.9,soft_decline,upi,medium,2,46,ICICI,1
19728.31,soft_decline,upi,bad,2,6,ICICI,1
42342.88,hard_decline,upi,bad,3,11,None,1
21402.58,timeout,card,good,1,51,HDFC,0
27645.71,soft_decline,upi,medium,2,32,SBI,1
11623.99,timeout,netbanking,good,2,23,None,1
37200.78,timeout,card,good,1,47,None,0
26646.22,soft_decline,netbanking,bad,3,30,SBI,0
40470.82,timeout,upi,medium,1,22,Axis,1
39058.56,timeout,card,bad,1,70,SBI,1
10828.74,hard_decline,upi,good,1,71,None,0
35810.21,soft_decline,card,bad,1,14,Axis,0
40022.71,timeout,netbanking,good,1,37,Axis,1
17370.75,duplicate,card,bad,2,27,None,0
8713.19,hard_decline,netbanking,medium,3,20,None,0
231.34,soft_decline,upi,good,3,26,ICICI,1
22600.09,hard_decline,upi,good,2,46,None,0
17686.39,soft_decline,netbanking,good,3,55,None,0
27790.0,hard_decline,card,medium,3,13,ICICI,0
9483.25,soft_decline,upi,bad,1,20,None,1
42997.31,soft_decline,card,medium,3,13,ICICI,0
12961.99,hard_decline,netbanking,medium,1,69,SBI,0
11398.84,soft_decline,upi,bad,3,27,Axis,0
24087.63,hard_decline,netbanking,medium,2,36,ICICI,0
24992.67,soft_decline,netbanking,medium,3,66,HDFC,0
10832.75,soft_decline,card,bad,2,32,SBI,0
13665.85,timeout,card,good,1,11,None,1
8568.29,duplicate,upi,medium,1,11,Axis,0
35951.16,soft_decline,upi,bad,1,50,None,0
38527.44,hard_decline,card,good,1,34,Axis,0
23170.19,soft_decline,card,bad,2,11,SBI,0
35732.94,hard_decline,upi,good,3,18,ICICI,0
36823.18,hard_decline,card,good,1,58,SBI,0
6999.95,soft_decline,netbanking,good,1,12,ICICI,1
48312.28,timeout,netbanking,bad,1,18,HDFC,1
41069.49,soft_decline,upi,bad,2,35,None,0
10303.72,soft_decline,card,good,2,3,Axis,1
9389.64,timeout,card,good,2,12,None,1
6370.49,timeout,upi,medium,3,5,None,0
7005.09,hard_decline,netbanking,medium,3,43,HDFC,0
37433.27,hard_decline,card,bad,1,7,ICICI,0
23535.75,hard_decline,card,bad,2,32,None,1
39168.42,hard_decline,card,bad,3,51,SBI,1
37338.12,soft_decline,upi,medium,3,12,None,0
30270.17,hard_decline,upi,good,2,9,Axis,0
34349.69,hard_decline,card,good,3,33,None,0
1015.95,timeout,card,medium,2,26,None,1
15657.7,timeout,upi,medium,2,57,ICICI,0
31927.33,soft_decline,card,bad,2,66,None,0
566.31,hard_decline,upi,medium,1,43,SBI,0
1745.55,soft_decline,netbanking,good,3,68,Axis,0
42609.21,hard_decline,upi,medium,1,4,SBI,0
34232.84,hard_decline,upi,bad,2,36,None,0
13341.95,timeout,netbanking,bad,3,70,ICICI,1
34429.35,timeout,netbanking,good,3,55,HDFC,0
39643.59,timeout,card,bad,1,50,SBI,1
15409.03,timeout,card,medium,1,55,None,1
1898.27,duplicate,netbanking,medium,3,41,SBI,0
46645.68,timeout,card,medium,1,12,ICICI,0
17324.47,duplicate,netbanking,medium,1,33,Axis,0
5413.44,soft_decline,card,medium,2,33,None,0
24643.66,soft_decline,netbanking,medium,3,52,SBI,0
38446.54,hard_decline,upi,medium,2,2,ICICI,0
11160.2,duplicate,upi,good,2,36,ICICI,0
13547.55,hard_decline,card,good,3,51,SBI,0
12211.48,soft_decline,netbanking,bad,3,5,None,0
49584.49,hard_decline,card,medium,2,20,SBI,1
9950.45,timeout,card,medium,3,44,ICICI,0
28818.46,soft_decline,card,good,2,4,HDFC,0
46270.71,timeout,netbanking,good,2,2,ICICI,1
7430.14,duplicate,card,medium,1,19,SBI,0
48545.62,timeout,upi,good,2,60,SBI,0
47379.11,soft_decline,upi,medium,3,34,Axis,1
44240.14,soft_decline,netbanking,bad,2,31,HDFC,1
10806.37,soft_decline,upi,good,2,18,Axis,1
31739.35,soft_decline,upi,bad,3,14,ICICI,0
38068.48,soft_decline,upi,bad,3,56,ICICI,0
49302.79,timeout,upi,good,1,25,ICICI,1
9103.15,soft_decline,card,medium,3,69,None,0
38324.69,timeout,card,good,2,1,None,1
17006.18,duplicate,card,medium,3,48,HDFC,0
8863.76,soft_decline,card,good,3,47,SBI,1
21126.71,duplicate,card,medium,1,31,SBI,0
39712.41,timeout,upi,medium,2,2,HDFC,1
23296.01,hard_decline,netbanking,good,1,19,None,0
26922.4,soft_decline,card,good,1,36,ICICI,0
49758.45,hard_decline,upi,medium,2,19,SBI,0
20015.55,soft_decline,upi,medium,3,59,Axis,1
30808.5,timeout,card,bad,2,58,SBI,1
18325.69,soft_decline,upi,good,1,41,None,1
19700.0,timeout,netbanking,medium,1,22,Axis,1
34812.47,soft_decline,card,medium,2,40,ICICI,1
46900.56,soft_decline,upi,good,1,26,None,1
27163.71,hard_decline,card,medium,3,45,ICICI,1
38443.16,hard_decline,card,good,3,16,None,1
4551.41,hard_decline,upi,bad,2,1,None,0
10636.79,soft_decline,netbanking,medium,2,14,Axis,0
25156.37,timeout,upi,good,3,56,SBI,1
1098.59,timeout,card,medium,2,40,None,1
12717.46,soft_decline,netbanking,medium,3,13,ICICI,1
25918.32,hard_decline,card,medium,3,7,Axis,0
846.56,hard_decline,upi,good,3,6,None,0
13300.86,soft_decline,card,good,3,66,HDFC,0
25750.14,timeout,netbanking,medium,2,25,Axis,1
28700.15,timeout,upi,good,3,2,None,0
46295.01,timeout,netbanking,medium,3,45,HDFC,1
32302.75,soft_decline,card,bad,1,3,HDFC,0
20795.32,timeout,upi,bad,1,56,ICICI,1
46524.52,soft_decline,upi,medium,1,45,None,1
39265.66,duplicate,upi,medium,1,13,ICICI,0
10080.45,soft_decline,upi,medium,2,2,ICICI,0
6629.03,hard_decline,card,bad,1,12,None,0
33823.0,hard_decline,card,good,1,7,HDFC,1
28038.17,soft_decline,card,good,1,55,None,1
39504.71,timeout,netbanking,good,2,1,None,1
36966.37,timeout,netbanking,medium,3,45,None,0
31298.06,soft_decline,card,good,1,30,HDFC,1
49320.47,timeout,netbanking,good,3,34,ICICI,1
26726.13,hard_decline,card,medium,1,61,ICICI,0
5743.98,soft_decline,card,bad,2,45,HDFC,0
41430.85,duplicate,card,bad,2,23,HDFC,0
12667.48,timeout,netbanking,bad,2,64,None,0
38887.38,soft_decline,upi,medium,3,43,HDFC,1
47859.64,hard_decline,card,bad,2,50,None,0
34870.1,soft_decline,upi,bad,3,45,None,1
29841.91,timeout,card,bad,2,32,HDFC,1
23073.27,duplicate,card,medium,1,63,HDFC,0
18284.05,soft_decline,card,good,1,25,SBI,1
17714.94,timeout,card,good,1,38,Axis,1
31855.0,hard_decline,netbanking,bad,1,57,None,0
37588.53,soft_decline,upi,good,3,25,SBI,0
33958.0,duplicate,card,good,2,66,None,0
10000.66,hard_decline,card,medium,3,56,HDFC,1
24749.96,hard_decline,card,good,3,69,Axis,0
39602.84,timeout,card,bad,1,7,None,1
23837.63,soft_decline,upi,good,2,33,ICICI,0
26877.5,soft_decline,card,good,3,68,None,0
38579.69,duplicate,upi,bad,3,9,SBI,0
33097.14,timeout,card,medium,3,21,None,0
20526.31,timeout,card,bad,3,11,HDFC,0
44781.09,soft_decline,netbanking,medium,2,28,Axis,1
8212.1,hard_decline,card,medium,1,30,None,0
49776.27,duplicate,card,good,1,5,Axis,0
6030.74,soft_decline,card,medium,3,6,SBI,1
846.0,soft_decline,card,good,2,12,SBI,1
44511.94,hard_decline,card,bad,2,62,SBI,0
12323.18,soft_decline,card,good,3,23,ICICI,1
36512.01,soft_decline,netbanking,good,2,18,Axis,1
40569.67,timeout,upi,bad,3,68,None,1
42963.42,duplicate,upi,medium,1,21,ICICI,0
49580.55,hard_decline,card,medium,1,59,None,1
14772.58,timeout,upi,medium,1,21,ICICI,0
35541.14,timeout,card,good,3,16,SBI,0
5858.45,timeout,card,good,3,46,SBI,0
20399.78,soft_decline,card,bad,1,6,HDFC,0
42413.79,soft_decline,card,good,3,16,HDFC,1
18446.14,soft_decline,card,medium,2,61,None,1
29595.66,soft_decline,card,medium,1,62,ICICI,1
25238.29,soft_decline,card,good,2,6,ICICI,1
32332.98,soft_decline,card,bad,2,28,None,1
48647.43,soft_decline,card,medium,3,71,None,1
2881.2,soft_decline,card,bad,3,3,None,0
28740.68,hard_decline,card,good,1,15,None,0
43165.14,soft_decline,card,good,3,58,HDFC,0
24121.0,timeout,card,bad,3,40,HDFC,1
4018.51,soft_decline,card,medium,2,59,None,1
28070.91,timeout,card,medium,3,68,None,0
16670.49,duplicate,upi,bad,1,57,Axis,0
7831.6,timeout,card,medium,3,39,None,1
42466.82,timeout,card,medium,1,57,None,0
26127.82,duplicate,card,good,2,60,HDFC,0
46670.49,soft_decline,card,bad,2,44,ICICI,0
40320.22,duplicate,card,good,2,47,HDFC,0
34679.29,timeout,netbanking,bad,1,10,SBI,0
350.77,timeout,netbanking,good,2,55,ICICI,1
21448.39,soft_decline,card,bad,2,22,SBI,0
9954.57,hard_decline,upi,medium,3,32,HDFC,0
45548.82,timeout,card,good,1,51,None,1
8811.74,timeout,card,medium,2,27,ICICI,0
14374.4,timeout,upi,good,3,3,ICICI,1
25890.15,soft_decline,card,good,3,50,SBI,0
13241.84,soft_decline,card,good,2,9,HDFC,0
10572.25,hard_decline,upi,bad,1,51,ICICI,0
29995.06,soft_decline,upi,good,2,71,None,1
4537.58,soft_decline,netbanking,bad,3,8,None,0
3002.57,soft_decline,upi,good,1,17,HDFC,0
18675.04,soft_decline,upi,medium,3,65,HDFC,1
36061.16,hard_decline,card,bad,2,39,Axis,0
27784.86,soft_decline,card,bad,1,65,ICICI,0
21201.54,duplicate,upi,good,2,21,None,0
28331.0,timeout,netbanking,medium,2,33,SBI,0
18336.03,timeout,card,good,2,47,ICICI,1
46813.7,soft_decline,netbanking,medium,3,15,None,1
2839.75,timeout,card,bad,1,48,ICICI,1
33702.23,hard_decline,card,medium,1,62,ICICI,0
44575.0,duplicate,card,medium,3,39,HDFC,0
40213.85,timeout,card,good,1,55,ICICI,1
9283.65,hard_decline,upi,good,1,47,None,0
14866.72,timeout,card,good,2,36,None,0
35880.69,soft_decline,netbanking,bad,2,11,ICICI,1
4305.1,soft_decline,upi,good,3,31,ICICI,1
40611.9,timeout,card,medium,1,22,SBI,1
35973.46,soft_decline,upi,bad,3,71,ICICI,0
36507.37,soft_decline,card,medium,3,20,Axis,0
5102.04,timeout,upi,bad,3,11,None,1
35916.25,soft_decline,card,medium,3,48,HDFC,0
34022.92,timeout,card,medium,2,46,None,1
41563.03,duplicate,upi,medium,3,61,HDFC,0
2175.64,soft_decline,netbanking,bad,1,37,None,0
1253.22,soft_decline,upi,bad,2,25,ICICI,0
18713.05,soft_decline,upi,medium,2,39,None,0
7524.54,soft_decline,upi,good,3,15,None,1
27963.39,soft_decline,card,medium,2,18,ICICI,0
45875.71,soft_decline,netbanking,medium,2,49,HDFC,1
19634.84,hard_decline,card,bad,2,55,None,0
42263.02,soft_decline,card,medium,2,28,None,0
112.02,timeout,card,medium,2,37,Axis,1
8508.88,timeout,card,medium,2,60,ICICI,1
1618.13,timeout,card,good,1,35,HDFC,1
16474.54,hard_decline,card,bad,2,9,ICICI,0
45418.66,soft_decline,card,good,2,46,ICICI,1
4937.91,timeout,upi,medium,3,43,None,1
30359.85,soft_decline,upi,good,2,61,HDFC,1
22629.65,soft_decline,upi,good,2,6,None,1
46929.56,timeout,card,good,3,68,Axis,1
6213.71,soft_decline,upi,bad,1,18,SBI,1
10680.19,soft_decline,card,medium,1,32,ICICI,1
1574.14,timeout,upi,medium,2,23,SBI,1
21753.37,duplicate,card,bad,1,22,SBI,0
13963.86,soft_decline,upi,medium,1,52,ICICI,1
43508.31,soft_decline,card,medium,1,20,None,1
30286.55,hard_decline,upi,medium,1,36,None,1
30743.13,timeout,netbanking,good,2,48,ICICI,1
26642.34,soft_decline,upi,good,2,24,ICICI,1
4683.33,hard_decline,card,good,3,38,ICICI,0
22306.43,duplicate,card,medium,2,29,None,0
49975.31,soft_decline,netbanking,good,2,42,SBI,1
41777.94,duplicate,card,medium,1,53,None,0
44683.61,duplicate,netbanking,medium,1,31,HDFC,0
41179.0,soft_decline,card,good,2,48,None,1
5241.78,timeout,netbanking,bad,2,1,None,1
11449.67,soft_decline,netbanking,bad,1,46,Axis,0
255.77,timeout,upi,good,2,22,HDFC,1
15245.16,timeout,card,bad,2,5,None,1
5519.51,soft_decline,card,medium,1,40,ICICI,1
23692.39,timeout,netbanking,bad,1,41,None,1
33888.66,timeout,netbanking,good,3,52,None,0
43737.81,soft_decline,card,good,2,71,None,0
37485.94,soft_decline,card,bad,1,38,None,1
46935.42,soft_decline,netbanking,bad,1,9,None,0
2789.52,hard_decline,upi,medium,2,49,HDFC,0
707.77,duplicate,netbanking,bad,2,7,SBI,0
33100.77,timeout,netbanking,medium,1,0,None,1
14538.69,hard_decline,netbanking,good,2,71,None,1
12749.7,hard_decline,card,medium,3,68,None,0
16611.27,soft_decline,card,good,1,0,Axis,1
13562.82,soft_decline,card,bad,1,66,Axis,0
25620.68,hard_decline,netbanking,bad,2,26,ICICI,0
22063.41,hard_decline,card,medium,1,60,SBI,0
25670.18,hard_decline,card,medium,2,47,HDFC,0
33668.41,duplicate,card,bad,3,22,None,0
19417.81,timeout,card,good,3,43,None,0
12640.25,timeout,netbanking,medium,3,39,HDFC,1
8393.41,soft_decline,upi,medium,1,10,SBI,1
17538.76,duplicate,upi,medium,3,10,Axis,0
37116.14,timeout,card,bad,2,30,Axis,1
37859.58,timeout,netbanking,good,2,59,ICICI,1
33378.58,hard_decline,card,medium,3,54,HDFC,0
11778.01,hard_decline,upi,bad,3,23,None,0
29445.5,hard_decline,card,good,2,61,HDFC,0
28577.41,soft_decline,card,medium,3,18,HDFC,0
24264.88,timeout,card,good,3,39,None,0
27543.95,duplicate,upi,medium,3,16,SBI,0
24640.35,soft_decline,upi,bad,2,49,None,0
28316.27,soft_decline,card,good,2,11,None,0
35803.75,timeout,card,bad,3,14,None,0
5570.45,soft_decline,netbanking,medium,2,38,HDFC,1
37506.33,timeout,card,good,3,12,HDFC,0
6880.72,timeout,card,medium,3,18,HDFC,0
3424.74,soft_decline,card,bad,3,56,Axis,0
48806.38,timeout,netbanking,good,1,59,ICICI,1
47853.89,hard_decline,card,medium,1,55,SBI,1
3115.78,timeout,netbanking,medium,3,24,None,0
22218.35,timeout,card,medium,1,3,HDFC,1
9393.62,timeout,card,good,3,51,ICICI,1
24318.71,soft_decline,card,medium,1,6,None,1
41525.84,soft_decline,upi,bad,3,67,HDFC,0
47535.53,soft_decline,card,bad,1,69,None,1
31749.21,hard_decline,upi,good,2,44,Axis,0
17759.89,timeout,card,medium,2,8,HDFC,1
30205.95,hard_decline,card,good,1,8,ICICI,0
15668.87,timeout,netbanking,medium,3,2,HDFC,1
45500.2,soft_decline,upi,good,1,62,Axis,0
43532.98,soft_decline,card,good,1,1,ICICI,0
27955.76,timeout,upi,bad,2,30,SBI,1
16307.47,hard_decline,upi,good,2,37,HDFC,0
14740.14,timeout,card,medium,2,6,ICICI,1
1767.56,soft_decline,card,bad,1,9,None,0
40809.46,duplicate,card,bad,2,58,HDFC,0
22574.12,hard_decline,card,good,2,0,None,1
16324.13,timeout,upi,medium,2,36,None,1
23608.41,soft_decline,card,medium,3,24,ICICI,0
40955.03,hard_decline,card,medium,3,65,None,0
6318.25,duplicate,card,bad,1,4,HDFC,0
42897.03,timeout,netbanking,bad,2,55,HDFC,1
44885.69,soft_decline,upi,bad,1,41,SBI,0
47340.72,soft_decline,card,good,1,63,SBI,1
19934.65,hard_decline,card,medium,2,48,None,0
10935.31,soft_decline,card,medium,1,45,None,1
